id_movimiento,codigo_producto,tipo,cantidad,fecha
1,BROD-2P,E,35,2024-09-01
2,BROD-4P,E,40,2024-09-01
3,CABL-12,E,8,2024-09-01
4,CABL-14,E,12,2024-09-01
5,CALAD-1,E,11,2024-09-01
6,CINT-5M,E,17,2024-09-01
7,CLAV-2P,E,90,2024-09-01
8,CLAV-3P,E,35,2024-09-01
9,CODE-1P,E,250,2024-09-01
10,CODE-2P,E,115,2024-09-01
11,DEST-PH2,E,31,2024-09-01
12,DEST-PL6,E,26,2024-09-01
13,ESMA-BL,E,24,2024-09-01
14,ESMA-NG,E,17,2024-09-01
15,ESMER-1,E,8,2024-09-01
16,ESMER-2,E,5,2024-09-01
17,FOCOS-L15,E,90,2024-09-01
18,FOCOS-L9,E,110,2024-09-01
19,INTE-SNC,E,100,2024-09-01
20,LIAV-10,E,16,2024-09-01
21,LIJAD-1,E,14,2024-09-01
22,LLAV-12,E,19,2024-09-01
23,LLAV-1P,E,13,2024-09-01
24,MART-1A,E,30,2024-09-01
25,MART-2A,E,19,2024-09-01
26,NIVE-60,E,18,2024-09-01
27,PINT-BG,E,27,2024-09-01
28,PINT-BL,E,60,2024-09-01
29,PINT-GR,E,33,2024-09-01
30,PLIE-6P,E,21,2024-09-01
31,PLIE-8P,E,18,2024-09-01
32,ROLLO-1,E,25,2024-09-01
33,ROND-M6,E,1550,2024-09-01
34,ROND-M8,E,1400,2024-09-01
35,SELL-TF,E,250,2024-09-01
36,SIER-C1,E,4,2024-09-01
37,SIER-HK,E,24,2024-09-01
38,SOPLA-1,E,4,2024-09-01
39,TABL-1P,E,8,2024-09-01
40,TABL-2P,E,13,2024-09-01
41,TALDR-1,E,8,2024-09-01
42,TALDR-2,E,5,2024-09-01
43,TOMA-DBL,E,50,2024-09-01
44,TOMA-SNC,E,100,2024-09-01
45,TORN-M10,E,450,2024-09-01
46,TORN-M4,E,950,2024-09-01
47,TORN-M6,E,650,2024-09-01
48,TORN-M8,E,800,2024-09-01
49,TUBO-1P,E,30,2024-09-01
50,TUBO-2P,E,28,2024-09-01
51,TURC-M6,E,2000,2024-09-01
52,TURC-M8,E,2000,2024-09-01
53,CINT-5M,S,2,2024-09-02
54,CLAV-2P,S,1,2024-09-02
55,CLAV-3P,S,4,2024-09-02
56,CODE-1P,S,2,2024-09-02
57,ESMA-NG,S,1,2024-09-02
58,FOCOS-L15,S,2,2024-09-02
59,FOCOS-L9,S,4,2024-09-02
60,LIJAD-1,S,1,2024-09-02
61,LLAV-12,S,1,2024-09-02
62,PINT-BG,S,1,2024-09-02
63,PINT-BL,S,5,2024-09-02
64,ROND-M6,S,22,2024-09-02
65,ROND-M8,S,19,2024-09-02
66,TALDR-2,S,1,2024-09-02
67,TOMA-SNC,S,1,2024-09-02
68,TORN-M10,S,5,2024-09-02
69,TORN-M4,S,4,2024-09-02
70,TORN-M6,S,5,2024-09-02
71,TORN-M8,S,28,2024-09-02
72,TUBO-1P,S,1,2024-09-02
73,TURC-M6,S,51,2024-09-02
74,TURC-M8,S,27,2024-09-02
75,CLAV-2P,S,1,2024-09-03
76,CLAV-3P,S,5,2024-09-03
77,CODE-1P,S,10,2024-09-03
78,ESMA-BL,S,1,2024-09-03
79,FOCOS-L15,S,1,2024-09-03
80,FOCOS-L9,S,3,2024-09-03
81,LIJAD-1,S,1,2024-09-03
82,MART-1A,S,1,2024-09-03
83,NIVE-60,S,2,2024-09-03
84,PINT-BL,S,4,2024-09-03
85,ROND-M6,S,32,2024-09-03
86,ROND-M8,S,13,2024-09-03
87,SELL-TF,S,3,2024-09-03
88,SIER-C1,S,1,2024-09-03
89,TOMA-SNC,S,12,2024-09-03
90,TORN-M10,S,11,2024-09-03
91,TORN-M4,S,4,2024-09-03
92,TORN-M6,S,3,2024-09-03
93,TORN-M8,S,3,2024-09-03
94,TURC-M6,S,22,2024-09-03
95,TURC-M8,S,8,2024-09-03
96,CLAV-3P,S,1,2024-09-04
97,CODE-1P,S,6,2024-09-04
98,CODE-2P,S,4,2024-09-04
99,ESMA-NG,S,4,2024-09-04
100,ESMER-1,S,1,2024-09-04
101,FOCOS-L15,S,2,2024-09-04
102,FOCOS-L9,S,2,2024-09-04
103,INTE-SNC,S,1,2024-09-04
104,LIAV-10,S,1,2024-09-04
105,LIJAD-1,S,1,2024-09-04
106,NIVE-60,S,1,2024-09-04
107,PINT-BG,S,2,2024-09-04
108,PINT-BL,S,1,2024-09-04
109,PINT-GR,S,2,2024-09-04
110,PLIE-6P,S,1,2024-09-04
111,ROND-M6,S,106,2024-09-04
112,ROND-M8,S,4,2024-09-04
113,SELL-TF,S,2,2024-09-04
114,TOMA-SNC,S,8,2024-09-04
115,TORN-M10,S,5,2024-09-04
116,TORN-M4,S,10,2024-09-04
117,TORN-M6,S,1,2024-09-04
118,TORN-M8,S,36,2024-09-04
119,TURC-M6,S,69,2024-09-04
120,TURC-M8,S,16,2024-09-04
121,CABL-12,E,55,2024-09-05
122,CINT-5M,S,2,2024-09-05
123,CLAV-3P,S,8,2024-09-05
124,CODE-1P,S,2,2024-09-05
125,CODE-2P,S,1,2024-09-05
126,ESMA-NG,S,2,2024-09-05
127,ESMER-2,S,1,2024-09-05
128,FOCOS-L15,S,3,2024-09-05
129,FOCOS-L9,S,5,2024-09-05
130,INTE-SNC,S,1,2024-09-05
131,LLAV-12,S,1,2024-09-05
132,MART-2A,S,1,2024-09-05
133,PINT-BL,S,4,2024-09-05
134,PLIE-8P,S,1,2024-09-05
135,ROND-M6,S,39,2024-09-05
136,ROND-M8,S,22,2024-09-05
137,SELL-TF,S,1,2024-09-05
138,TALDR-1,S,1,2024-09-05
139,TOMA-SNC,S,16,2024-09-05
140,TORN-M10,S,11,2024-09-05
141,TORN-M4,S,5,2024-09-05
142,TORN-M6,S,9,2024-09-05
143,TORN-M8,S,19,2024-09-05
144,TURC-M6,S,176,2024-09-05
145,TURC-M8,S,27,2024-09-05
146,TOMA-SNC,E,530,2024-09-06
147,CLAV-3P,S,3,2024-09-06
148,CODE-2P,S,3,2024-09-06
149,ESMA-NG,S,1,2024-09-06
150,FOCOS-L9,S,5,2024-09-06
151,LIJAD-1,S,1,2024-09-06
152,PINT-BL,S,5,2024-09-06
153,PINT-GR,S,1,2024-09-06
154,ROND-M6,S,45,2024-09-06
155,ROND-M8,S,3,2024-09-06
156,TOMA-DBL,S,1,2024-09-06
157,TOMA-SNC,S,7,2024-09-06
158,TORN-M10,S,1,2024-09-06
159,TORN-M4,S,1,2024-09-06
160,TORN-M6,S,7,2024-09-06
161,TORN-M8,S,5,2024-09-06
162,TURC-M6,S,55,2024-09-06
163,TURC-M8,S,3,2024-09-06
164,BROD-4P,S,1,2024-09-07
165,CLAV-3P,S,5,2024-09-07
166,CODE-1P,S,3,2024-09-07
167,CODE-2P,S,4,2024-09-07
168,DEST-PH2,S,1,2024-09-07
169,ESMA-NG,S,2,2024-09-07
170,FOCOS-L15,S,3,2024-09-07
171,LIJAD-1,S,1,2024-09-07
172,MART-2A,S,1,2024-09-07
173,PINT-BG,S,1,2024-09-07
174,ROND-M6,S,13,2024-09-07
175,ROND-M8,S,18,2024-09-07
176,SOPLA-1,S,1,2024-09-07
177,TOMA-SNC,S,10,2024-09-07
178,TORN-M10,S,5,2024-09-07
179,TORN-M4,S,2,2024-09-07
180,TORN-M6,S,5,2024-09-07
181,TORN-M8,S,6,2024-09-07
182,TURC-M6,S,21,2024-09-07
183,TURC-M8,S,50,2024-09-07
184,CLAV-3P,E,150,2024-09-09
185,ESMA-NG,E,42,2024-09-09
186,CALAD-1,S,1,2024-09-09
187,CLAV-3P,S,1,2024-09-09
188,CODE-1P,S,4,2024-09-09
189,CODE-2P,S,2,2024-09-09
190,DEST-PL6,S,1,2024-09-09
191,ESMA-NG,S,1,2024-09-09
192,FOCOS-L15,S,4,2024-09-09
193,FOCOS-L9,S,1,2024-09-09
194,LIJAD-1,S,1,2024-09-09
195,MART-2A,S,1,2024-09-09
196,NIVE-60,S,1,2024-09-09
197,PINT-BL,S,7,2024-09-09
198,PINT-GR,S,2,2024-09-09
199,PLIE-6P,S,1,2024-09-09
200,PLIE-8P,S,1,2024-09-09
201,ROND-M6,S,30,2024-09-09
202,ROND-M8,S,34,2024-09-09
203,SELL-TF,S,2,2024-09-09
204,TOMA-DBL,S,1,2024-09-09
205,TOMA-SNC,S,4,2024-09-09
206,TORN-M10,S,4,2024-09-09
207,TORN-M4,S,2,2024-09-09
208,TORN-M8,S,51,2024-09-09
209,TURC-M6,S,20,2024-09-09
210,TURC-M8,S,16,2024-09-09
211,CLAV-2P,S,1,2024-09-10
212,CODE-1P,S,24,2024-09-10
213,CODE-2P,S,2,2024-09-10
214,ESMA-NG,S,2,2024-09-10
215,FOCOS-L15,S,2,2024-09-10
216,FOCOS-L9,S,2,2024-09-10
217,PINT-BL,S,13,2024-09-10
218,ROND-M6,S,14,2024-09-10
219,ROND-M8,S,31,2024-09-10
220,SELL-TF,S,1,2024-09-10
221,TOMA-SNC,S,18,2024-09-10
222,TORN-M10,S,20,2024-09-10
223,TORN-M4,S,9,2024-09-10
224,TORN-M6,S,3,2024-09-10
225,TORN-M8,S,24,2024-09-10
226,TURC-M6,S,140,2024-09-10
227,TURC-M8,S,50,2024-09-10
228,PINT-BL,E,195,2024-09-11
229,CLAV-2P,S,1,2024-09-11
230,CLAV-3P,S,2,2024-09-11
231,CODE-1P,S,4,2024-09-11
232,CODE-2P,S,3,2024-09-11
233,ESMA-NG,S,1,2024-09-11
234,FOCOS-L15,S,2,2024-09-11
235,LIJAD-1,S,1,2024-09-11
236,PINT-BL,S,1,2024-09-11
237,PLIE-6P,S,2,2024-09-11
238,ROND-M6,S,37,2024-09-11
239,ROND-M8,S,9,2024-09-11
240,SOPLA-1,S,1,2024-09-11
241,TOMA-DBL,S,1,2024-09-11
242,TOMA-SNC,S,5,2024-09-11
243,TORN-M10,S,3,2024-09-11
244,TORN-M4,S,4,2024-09-11
245,TORN-M6,S,18,2024-09-11
246,TORN-M8,S,10,2024-09-11
247,TURC-M6,S,41,2024-09-11
248,TURC-M8,S,25,2024-09-11
249,BROD-4P,S,1,2024-09-12
250,CLAV-3P,S,5,2024-09-12
251,CODE-1P,S,5,2024-09-12
252,CODE-2P,S,1,2024-09-12
253,DEST-PH2,S,1,2024-09-12
254,DEST-PL6,S,1,2024-09-12
255,FOCOS-L9,S,11,2024-09-12
256,LIAV-10,S,2,2024-09-12
257,LIJAD-1,S,5,2024-09-12
258,LLAV-12,S,2,2024-09-12
259,MART-2A,S,1,2024-09-12
260,PINT-BL,S,2,2024-09-12
261,PINT-GR,S,1,2024-09-12
262,ROND-M6,S,51,2024-09-12
263,ROND-M8,S,66,2024-09-12
264,SELL-TF,S,1,2024-09-12
265,SOPLA-1,S,1,2024-09-12
266,TOMA-SNC,S,29,2024-09-12
267,TORN-M10,S,4,2024-09-12
268,TORN-M4,S,3,2024-09-12
269,TORN-M6,S,1,2024-09-12
270,TORN-M8,S,6,2024-09-12
271,TURC-M6,S,153,2024-09-12
272,TURC-M8,S,37,2024-09-12
273,CLAV-3P,S,3,2024-09-13
274,CODE-1P,S,4,2024-09-13
275,ESMA-NG,S,1,2024-09-13
276,FOCOS-L15,S,2,2024-09-13
277,FOCOS-L9,S,1,2024-09-13
278,LIAV-10,S,1,2024-09-13
279,LLAV-12,S,1,2024-09-13
280,PINT-BL,S,3,2024-09-13
281,ROND-M6,S,22,2024-09-13
282,ROND-M8,S,21,2024-09-13
283,SIER-HK,S,1,2024-09-13
284,TOMA-DBL,S,1,2024-09-13
285,TOMA-SNC,S,23,2024-09-13
286,TORN-M10,S,12,2024-09-13
287,TORN-M4,S,3,2024-09-13
288,TORN-M6,S,5,2024-09-13
289,TORN-M8,S,7,2024-09-13
290,TURC-M6,S,37,2024-09-13
291,TURC-M8,S,19,2024-09-13
292,CLAV-3P,S,1,2024-09-14
293,CODE-1P,S,5,2024-09-14
294,CODE-2P,S,1,2024-09-14
295,FOCOS-L15,S,1,2024-09-14
296,FOCOS-L9,S,3,2024-09-14
297,LLAV-12,S,1,2024-09-14
298,MART-1A,S,1,2024-09-14
299,PINT-BG,S,1,2024-09-14
300,PINT-BL,S,1,2024-09-14
301,PLIE-8P,S,2,2024-09-14
302,ROLLO-1,S,1,2024-09-14
303,ROND-M6,S,16,2024-09-14
304,ROND-M8,S,20,2024-09-14
305,TABL-1P,S,1,2024-09-14
306,TALDR-1,S,1,2024-09-14
307,TOMA-SNC,S,11,2024-09-14
308,TORN-M10,S,10,2024-09-14
309,TORN-M4,S,2,2024-09-14
310,TORN-M6,S,8,2024-09-14
311,TORN-M8,S,14,2024-09-14
312,TURC-M6,S,42,2024-09-14
313,TURC-M8,S,14,2024-09-14
314,LIJAD-1,E,48,2024-09-16
315,BROD-2P,S,1,2024-09-16
316,CODE-1P,S,6,2024-09-16
317,CODE-2P,S,2,2024-09-16
318,FOCOS-L15,S,1,2024-09-16
319,FOCOS-L9,S,4,2024-09-16
320,INTE-SNC,S,1,2024-09-16
321,LIJAD-1,S,1,2024-09-16
322,MART-2A,S,1,2024-09-16
323,PINT-BG,S,2,2024-09-16
324,PINT-BL,S,11,2024-09-16
325,ROND-M6,S,18,2024-09-16
326,ROND-M8,S,21,2024-09-16
327,SELL-TF,S,1,2024-09-16
328,TOMA-SNC,S,13,2024-09-16
329,TORN-M10,S,21,2024-09-16
330,TORN-M4,S,3,2024-09-16
331,TORN-M6,S,2,2024-09-16
332,TORN-M8,S,6,2024-09-16
333,TURC-M6,S,19,2024-09-16
334,TURC-M8,S,24,2024-09-16
335,CLAV-3P,S,3,2024-09-17
336,CODE-1P,S,1,2024-09-17
337,DEST-PH2,S,1,2024-09-17
338,ESMA-NG,S,3,2024-09-17
339,FOCOS-L15,S,1,2024-09-17
340,FOCOS-L9,S,5,2024-09-17
341,LIAV-10,S,1,2024-09-17
342,LLAV-12,S,1,2024-09-17
343,MART-2A,S,1,2024-09-17
344,PINT-BG,S,2,2024-09-17
345,PINT-BL,S,3,2024-09-17
346,ROND-M6,S,44,2024-09-17
347,ROND-M8,S,6,2024-09-17
348,TOMA-SNC,S,3,2024-09-17
349,TORN-M10,S,5,2024-09-17
350,TORN-M4,S,9,2024-09-17
351,TORN-M6,S,3,2024-09-17
352,TORN-M8,S,9,2024-09-17
353,TURC-M6,S,50,2024-09-17
354,TURC-M8,S,6,2024-09-17
355,CINT-5M,S,1,2024-09-18
356,CLAV-2P,S,1,2024-09-18
357,CLAV-3P,S,3,2024-09-18
358,CODE-1P,S,1,2024-09-18
359,CODE-2P,S,1,2024-09-18
360,ESMA-NG,S,3,2024-09-18
361,FOCOS-L15,S,1,2024-09-18
362,FOCOS-L9,S,1,2024-09-18
363,INTE-SNC,S,1,2024-09-18
364,LIJAD-1,S,1,2024-09-18
365,LLAV-12,S,2,2024-09-18
366,MART-2A,S,1,2024-09-18
367,PINT-BG,S,1,2024-09-18
368,PINT-BL,S,2,2024-09-18
369,PINT-GR,S,1,2024-09-18
370,ROND-M6,S,33,2024-09-18
371,ROND-M8,S,21,2024-09-18
372,SIER-HK,S,1,2024-09-18
373,TORN-M10,S,16,2024-09-18
374,TORN-M4,S,3,2024-09-18
375,TORN-M6,S,2,2024-09-18
376,TORN-M8,S,41,2024-09-18
377,TURC-M6,S,46,2024-09-18
378,TURC-M8,S,23,2024-09-18
379,CLAV-3P,S,8,2024-09-19
380,CODE-1P,S,3,2024-09-19
381,ESMA-BL,S,2,2024-09-19
382,FOCOS-L9,S,1,2024-09-19
383,LLAV-12,S,1,2024-09-19
384,NIVE-60,S,1,2024-09-19
385,PINT-BG,S,1,2024-09-19
386,ROND-M6,S,60,2024-09-19
387,ROND-M8,S,20,2024-09-19
388,SELL-TF,S,2,2024-09-19
389,TOMA-SNC,S,3,2024-09-19
390,TORN-M10,S,9,2024-09-19
391,TORN-M4,S,3,2024-09-19
392,TORN-M6,S,10,2024-09-19
393,TORN-M8,S,6,2024-09-19
394,TURC-M6,S,145,2024-09-19
395,TURC-M8,S,17,2024-09-19
396,CABL-12,S,9,2024-09-20
397,CLAV-3P,S,5,2024-09-20
398,CODE-1P,S,4,2024-09-20
399,CODE-2P,S,3,2024-09-20
400,ESMA-NG,S,1,2024-09-20
401,FOCOS-L15,S,1,2024-09-20
402,FOCOS-L9,S,8,2024-09-20
403,INTE-SNC,S,1,2024-09-20
404,LIJAD-1,S,2,2024-09-20
405,LLAV-12,S,1,2024-09-20
406,MART-2A,S,1,2024-09-20
407,PINT-BG,S,1,2024-09-20
408,PLIE-6P,S,1,2024-09-20
409,ROND-M6,S,78,2024-09-20
410,ROND-M8,S,66,2024-09-20
411,SELL-TF,S,2,2024-09-20
412,TOMA-SNC,S,9,2024-09-20
413,TORN-M10,S,1,2024-09-20
414,TORN-M4,S,1,2024-09-20
415,TORN-M6,S,6,2024-09-20
416,TORN-M8,S,3,2024-09-20
417,TUBO-2P,S,27,2024-09-20
418,TURC-M6,S,21,2024-09-20
419,TURC-M8,S,57,2024-09-20
420,CLAV-3P,S,1,2024-09-21
421,CODE-1P,S,2,2024-09-21
422,CODE-2P,S,1,2024-09-21
423,FOCOS-L15,S,2,2024-09-21
424,FOCOS-L9,S,5,2024-09-21
425,LIJAD-1,S,2,2024-09-21
426,LLAV-12,S,1,2024-09-21
427,MART-2A,S,2,2024-09-21
428,PINT-BG,S,1,2024-09-21
429,PINT-BL,S,3,2024-09-21
430,PLIE-6P,S,1,2024-09-21
431,ROND-M6,S,40,2024-09-21
432,ROND-M8,S,34,2024-09-21
433,SELL-TF,S,2,2024-09-21
434,TOMA-SNC,S,13,2024-09-21
435,TORN-M4,S,5,2024-09-21
436,TORN-M6,S,9,2024-09-21
437,TORN-M8,S,17,2024-09-21
438,TUBO-1P,S,1,2024-09-21
439,TURC-M6,S,67,2024-09-21
440,TURC-M8,S,35,2024-09-21
441,FOCOS-L9,E,130,2024-09-23
442,CLAV-3P,S,4,2024-09-23
443,CODE-1P,S,8,2024-09-23
444,CODE-2P,S,1,2024-09-23
445,ESMA-NG,S,1,2024-09-23
446,FOCOS-L15,S,2,2024-09-23
447,FOCOS-L9,S,2,2024-09-23
448,INTE-SNC,S,1,2024-09-23
449,LIAV-10,S,1,2024-09-23
450,LLAV-12,S,1,2024-09-23
451,MART-2A,S,1,2024-09-23
452,PINT-GR,S,1,2024-09-23
453,ROLLO-1,S,1,2024-09-23
454,ROND-M6,S,12,2024-09-23
455,ROND-M8,S,29,2024-09-23
456,SIER-HK,S,1,2024-09-23
457,TOMA-SNC,S,3,2024-09-23
458,TORN-M10,S,11,2024-09-23
459,TORN-M4,S,2,2024-09-23
460,TORN-M6,S,6,2024-09-23
461,TORN-M8,S,11,2024-09-23
462,TURC-M6,S,89,2024-09-23
463,TURC-M8,S,14,2024-09-23
464,SOPLA-1,E,4,2024-09-24
465,CODE-1P,S,4,2024-09-24
466,DEST-PH2,S,2,2024-09-24
467,ESMA-NG,S,3,2024-09-24
468,FOCOS-L15,S,1,2024-09-24
469,FOCOS-L9,S,3,2024-09-24
470,LLAV-12,S,1,2024-09-24
471,MART-2A,S,1,2024-09-24
472,PINT-BG,S,1,2024-09-24
473,ROND-M6,S,33,2024-09-24
474,ROND-M8,S,62,2024-09-24
475,TOMA-SNC,S,7,2024-09-24
476,TORN-M10,S,6,2024-09-24
477,TORN-M4,S,2,2024-09-24
478,TORN-M6,S,6,2024-09-24
479,TORN-M8,S,4,2024-09-24
480,TURC-M6,S,80,2024-09-24
481,TURC-M8,S,75,2024-09-24
482,LLAV-12,E,35,2024-09-25
483,BROD-2P,S,1,2024-09-25
484,CINT-5M,S,2,2024-09-25
485,CLAV-3P,S,4,2024-09-25
486,CODE-1P,S,6,2024-09-25
487,CODE-2P,S,2,2024-09-25
488,FOCOS-L9,S,1,2024-09-25
489,INTE-SNC,S,1,2024-09-25
490,LIJAD-1,S,1,2024-09-25
491,NIVE-60,S,1,2024-09-25
492,PINT-BG,S,1,2024-09-25
493,PINT-BL,S,3,2024-09-25
494,PINT-GR,S,1,2024-09-25
495,ROLLO-1,S,1,2024-09-25
496,ROND-M6,S,16,2024-09-25
497,ROND-M8,S,12,2024-09-25
498,TALDR-1,S,1,2024-09-25
499,TOMA-SNC,S,2,2024-09-25
500,TORN-M10,S,6,2024-09-25
501,TORN-M4,S,3,2024-09-25
502,TORN-M6,S,11,2024-09-25
503,TORN-M8,S,9,2024-09-25
504,TUBO-1P,S,1,2024-09-25
505,TURC-M6,S,14,2024-09-25
506,TURC-M8,S,15,2024-09-25
507,MART-2A,E,45,2024-09-26
508,ROND-M6,E,2050,2024-09-26
509,TUBO-2P,E,45,2024-09-26
510,CLAV-3P,S,9,2024-09-26
511,CODE-1P,S,5,2024-09-26
512,CODE-2P,S,2,2024-09-26
513,ESMA-NG,S,1,2024-09-26
514,FOCOS-L15,S,1,2024-09-26
515,FOCOS-L9,S,2,2024-09-26
516,INTE-SNC,S,1,2024-09-26
517,LIJAD-1,S,1,2024-09-26
518,PINT-BL,S,4,2024-09-26
519,ROND-M6,S,37,2024-09-26
520,ROND-M8,S,16,2024-09-26
521,SELL-TF,S,1,2024-09-26
522,TORN-M10,S,14,2024-09-26
523,TORN-M4,S,15,2024-09-26
524,TORN-M6,S,5,2024-09-26
525,TORN-M8,S,13,2024-09-26
526,TURC-M6,S,14,2024-09-26
527,TURC-M8,S,17,2024-09-26
528,BROD-4P,S,1,2024-09-27
529,CLAV-3P,S,3,2024-09-27
530,CODE-1P,S,6,2024-09-27
531,CODE-2P,S,2,2024-09-27
532,INTE-SNC,S,1,2024-09-27
533,LIAV-10,S,2,2024-09-27
534,MART-2A,S,2,2024-09-27
535,NIVE-60,S,2,2024-09-27
536,PINT-BG,S,2,2024-09-27
537,PINT-BL,S,2,2024-09-27
538,ROND-M6,S,52,2024-09-27
539,ROND-M8,S,42,2024-09-27
540,SELL-TF,S,1,2024-09-27
541,TOMA-SNC,S,6,2024-09-27
542,TORN-M10,S,6,2024-09-27
543,TORN-M4,S,5,2024-09-27
544,TORN-M6,S,4,2024-09-27
545,TORN-M8,S,6,2024-09-27
546,TURC-M6,S,113,2024-09-27
547,TURC-M8,S,10,2024-09-27
548,CLAV-3P,S,6,2024-09-28
549,CODE-1P,S,4,2024-09-28
550,DEST-PL6,S,2,2024-09-28
551,ESMA-NG,S,3,2024-09-28
552,ESMER-1,S,2,2024-09-28
553,FOCOS-L15,S,3,2024-09-28
554,FOCOS-L9,S,1,2024-09-28
555,LIJAD-1,S,1,2024-09-28
556,MART-2A,S,1,2024-09-28
557,PINT-BL,S,2,2024-09-28
558,PINT-GR,S,1,2024-09-28
559,ROND-M6,S,9,2024-09-28
560,ROND-M8,S,16,2024-09-28
561,TOMA-SNC,S,31,2024-09-28
562,TORN-M10,S,6,2024-09-28
563,TORN-M4,S,5,2024-09-28
564,TORN-M6,S,6,2024-09-28
565,TORN-M8,S,6,2024-09-28
566,TUBO-1P,S,2,2024-09-28
567,TURC-M6,S,40,2024-09-28
568,TURC-M8,S,38,2024-09-28
569,PINT-BG,E,37,2024-09-30
570,CLAV-3P,S,1,2024-09-30
571,CODE-1P,S,4,2024-09-30
572,DEST-PH2,S,1,2024-09-30
573,FOCOS-L9,S,1,2024-09-30
574,INTE-SNC,S,1,2024-09-30
575,LIAV-10,S,1,2024-09-30
576,LLAV-12,S,1,2024-09-30
577,PINT-BG,S,1,2024-09-30
578,PINT-BL,S,1,2024-09-30
579,PINT-GR,S,1,2024-09-30
580,ROND-M6,S,22,2024-09-30
581,ROND-M8,S,6,2024-09-30
582,SELL-TF,S,1,2024-09-30
583,SIER-HK,S,1,2024-09-30
584,TOMA-DBL,S,2,2024-09-30
585,TOMA-SNC,S,6,2024-09-30
586,TORN-M10,S,9,2024-09-30
587,TORN-M4,S,4,2024-09-30
588,TORN-M6,S,3,2024-09-30
589,TORN-M8,S,32,2024-09-30
590,TURC-M6,S,66,2024-09-30
591,TURC-M8,S,39,2024-09-30
592,CINT-5M,E,20,2024-10-01
593,ROND-M8,E,1850,2024-10-01
594,TURC-M6,E,2900,2024-10-01
595,CLAV-2P,S,1,2024-10-01
596,CLAV-3P,S,6,2024-10-01
597,CODE-1P,S,7,2024-10-01
598,CODE-2P,S,3,2024-10-01
599,ESMA-BL,S,1,2024-10-01
600,FOCOS-L15,S,2,2024-10-01
601,FOCOS-L9,S,1,2024-10-01
602,LIJAD-1,S,1,2024-10-01
603,PINT-BG,S,2,2024-10-01
604,PINT-BL,S,1,2024-10-01
605,ROND-M6,S,42,2024-10-01
606,ROND-M8,S,13,2024-10-01
607,TOMA-SNC,S,6,2024-10-01
608,TORN-M10,S,4,2024-10-01
609,TORN-M4,S,2,2024-10-01
610,TORN-M8,S,10,2024-10-01
611,TURC-M6,S,8,2024-10-01
612,TURC-M8,S,23,2024-10-01
613,CLAV-3P,S,2,2024-10-02
614,CODE-2P,S,2,2024-10-02
615,DEST-PL6,S,2,2024-10-02
616,LIAV-10,S,1,2024-10-02
617,PINT-BG,S,1,2024-10-02
618,PINT-GR,S,1,2024-10-02
619,ROND-M6,S,4,2024-10-02
620,ROND-M8,S,5,2024-10-02
621,SELL-TF,S,3,2024-10-02
622,TOMA-DBL,S,1,2024-10-02
623,TOMA-SNC,S,9,2024-10-02
624,TORN-M10,S,6,2024-10-02
625,TORN-M4,S,13,2024-10-02
626,TORN-M6,S,1,2024-10-02
627,TORN-M8,S,34,2024-10-02
628,TURC-M6,S,18,2024-10-02
629,TURC-M8,S,50,2024-10-02
630,BROD-2P,S,1,2024-10-03
631,CLAV-3P,S,7,2024-10-03
632,CODE-1P,S,23,2024-10-03
633,CODE-2P,S,3,2024-10-03
634,DEST-PH2,S,1,2024-10-03
635,DEST-PL6,S,1,2024-10-03
636,FOCOS-L15,S,2,2024-10-03
637,FOCOS-L9,S,2,2024-10-03
638,INTE-SNC,S,1,2024-10-03
639,LLAV-12,S,1,2024-10-03
640,MART-2A,S,3,2024-10-03
641,PINT-BL,S,2,2024-10-03
642,ROND-M6,S,35,2024-10-03
643,ROND-M8,S,21,2024-10-03
644,TOMA-SNC,S,8,2024-10-03
645,TORN-M10,S,3,2024-10-03
646,TORN-M4,S,2,2024-10-03
647,TORN-M6,S,6,2024-10-03
648,TORN-M8,S,15,2024-10-03
649,TUBO-1P,S,1,2024-10-03
650,TURC-M6,S,17,2024-10-03
651,TURC-M8,S,39,2024-10-03
652,NIVE-60,E,20,2024-10-04
653,BROD-2P,S,1,2024-10-04
654,CINT-5M,S,1,2024-10-04
655,CLAV-3P,S,4,2024-10-04
656,CODE-1P,S,3,2024-10-04
657,CODE-2P,S,1,2024-10-04
658,FOCOS-L9,S,2,2024-10-04
659,MART-2A,S,1,2024-10-04
660,PINT-BG,S,2,2024-10-04
661,PINT-BL,S,2,2024-10-04
662,ROND-M6,S,46,2024-10-04
663,ROND-M8,S,16,2024-10-04
664,SELL-TF,S,1,2024-10-04
665,TOMA-SNC,S,22,2024-10-04
666,TORN-M10,S,2,2024-10-04
667,TORN-M4,S,7,2024-10-04
668,TORN-M8,S,14,2024-10-04
669,TURC-M6,S,16,2024-10-04
670,TURC-M8,S,5,2024-10-04
671,CLAV-3P,S,4,2024-10-05
672,CODE-2P,S,4,2024-10-05
673,DEST-PH2,S,2,2024-10-05
674,DEST-PL6,S,1,2024-10-05
675,FOCOS-L15,S,1,2024-10-05
676,FOCOS-L9,S,5,2024-10-05
677,LIJAD-1,S,2,2024-10-05
678,MART-2A,S,3,2024-10-05
679,NIVE-60,S,1,2024-10-05
680,PINT-BL,S,2,2024-10-05
681,ROND-M6,S,19,2024-10-05
682,ROND-M8,S,43,2024-10-05
683,SELL-TF,S,1,2024-10-05
684,TABL-2P,S,5,2024-10-05
685,TOMA-SNC,S,12,2024-10-05
686,TORN-M10,S,13,2024-10-05
687,TORN-M4,S,6,2024-10-05
688,TORN-M6,S,6,2024-10-05
689,TORN-M8,S,26,2024-10-05
690,TURC-M6,S,151,2024-10-05
691,TURC-M8,S,42,2024-10-05
692,LIAV-10,E,16,2024-10-07
693,BROD-2P,S,1,2024-10-07
694,BROD-4P,S,1,2024-10-07
695,CINT-5M,S,1,2024-10-07
696,CLAV-2P,S,2,2024-10-07
697,CLAV-3P,S,1,2024-10-07
698,CODE-2P,S,1,2024-10-07
699,FOCOS-L15,S,1,2024-10-07
700,LIAV-10,S,1,2024-10-07
701,LIJAD-1,S,3,2024-10-07
702,LLAV-12,S,2,2024-10-07
703,PINT-BG,S,1,2024-10-07
704,PINT-BL,S,3,2024-10-07
705,PLIE-6P,S,1,2024-10-07
706,ROND-M6,S,17,2024-10-07
707,ROND-M8,S,31,2024-10-07
708,SIER-C1,S,1,2024-10-07
709,TABL-2P,S,4,2024-10-07
710,TOMA-SNC,S,11,2024-10-07
711,TORN-M4,S,4,2024-10-07
712,TORN-M6,S,6,2024-10-07
713,TORN-M8,S,14,2024-10-07
714,TURC-M6,S,21,2024-10-07
715,TURC-M8,S,8,2024-10-07
716,CLAV-3P,S,5,2024-10-08
717,CODE-1P,S,3,2024-10-08
718,DEST-PL6,S,1,2024-10-08
719,ESMA-NG,S,4,2024-10-08
720,FOCOS-L15,S,1,2024-10-08
721,FOCOS-L9,S,1,2024-10-08
722,LLAV-12,S,1,2024-10-08
723,PINT-BG,S,1,2024-10-08
724,PINT-BL,S,1,2024-10-08
725,ROND-M6,S,14,2024-10-08
726,ROND-M8,S,10,2024-10-08
727,SELL-TF,S,1,2024-10-08
728,TOMA-SNC,S,4,2024-10-08
729,TORN-M10,S,3,2024-10-08
730,TORN-M4,S,10,2024-10-08
731,TORN-M6,S,3,2024-10-08
732,TORN-M8,S,6,2024-10-08
733,TURC-M6,S,120,2024-10-08
734,TURC-M8,S,36,2024-10-08
735,FOCOS-L15,E,100,2024-10-09
736,CLAV-3P,S,1,2024-10-09
737,CODE-1P,S,6,2024-10-09
738,CODE-2P,S,1,2024-10-09
739,DEST-PL6,S,1,2024-10-09
740,ESMA-NG,S,2,2024-10-09
741,FOCOS-L15,S,1,2024-10-09
742,LLAV-12,S,2,2024-10-09
743,PINT-BL,S,7,2024-10-09
744,PLIE-8P,S,1,2024-10-09
745,ROND-M6,S,22,2024-10-09
746,ROND-M8,S,40,2024-10-09
747,TOMA-SNC,S,10,2024-10-09
748,TORN-M10,S,3,2024-10-09
749,TORN-M4,S,8,2024-10-09
750,TORN-M6,S,10,2024-10-09
751,TORN-M8,S,15,2024-10-09
752,TURC-M6,S,38,2024-10-09
753,TURC-M8,S,43,2024-10-09
754,CLAV-2P,S,1,2024-10-10
755,CODE-1P,S,13,2024-10-10
756,CODE-2P,S,1,2024-10-10
757,ESMA-NG,S,3,2024-10-10
758,ESMER-1,S,1,2024-10-10
759,FOCOS-L9,S,6,2024-10-10
760,LLAV-12,S,2,2024-10-10
761,PINT-BG,S,1,2024-10-10
762,PINT-BL,S,3,2024-10-10
763,PLIE-6P,S,1,2024-10-10
764,ROND-M6,S,19,2024-10-10
765,ROND-M8,S,14,2024-10-10
766,SELL-TF,S,1,2024-10-10
767,TOMA-SNC,S,3,2024-10-10
768,TORN-M10,S,3,2024-10-10
769,TORN-M6,S,11,2024-10-10
770,TORN-M8,S,16,2024-10-10
771,TURC-M6,S,133,2024-10-10
772,TURC-M8,S,22,2024-10-10
773,BROD-2P,S,1,2024-10-11
774,CABL-12,S,7,2024-10-11
775,CLAV-2P,S,1,2024-10-11
776,CLAV-3P,S,1,2024-10-11
777,CODE-1P,S,4,2024-10-11
778,CODE-2P,S,6,2024-10-11
779,ESMA-NG,S,1,2024-10-11
780,FOCOS-L15,S,1,2024-10-11
781,LLAV-12,S,2,2024-10-11
782,MART-2A,S,1,2024-10-11
783,PLIE-8P,S,1,2024-10-11
784,ROND-M6,S,28,2024-10-11
785,ROND-M8,S,16,2024-10-11
786,SELL-TF,S,1,2024-10-11
787,TOMA-SNC,S,9,2024-10-11
788,TORN-M10,S,3,2024-10-11
789,TORN-M4,S,5,2024-10-11
790,TORN-M6,S,1,2024-10-11
791,TORN-M8,S,17,2024-10-11
792,TURC-M6,S,52,2024-10-11
793,TURC-M8,S,6,2024-10-11
794,CLAV-3P,S,3,2024-10-12
795,CODE-1P,S,2,2024-10-12
796,CODE-2P,S,1,2024-10-12
797,DEST-PH2,S,1,2024-10-12
798,ESMA-BL,S,1,2024-10-12
799,MART-2A,S,1,2024-10-12
800,PINT-BL,S,8,2024-10-12
801,PLIE-8P,S,1,2024-10-12
802,ROND-M6,S,6,2024-10-12
803,ROND-M8,S,41,2024-10-12
804,SELL-TF,S,2,2024-10-12
805,TOMA-SNC,S,11,2024-10-12
806,TORN-M4,S,17,2024-10-12
807,TORN-M8,S,29,2024-10-12
808,TURC-M6,S,13,2024-10-12
809,TURC-M8,S,10,2024-10-12
810,CODE-1P,E,300,2024-10-14
811,TABL-2P,E,11,2024-10-14
812,CLAV-2P,S,3,2024-10-14
813,CLAV-3P,S,6,2024-10-14
814,CODE-1P,S,2,2024-10-14
815,ESMA-NG,S,2,2024-10-14
816,FOCOS-L15,S,4,2024-10-14
817,FOCOS-L9,S,3,2024-10-14
818,MART-2A,S,1,2024-10-14
819,PINT-BG,S,1,2024-10-14
820,PINT-BL,S,6,2024-10-14
821,ROND-M6,S,31,2024-10-14
822,ROND-M8,S,43,2024-10-14
823,TOMA-SNC,S,10,2024-10-14
824,TORN-M10,S,31,2024-10-14
825,TORN-M4,S,13,2024-10-14
826,TORN-M6,S,4,2024-10-14
827,TORN-M8,S,30,2024-10-14
828,TURC-M6,S,42,2024-10-14
829,TURC-M8,S,12,2024-10-14
830,TORN-M8,E,700,2024-10-15
831,BROD-4P,S,1,2024-10-15
832,CLAV-3P,S,3,2024-10-15
833,CODE-1P,S,24,2024-10-15
834,CODE-2P,S,1,2024-10-15
835,FOCOS-L9,S,1,2024-10-15
836,PLIE-8P,S,1,2024-10-15
837,ROND-M6,S,12,2024-10-15
838,ROND-M8,S,53,2024-10-15
839,SELL-TF,S,1,2024-10-15
840,SIER-C1,S,1,2024-10-15
841,SIER-HK,S,1,2024-10-15
842,TOMA-DBL,S,1,2024-10-15
843,TOMA-SNC,S,4,2024-10-15
844,TORN-M10,S,11,2024-10-15
845,TORN-M4,S,4,2024-10-15
846,TORN-M8,S,60,2024-10-15
847,TUBO-1P,S,2,2024-10-15
848,TURC-M6,S,36,2024-10-15
849,TURC-M8,S,33,2024-10-15
850,CLAV-2P,S,1,2024-10-16
851,CODE-1P,S,11,2024-10-16
852,CODE-2P,S,1,2024-10-16
853,ESMA-NG,S,1,2024-10-16
854,FOCOS-L9,S,2,2024-10-16
855,INTE-SNC,S,4,2024-10-16
856,LLAV-12,S,3,2024-10-16
857,MART-2A,S,4,2024-10-16
858,PINT-BG,S,2,2024-10-16
859,PINT-BL,S,6,2024-10-16
860,PLIE-6P,S,1,2024-10-16
861,ROND-M6,S,21,2024-10-16
862,ROND-M8,S,45,2024-10-16
863,TOMA-SNC,S,2,2024-10-16
864,TORN-M10,S,24,2024-10-16
865,TORN-M4,S,1,2024-10-16
866,TORN-M6,S,14,2024-10-16
867,TORN-M8,S,31,2024-10-16
868,TURC-M6,S,27,2024-10-16
869,TURC-M8,S,36,2024-10-16
870,SIER-C1,E,4,2024-10-17
871,BROD-2P,S,1,2024-10-17
872,CLAV-3P,S,5,2024-10-17
873,CODE-1P,S,3,2024-10-17
874,CODE-2P,S,2,2024-10-17
875,DEST-PL6,S,1,2024-10-17
876,ESMA-NG,S,2,2024-10-17
877,ESMER-2,S,1,2024-10-17
878,FOCOS-L15,S,2,2024-10-17
879,FOCOS-L9,S,1,2024-10-17
880,MART-2A,S,1,2024-10-17
881,NIVE-60,S,1,2024-10-17
882,PINT-BG,S,1,2024-10-17
883,PINT-BL,S,1,2024-10-17
884,ROLLO-1,S,1,2024-10-17
885,ROND-M6,S,6,2024-10-17
886,ROND-M8,S,30,2024-10-17
887,SELL-TF,S,2,2024-10-17
888,TOMA-SNC,S,1,2024-10-17
889,TORN-M10,S,7,2024-10-17
890,TORN-M4,S,4,2024-10-17
891,TORN-M6,S,1,2024-10-17
892,TORN-M8,S,25,2024-10-17
893,TURC-M6,S,50,2024-10-17
894,TURC-M8,S,22,2024-10-17
895,CLAV-2P,S,2,2024-10-18
896,CLAV-3P,S,3,2024-10-18
897,CODE-1P,S,16,2024-10-18
898,DEST-PH2,S,1,2024-10-18
899,ESMA-NG,S,1,2024-10-18
900,LIAV-10,S,2,2024-10-18
901,MART-2A,S,1,2024-10-18
902,PINT-BG,S,2,2024-10-18
903,PINT-BL,S,3,2024-10-18
904,PINT-GR,S,1,2024-10-18
905,ROLLO-1,S,1,2024-10-18
906,ROND-M6,S,15,2024-10-18
907,ROND-M8,S,28,2024-10-18
908,SELL-TF,S,1,2024-10-18
909,TABL-1P,S,1,2024-10-18
910,TABL-2P,S,5,2024-10-18
911,TOMA-SNC,S,3,2024-10-18
912,TORN-M10,S,3,2024-10-18
913,TORN-M4,S,8,2024-10-18
914,TORN-M8,S,17,2024-10-18
915,TURC-M6,S,73,2024-10-18
916,TURC-M8,S,30,2024-10-18
917,CODE-2P,E,125,2024-10-19
918,CINT-5M,S,1,2024-10-19
919,CLAV-3P,S,3,2024-10-19
920,CODE-1P,S,10,2024-10-19
921,FOCOS-L9,S,1,2024-10-19
922,LIAV-10,S,1,2024-10-19
923,LLAV-12,S,1,2024-10-19
924,NIVE-60,S,1,2024-10-19
925,PINT-BL,S,13,2024-10-19
926,PINT-GR,S,1,2024-10-19
927,ROND-M6,S,32,2024-10-19
928,ROND-M8,S,13,2024-10-19
929,TOMA-SNC,S,1,2024-10-19
930,TORN-M10,S,18,2024-10-19
931,TORN-M4,S,2,2024-10-19
932,TORN-M6,S,4,2024-10-19
933,TORN-M8,S,7,2024-10-19
934,TUBO-1P,S,1,2024-10-19
935,TURC-M6,S,62,2024-10-19
936,TURC-M8,S,1,2024-10-19
937,CLAV-3P,S,2,2024-10-21
938,CODE-1P,S,3,2024-10-21
939,FOCOS-L9,S,1,2024-10-21
940,LIAV-10,S,1,2024-10-21
941,PINT-BG,S,1,2024-10-21
942,ROND-M6,S,65,2024-10-21
943,ROND-M8,S,18,2024-10-21
944,SELL-TF,S,1,2024-10-21
945,SOPLA-1,S,1,2024-10-21
946,TOMA-DBL,S,1,2024-10-21
947,TOMA-SNC,S,3,2024-10-21
948,TORN-M4,S,5,2024-10-21
949,TORN-M6,S,5,2024-10-21
950,TORN-M8,S,24,2024-10-21
951,TURC-M6,S,23,2024-10-21
952,TURC-M8,S,11,2024-10-21
953,TORN-M10,E,450,2024-10-22
954,CINT-5M,S,1,2024-10-22
955,CLAV-3P,S,1,2024-10-22
956,CODE-1P,S,10,2024-10-22
957,ESMA-NG,S,1,2024-10-22
958,FOCOS-L9,S,1,2024-10-22
959,MART-2A,S,2,2024-10-22
960,NIVE-60,S,1,2024-10-22
961,PINT-BL,S,4,2024-10-22
962,ROND-M6,S,8,2024-10-22
963,ROND-M8,S,12,2024-10-22
964,SELL-TF,S,1,2024-10-22
965,SIER-HK,S,1,2024-10-22
966,TABL-1P,S,1,2024-10-22
967,TOMA-DBL,S,1,2024-10-22
968,TOMA-SNC,S,5,2024-10-22
969,TORN-M10,S,7,2024-10-22
970,TORN-M4,S,4,2024-10-22
971,TORN-M6,S,13,2024-10-22
972,TORN-M8,S,19,2024-10-22
973,TURC-M6,S,25,2024-10-22
974,TURC-M8,S,7,2024-10-22
975,DEST-PL6,E,30,2024-10-23
976,CABL-12,S,9,2024-10-23
977,CODE-1P,S,10,2024-10-23
978,CODE-2P,S,1,2024-10-23
979,DEST-PH2,S,1,2024-10-23
980,DEST-PL6,S,1,2024-10-23
981,ESMA-NG,S,1,2024-10-23
982,FOCOS-L9,S,1,2024-10-23
983,LIJAD-1,S,1,2024-10-23
984,MART-2A,S,1,2024-10-23
985,PINT-BG,S,1,2024-10-23
986,PINT-BL,S,8,2024-10-23
987,PLIE-6P,S,1,2024-10-23
988,ROND-M6,S,27,2024-10-23
989,ROND-M8,S,48,2024-10-23
990,TOMA-SNC,S,35,2024-10-23
991,TORN-M10,S,7,2024-10-23
992,TORN-M4,S,2,2024-10-23
993,TORN-M6,S,6,2024-10-23
994,TORN-M8,S,7,2024-10-23
995,TURC-M6,S,121,2024-10-23
996,TURC-M8,S,34,2024-10-23
997,CLAV-3P,S,1,2024-10-24
998,CODE-1P,S,2,2024-10-24
999,ESMA-NG,S,1,2024-10-24
1000,FOCOS-L15,S,2,2024-10-24
1001,FOCOS-L9,S,5,2024-10-24
1002,PINT-BL,S,3,2024-10-24
1003,PINT-GR,S,1,2024-10-24
1004,ROND-M6,S,44,2024-10-24
1005,ROND-M8,S,58,2024-10-24
1006,SELL-TF,S,3,2024-10-24
1007,SIER-HK,S,1,2024-10-24
1008,TOMA-DBL,S,1,2024-10-24
1009,TOMA-SNC,S,10,2024-10-24
1010,TORN-M10,S,8,2024-10-24
1011,TORN-M4,S,5,2024-10-24
1012,TORN-M6,S,4,2024-10-24
1013,TORN-M8,S,11,2024-10-24
1014,TURC-M6,S,72,2024-10-24
1015,TURC-M8,S,34,2024-10-24
1016,CLAV-3P,S,3,2024-10-25
1017,ESMA-NG,S,1,2024-10-25
1018,FOCOS-L9,S,3,2024-10-25
1019,LIJAD-1,S,2,2024-10-25
1020,PINT-BG,S,1,2024-10-25
1021,PINT-BL,S,4,2024-10-25
1022,ROND-M6,S,22,2024-10-25
1023,ROND-M8,S,14,2024-10-25
1024,TALDR-2,S,1,2024-10-25
1025,TOMA-SNC,S,3,2024-10-25
1026,TORN-M10,S,3,2024-10-25
1027,TORN-M8,S,10,2024-10-25
1028,TUBO-1P,S,2,2024-10-25
1029,TURC-M6,S,48,2024-10-25
1030,TURC-M8,S,51,2024-10-25
1031,ESMA-NG,E,42,2024-10-26
1032,CABL-12,S,15,2024-10-26
1033,CLAV-3P,S,4,2024-10-26
1034,CODE-1P,S,7,2024-10-26
1035,CODE-2P,S,1,2024-10-26
1036,DEST-PL6,S,1,2024-10-26
1037,ESMA-NG,S,1,2024-10-26
1038,FOCOS-L9,S,2,2024-10-26
1039,MART-1A,S,1,2024-10-26
1040,PINT-BL,S,7,2024-10-26
1041,ROND-M6,S,51,2024-10-26
1042,ROND-M8,S,31,2024-10-26
1043,TOMA-SNC,S,12,2024-10-26
1044,TORN-M4,S,3,2024-10-26
1045,TORN-M6,S,7,2024-10-26
1046,TORN-M8,S,3,2024-10-26
1047,TURC-M6,S,111,2024-10-26
1048,TURC-M8,S,11,2024-10-26
1049,CINT-5M,S,1,2024-10-28
1050,CLAV-3P,S,13,2024-10-28
1051,CODE-1P,S,1,2024-10-28
1052,CODE-2P,S,4,2024-10-28
1053,ESMA-NG,S,2,2024-10-28
1054,LIJAD-1,S,3,2024-10-28
1055,MART-2A,S,2,2024-10-28
1056,PINT-BG,S,4,2024-10-28
1057,PINT-BL,S,2,2024-10-28
1058,ROND-M6,S,3,2024-10-28
1059,ROND-M8,S,61,2024-10-28
1060,SELL-TF,S,1,2024-10-28
1061,TOMA-SNC,S,8,2024-10-28
1062,TORN-M10,S,4,2024-10-28
1063,TORN-M4,S,6,2024-10-28
1064,TORN-M6,S,7,2024-10-28
1065,TORN-M8,S,8,2024-10-28
1066,TURC-M6,S,48,2024-10-28
1067,TURC-M8,S,10,2024-10-28
1068,CLAV-3P,S,4,2024-10-29
1069,CODE-1P,S,1,2024-10-29
1070,CODE-2P,S,1,2024-10-29
1071,FOCOS-L15,S,1,2024-10-29
1072,LIJAD-1,S,1,2024-10-29
1073,LLAV-12,S,2,2024-10-29
1074,MART-2A,S,2,2024-10-29
1075,PINT-BG,S,1,2024-10-29
1076,PINT-BL,S,17,2024-10-29
1077,PLIE-6P,S,2,2024-10-29
1078,ROND-M6,S,34,2024-10-29
1079,ROND-M8,S,10,2024-10-29
1080,SELL-TF,S,2,2024-10-29
1081,TORN-M10,S,4,2024-10-29
1082,TORN-M4,S,19,2024-10-29
1083,TORN-M8,S,14,2024-10-29
1084,TURC-M6,S,47,2024-10-29
1085,TURC-M8,S,50,2024-10-29
1086,CINT-5M,S,1,2024-10-30
1087,CLAV-3P,S,4,2024-10-30
1088,CODE-1P,S,11,2024-10-30
1089,CODE-2P,S,1,2024-10-30
1090,ESMA-NG,S,3,2024-10-30
1091,LIAV-10,S,1,2024-10-30
1092,LIJAD-1,S,2,2024-10-30
1093,LLAV-12,S,2,2024-10-30
1094,MART-2A,S,1,2024-10-30
1095,NIVE-60,S,1,2024-10-30
1096,PINT-BG,S,2,2024-10-30
1097,PINT-GR,S,1,2024-10-30
1098,PLIE-6P,S,1,2024-10-30
1099,ROND-M6,S,24,2024-10-30
1100,ROND-M8,S,19,2024-10-30
1101,TOMA-SNC,S,2,2024-10-30
1102,TORN-M10,S,9,2024-10-30
1103,TORN-M4,S,2,2024-10-30
1104,TORN-M6,S,3,2024-10-30
1105,TORN-M8,S,15,2024-10-30
1106,TURC-M6,S,53,2024-10-30
1107,TURC-M8,S,36,2024-10-30
1108,CLAV-3P,S,3,2024-10-31
1109,ESMA-NG,S,2,2024-10-31
1110,ESMER-1,S,1,2024-10-31
1111,FOCOS-L9,S,16,2024-10-31
1112,INTE-SNC,S,1,2024-10-31
1113,LIJAD-1,S,3,2024-10-31
1114,NIVE-60,S,1,2024-10-31
1115,PINT-BL,S,10,2024-10-31
1116,PINT-GR,S,1,2024-10-31
1117,PLIE-6P,S,1,2024-10-31
1118,ROND-M6,S,13,2024-10-31
1119,ROND-M8,S,28,2024-10-31
1120,SELL-TF,S,1,2024-10-31
1121,TOMA-SNC,S,4,2024-10-31
1122,TORN-M10,S,6,2024-10-31
1123,TORN-M4,S,1,2024-10-31
1124,TORN-M6,S,6,2024-10-31
1125,TORN-M8,S,14,2024-10-31
1126,TURC-M6,S,127,2024-10-31
1127,TURC-M8,S,41,2024-10-31
1128,BROD-2P,S,1,2024-11-01
1129,CLAV-3P,S,2,2024-11-01
1130,CODE-1P,S,4,2024-11-01
1131,ESMER-1,S,1,2024-11-01
1132,FOCOS-L15,S,1,2024-11-01
1133,FOCOS-L9,S,5,2024-11-01
1134,INTE-SNC,S,1,2024-11-01
1135,LLAV-12,S,2,2024-11-01
1136,PINT-BL,S,1,2024-11-01
1137,PINT-GR,S,2,2024-11-01
1138,ROND-M6,S,17,2024-11-01
1139,ROND-M8,S,24,2024-11-01
1140,TABL-2P,S,5,2024-11-01
1141,TOMA-SNC,S,19,2024-11-01
1142,TORN-M10,S,1,2024-11-01
1143,TORN-M4,S,4,2024-11-01
1144,TORN-M6,S,6,2024-11-01
1145,TORN-M8,S,15,2024-11-01
1146,TURC-M6,S,140,2024-11-01
1147,TURC-M8,S,11,2024-11-01
1148,BROD-2P,S,1,2024-11-02
1149,BROD-4P,S,1,2024-11-02
1150,CABL-12,S,10,2024-11-02
1151,CLAV-2P,S,1,2024-11-02
1152,CLAV-3P,S,5,2024-11-02
1153,ESMA-NG,S,4,2024-11-02
1154,FOCOS-L15,S,1,2024-11-02
1155,MART-2A,S,2,2024-11-02
1156,PINT-BG,S,2,2024-11-02
1157,ROND-M6,S,32,2024-11-02
1158,ROND-M8,S,25,2024-11-02
1159,SELL-TF,S,3,2024-11-02
1160,TOMA-SNC,S,4,2024-11-02
1161,TORN-M10,S,6,2024-11-02
1162,TORN-M4,S,3,2024-11-02
1163,TORN-M6,S,5,2024-11-02
1164,TORN-M8,S,16,2024-11-02
1165,TURC-M6,S,46,2024-11-02
1166,TURC-M8,S,18,2024-11-02
1167,CLAV-3P,E,145,2024-11-04
1168,TORN-M6,E,800,2024-11-04
1169,TURC-M8,E,1450,2024-11-04
1170,CLAV-3P,S,1,2024-11-04
1171,CODE-1P,S,17,2024-11-04
1172,CODE-2P,S,3,2024-11-04
1173,ESMA-NG,S,1,2024-11-04
1174,FOCOS-L15,S,5,2024-11-04
1175,FOCOS-L9,S,1,2024-11-04
1176,LIJAD-1,S,1,2024-11-04
1177,MART-2A,S,1,2024-11-04
1178,PINT-BL,S,13,2024-11-04
1179,ROND-M6,S,31,2024-11-04
1180,ROND-M8,S,13,2024-11-04
1181,TABL-1P,S,1,2024-11-04
1182,TOMA-SNC,S,8,2024-11-04
1183,TORN-M10,S,4,2024-11-04
1184,TORN-M4,S,8,2024-11-04
1185,TORN-M6,S,1,2024-11-04
1186,TORN-M8,S,28,2024-11-04
1187,TURC-M6,S,99,2024-11-04
1188,TURC-M8,S,2,2024-11-04
1189,CLAV-3P,S,1,2024-11-05
1190,CODE-1P,S,3,2024-11-05
1191,DEST-PH2,S,1,2024-11-05
1192,ESMA-NG,S,2,2024-11-05
1193,FOCOS-L15,S,1,2024-11-05
1194,FOCOS-L9,S,4,2024-11-05
1195,LLAV-12,S,1,2024-11-05
1196,MART-2A,S,2,2024-11-05
1197,NIVE-60,S,1,2024-11-05
1198,PINT-BG,S,2,2024-11-05
1199,ROND-M6,S,11,2024-11-05
1200,ROND-M8,S,18,2024-11-05
1201,TOMA-SNC,S,9,2024-11-05
1202,TORN-M4,S,2,2024-11-05
1203,TORN-M8,S,4,2024-11-05
1204,TURC-M6,S,22,2024-11-05
1205,TURC-M8,S,1,2024-11-05
1206,CLAV-3P,S,8,2024-11-06
1207,CODE-1P,S,4,2024-11-06
1208,CODE-2P,S,2,2024-11-06
1209,DEST-PL6,S,1,2024-11-06
1210,ESMA-NG,S,1,2024-11-06
1211,FOCOS-L15,S,2,2024-11-06
1212,FOCOS-L9,S,4,2024-11-06
1213,LIAV-10,S,1,2024-11-06
1214,LIJAD-1,S,1,2024-11-06
1215,NIVE-60,S,3,2024-11-06
1216,PINT-BG,S,1,2024-11-06
1217,PINT-BL,S,3,2024-11-06
1218,ROND-M6,S,24,2024-11-06
1219,ROND-M8,S,4,2024-11-06
1220,SIER-C1,S,1,2024-11-06
1221,SIER-HK,S,1,2024-11-06
1222,TOMA-DBL,S,1,2024-11-06
1223,TOMA-SNC,S,11,2024-11-06
1224,TORN-M10,S,10,2024-11-06
1225,TORN-M6,S,2,2024-11-06
1226,TORN-M8,S,8,2024-11-06
1227,TURC-M6,S,17,2024-11-06
1228,TURC-M8,S,26,2024-11-06
1229,CLAV-2P,S,1,2024-11-07
1230,CODE-1P,S,4,2024-11-07
1231,CODE-2P,S,1,2024-11-07
1232,ESMA-NG,S,4,2024-11-07
1233,ESMER-1,S,1,2024-11-07
1234,INTE-SNC,S,1,2024-11-07
1235,LIJAD-1,S,1,2024-11-07
1236,LLAV-12,S,5,2024-11-07
1237,PINT-BL,S,8,2024-11-07
1238,PLIE-8P,S,1,2024-11-07
1239,ROND-M6,S,52,2024-11-07
1240,ROND-M8,S,48,2024-11-07
1241,SELL-TF,S,3,2024-11-07
1242,SOPLA-1,S,1,2024-11-07
1243,TOMA-SNC,S,14,2024-11-07
1244,TORN-M10,S,3,2024-11-07
1245,TORN-M6,S,2,2024-11-07
1246,TORN-M8,S,25,2024-11-07
1247,TURC-M6,S,92,2024-11-07
1248,TURC-M8,S,53,2024-11-07
1249,CABL-12,E,50,2024-11-08
1250,PLIE-6P,E,16,2024-11-08
1251,CLAV-3P,S,1,2024-11-08
1252,CODE-1P,S,8,2024-11-08
1253,CODE-2P,S,4,2024-11-08
1254,FOCOS-L9,S,7,2024-11-08
1255,MART-2A,S,3,2024-11-08
1256,NIVE-60,S,1,2024-11-08
1257,PINT-BG,S,2,2024-11-08
1258,PINT-BL,S,6,2024-11-08
1259,ROND-M6,S,12,2024-11-08
1260,ROND-M8,S,38,2024-11-08
1261,TOMA-SNC,S,10,2024-11-08
1262,TORN-M10,S,17,2024-11-08
1263,TORN-M4,S,4,2024-11-08
1264,TORN-M6,S,2,2024-11-08
1265,TORN-M8,S,20,2024-11-08
1266,TURC-M6,S,89,2024-11-08
1267,TURC-M8,S,25,2024-11-08
1268,PINT-GR,E,31,2024-11-09
1269,TABL-2P,E,10,2024-11-09
1270,CINT-5M,S,1,2024-11-09
1271,CLAV-3P,S,6,2024-11-09
1272,CODE-1P,S,5,2024-11-09
1273,CODE-2P,S,5,2024-11-09
1274,ESMA-BL,S,1,2024-11-09
1275,ESMA-NG,S,2,2024-11-09
1276,PINT-BG,S,1,2024-11-09
1277,PINT-BL,S,3,2024-11-09
1278,PINT-GR,S,2,2024-11-09
1279,ROND-M6,S,35,2024-11-09
1280,ROND-M8,S,34,2024-11-09
1281,SIER-HK,S,1,2024-11-09
1282,TOMA-SNC,S,3,2024-11-09
1283,TORN-M10,S,16,2024-11-09
1284,TORN-M4,S,5,2024-11-09
1285,TORN-M6,S,5,2024-11-09
1286,TORN-M8,S,2,2024-11-09
1287,TURC-M6,S,14,2024-11-09
1288,TURC-M8,S,21,2024-11-09
1289,PINT-BL,E,200,2024-11-11
1290,BROD-4P,S,1,2024-11-11
1291,CINT-5M,S,2,2024-11-11
1292,CLAV-2P,S,1,2024-11-11
1293,CLAV-3P,S,1,2024-11-11
1294,CODE-1P,S,3,2024-11-11
1295,DEST-PH2,S,1,2024-11-11
1296,ESMA-NG,S,1,2024-11-11
1297,LIJAD-1,S,1,2024-11-11
1298,PINT-BG,S,2,2024-11-11
1299,PINT-BL,S,6,2024-11-11
1300,ROND-M6,S,49,2024-11-11
1301,ROND-M8,S,2,2024-11-11
1302,SELL-TF,S,1,2024-11-11
1303,TOMA-SNC,S,20,2024-11-11
1304,TORN-M10,S,15,2024-11-11
1305,TORN-M4,S,5,2024-11-11
1306,TORN-M6,S,5,2024-11-11
1307,TORN-M8,S,1,2024-11-11
1308,TURC-M6,S,45,2024-11-11
1309,TURC-M8,S,29,2024-11-11
1310,CABL-12,S,9,2024-11-12
1311,CINT-5M,S,1,2024-11-12
1312,CLAV-3P,S,4,2024-11-12
1313,CODE-1P,S,3,2024-11-12
1314,CODE-2P,S,3,2024-11-12
1315,DEST-PH2,S,2,2024-11-12
1316,ESMA-NG,S,3,2024-11-12
1317,FOCOS-L15,S,2,2024-11-12
1318,FOCOS-L9,S,1,2024-11-12
1319,LIJAD-1,S,1,2024-11-12
1320,PINT-BL,S,8,2024-11-12
1321,ROND-M6,S,45,2024-11-12
1322,ROND-M8,S,39,2024-11-12
1323,SIER-C1,S,1,2024-11-12
1324,TOMA-SNC,S,2,2024-11-12
1325,TORN-M10,S,8,2024-11-12
1326,TORN-M4,S,1,2024-11-12
1327,TORN-M6,S,8,2024-11-12
1328,TORN-M8,S,5,2024-11-12
1329,TUBO-2P,S,16,2024-11-12
1330,TURC-M6,S,29,2024-11-12
1331,TURC-M8,S,18,2024-11-12
1332,CABL-12,S,15,2024-11-13
1333,CLAV-3P,S,1,2024-11-13
1334,CODE-1P,S,1,2024-11-13
1335,FOCOS-L15,S,2,2024-11-13
1336,FOCOS-L9,S,2,2024-11-13
1337,LIJAD-1,S,1,2024-11-13
1338,PINT-BG,S,1,2024-11-13
1339,PINT-BL,S,3,2024-11-13
1340,ROND-M6,S,53,2024-11-13
1341,ROND-M8,S,16,2024-11-13
1342,SIER-HK,S,1,2024-11-13
1343,TOMA-SNC,S,14,2024-11-13
1344,TORN-M10,S,16,2024-11-13
1345,TORN-M4,S,7,2024-11-13
1346,TORN-M6,S,1,2024-11-13
1347,TORN-M8,S,33,2024-11-13
1348,TURC-M6,S,16,2024-11-13
1349,TURC-M8,S,28,2024-11-13
1350,ESMER-1,E,6,2024-11-14
1351,CABL-12,S,9,2024-11-14
1352,CLAV-2P,S,1,2024-11-14
1353,CLAV-3P,S,1,2024-11-14
1354,ESMA-NG,S,1,2024-11-14
1355,FOCOS-L15,S,1,2024-11-14
1356,FOCOS-L9,S,7,2024-11-14
1357,INTE-SNC,S,1,2024-11-14
1358,PINT-BG,S,3,2024-11-14
1359,PINT-BL,S,10,2024-11-14
1360,PLIE-8P,S,1,2024-11-14
1361,ROND-M6,S,46,2024-11-14
1362,ROND-M8,S,56,2024-11-14
1363,SIER-HK,S,2,2024-11-14
1364,TOMA-SNC,S,12,2024-11-14
1365,TORN-M10,S,12,2024-11-14
1366,TORN-M4,S,3,2024-11-14
1367,TORN-M6,S,10,2024-11-14
1368,TORN-M8,S,22,2024-11-14
1369,TURC-M6,S,33,2024-11-14
1370,TURC-M8,S,26,2024-11-14
1371,CLAV-3P,S,3,2024-11-15
1372,CODE-2P,S,1,2024-11-15
1373,ESMA-NG,S,2,2024-11-15
1374,FOCOS-L9,S,2,2024-11-15
1375,LIAV-10,S,1,2024-11-15
1376,LLAV-12,S,1,2024-11-15
1377,NIVE-60,S,2,2024-11-15
1378,PINT-BG,S,3,2024-11-15
1379,PINT-BL,S,3,2024-11-15
1380,ROND-M6,S,17,2024-11-15
1381,ROND-M8,S,9,2024-11-15
1382,SELL-TF,S,1,2024-11-15
1383,TOMA-SNC,S,23,2024-11-15
1384,TORN-M10,S,4,2024-11-15
1385,TORN-M4,S,8,2024-11-15
1386,TORN-M8,S,14,2024-11-15
1387,TUBO-1P,S,1,2024-11-15
1388,TURC-M6,S,44,2024-11-15
1389,TURC-M8,S,19,2024-11-15
1390,TOMA-SNC,E,495,2024-11-16
1391,CINT-5M,S,4,2024-11-16
1392,CLAV-3P,S,5,2024-11-16
1393,CODE-1P,S,1,2024-11-16
1394,FOCOS-L9,S,9,2024-11-16
1395,INTE-SNC,S,2,2024-11-16
1396,LIAV-10,S,1,2024-11-16
1397,LLAV-12,S,2,2024-11-16
1398,MART-2A,S,1,2024-11-16
1399,PINT-BG,S,3,2024-11-16
1400,PINT-BL,S,1,2024-11-16
1401,ROND-M6,S,23,2024-11-16
1402,ROND-M8,S,17,2024-11-16
1403,TOMA-SNC,S,7,2024-11-16
1404,TORN-M10,S,6,2024-11-16
1405,TORN-M4,S,3,2024-11-16
1406,TORN-M8,S,7,2024-11-16
1407,TURC-M6,S,46,2024-11-16
1408,TURC-M8,S,8,2024-11-16
1409,PINT-BG,E,37,2024-11-18
1410,BROD-2P,S,1,2024-11-18
1411,CLAV-3P,S,4,2024-11-18
1412,ESMA-NG,S,2,2024-11-18
1413,FOCOS-L9,S,5,2024-11-18
1414,MART-2A,S,5,2024-11-18
1415,PINT-BL,S,2,2024-11-18
1416,PLIE-8P,S,1,2024-11-18
1417,ROND-M6,S,26,2024-11-18
1418,ROND-M8,S,14,2024-11-18
1419,SELL-TF,S,1,2024-11-18
1420,TOMA-SNC,S,12,2024-11-18
1421,TORN-M10,S,4,2024-11-18
1422,TORN-M4,S,15,2024-11-18
1423,TORN-M6,S,4,2024-11-18
1424,TORN-M8,S,8,2024-11-18
1425,TUBO-1P,S,2,2024-11-18
1426,TURC-M6,S,34,2024-11-18
1427,TURC-M8,S,3,2024-11-18
1428,DEST-PH2,E,30,2024-11-19
1429,BROD-2P,S,1,2024-11-19
1430,CLAV-3P,S,2,2024-11-19
1431,CODE-1P,S,6,2024-11-19
1432,FOCOS-L9,S,6,2024-11-19
1433,LIJAD-1,S,1,2024-11-19
1434,LLAV-12,S,2,2024-11-19
1435,MART-1A,S,1,2024-11-19
1436,PINT-BG,S,2,2024-11-19
1437,PINT-GR,S,1,2024-11-19
1438,ROND-M6,S,50,2024-11-19
1439,ROND-M8,S,39,2024-11-19
1440,TOMA-SNC,S,27,2024-11-19
1441,TORN-M10,S,8,2024-11-19
1442,TORN-M4,S,3,2024-11-19
1443,TORN-M6,S,1,2024-11-19
1444,TORN-M8,S,7,2024-11-19
1445,TURC-M6,S,31,2024-11-19
1446,TURC-M8,S,14,2024-11-19
1447,LLAV-12,E,35,2024-11-20
1448,BROD-4P,S,2,2024-11-20
1449,CODE-1P,S,4,2024-11-20
1450,CODE-2P,S,1,2024-11-20
1451,DEST-PH2,S,1,2024-11-20
1452,ESMA-NG,S,2,2024-11-20
1453,ESMER-1,S,1,2024-11-20
1454,FOCOS-L9,S,1,2024-11-20
1455,LIJAD-1,S,1,2024-11-20
1456,LLAV-12,S,2,2024-11-20
1457,PINT-BG,S,1,2024-11-20
1458,PINT-BL,S,4,2024-11-20
1459,PINT-GR,S,2,2024-11-20
1460,ROND-M6,S,9,2024-11-20
1461,ROND-M8,S,8,2024-11-20
1462,SIER-HK,S,1,2024-11-20
1463,TOMA-SNC,S,30,2024-11-20
1464,TORN-M10,S,11,2024-11-20
1465,TORN-M4,S,7,2024-11-20
1466,TORN-M8,S,31,2024-11-20
1467,TURC-M6,S,11,2024-11-20
1468,TURC-M8,S,17,2024-11-20
1469,BROD-2P,S,1,2024-11-21
1470,CINT-5M,S,2,2024-11-21
1471,CLAV-3P,S,4,2024-11-21
1472,CODE-1P,S,16,2024-11-21
1473,CODE-2P,S,4,2024-11-21
1474,FOCOS-L9,S,2,2024-11-21
1475,LIJAD-1,S,4,2024-11-21
1476,LLAV-12,S,2,2024-11-21
1477,MART-2A,S,6,2024-11-21
1478,PINT-BL,S,5,2024-11-21
1479,ROND-M6,S,34,2024-11-21
1480,ROND-M8,S,36,2024-11-21
1481,SELL-TF,S,2,2024-11-21
1482,TOMA-DBL,S,3,2024-11-21
1483,TOMA-SNC,S,8,2024-11-21
1484,TORN-M10,S,2,2024-11-21
1485,TORN-M4,S,9,2024-11-21
1486,TORN-M6,S,5,2024-11-21
1487,TORN-M8,S,7,2024-11-21
1488,TUBO-1P,S,1,2024-11-21
1489,TURC-M6,S,50,2024-11-21
1490,TURC-M8,S,21,2024-11-21
1491,BROD-2P,S,1,2024-11-22
1492,CLAV-3P,S,4,2024-11-22
1493,CODE-1P,S,1,2024-11-22
1494,FOCOS-L15,S,4,2024-11-22
1495,FOCOS-L9,S,2,2024-11-22
1496,LIJAD-1,S,1,2024-11-22
1497,NIVE-60,S,2,2024-11-22
1498,PINT-BL,S,8,2024-11-22
1499,ROND-M6,S,24,2024-11-22
1500,ROND-M8,S,7,2024-11-22
1501,SELL-TF,S,1,2024-11-22
1502,TOMA-DBL,S,1,2024-11-22
1503,TOMA-SNC,S,23,2024-11-22
1504,TORN-M10,S,5,2024-11-22
1505,TORN-M4,S,3,2024-11-22
1506,TORN-M6,S,1,2024-11-22
1507,TORN-M8,S,9,2024-11-22
1508,TURC-M6,S,14,2024-11-22
1509,TURC-M8,S,24,2024-11-22
1510,CLAV-2P,S,1,2024-11-23
1511,CODE-1P,S,5,2024-11-23
1512,CODE-2P,S,1,2024-11-23
1513,ESMA-NG,S,2,2024-11-23
1514,FOCOS-L15,S,1,2024-11-23
1515,LLAV-12,S,1,2024-11-23
1516,MART-2A,S,3,2024-11-23
1517,NIVE-60,S,1,2024-11-23
1518,PINT-BG,S,4,2024-11-23
1519,PINT-BL,S,1,2024-11-23
1520,ROLLO-1,S,1,2024-11-23
1521,ROND-M6,S,16,2024-11-23
1522,ROND-M8,S,7,2024-11-23
1523,TOMA-SNC,S,3,2024-11-23
1524,TORN-M10,S,8,2024-11-23
1525,TORN-M8,S,3,2024-11-23
1526,TURC-M6,S,73,2024-11-23
1527,TURC-M8,S,2,2024-11-23
1528,LIJAD-1,E,39,2024-11-25
1529,MART-2A,E,47,2024-11-25
1530,BROD-4P,S,1,2024-11-25
1531,CINT-5M,S,1,2024-11-25
1532,CLAV-3P,S,1,2024-11-25
1533,CODE-1P,S,11,2024-11-25
1534,CODE-2P,S,1,2024-11-25
1535,ESMA-NG,S,1,2024-11-25
1536,FOCOS-L15,S,1,2024-11-25
1537,FOCOS-L9,S,2,2024-11-25
1538,INTE-SNC,S,1,2024-11-25
1539,LIJAD-1,S,1,2024-11-25
1540,PINT-BG,S,2,2024-11-25
1541,ROND-M6,S,9,2024-11-25
1542,ROND-M8,S,22,2024-11-25
1543,TABL-1P,S,1,2024-11-25
1544,TOMA-SNC,S,31,2024-11-25
1545,TORN-M10,S,2,2024-11-25
1546,TORN-M4,S,5,2024-11-25
1547,TORN-M6,S,2,2024-11-25
1548,TORN-M8,S,36,2024-11-25
1549,TURC-M6,S,21,2024-11-25
1550,TURC-M8,S,8,2024-11-25
1551,CLAV-3P,S,1,2024-11-26
1552,CODE-1P,S,7,2024-11-26
1553,CODE-2P,S,2,2024-11-26
1554,DEST-PH2,S,1,2024-11-26
1555,ESMA-NG,S,1,2024-11-26
1556,FOCOS-L15,S,1,2024-11-26
1557,FOCOS-L9,S,5,2024-11-26
1558,LIAV-10,S,1,2024-11-26
1559,LLAV-12,S,1,2024-11-26
1560,MART-1A,S,1,2024-11-26
1561,MART-2A,S,1,2024-11-26
1562,PINT-BG,S,2,2024-11-26
1563,PINT-BL,S,3,2024-11-26
1564,ROND-M6,S,8,2024-11-26
1565,ROND-M8,S,11,2024-11-26
1566,TOMA-DBL,S,1,2024-11-26
1567,TOMA-SNC,S,13,2024-11-26
1568,TORN-M10,S,2,2024-11-26
1569,TORN-M4,S,1,2024-11-26
1570,TORN-M6,S,5,2024-11-26
1571,TORN-M8,S,29,2024-11-26
1572,TURC-M6,S,26,2024-11-26
1573,TURC-M8,S,71,2024-11-26
1574,FOCOS-L9,E,125,2024-11-27
1575,TUBO-1P,E,30,2024-11-27
1576,CLAV-2P,S,1,2024-11-27
1577,CLAV-3P,S,14,2024-11-27
1578,CODE-1P,S,6,2024-11-27
1579,DEST-PL6,S,1,2024-11-27
1580,FOCOS-L9,S,6,2024-11-27
1581,LIJAD-1,S,1,2024-11-27
1582,MART-2A,S,2,2024-11-27
1583,PINT-BG,S,1,2024-11-27
1584,PINT-BL,S,7,2024-11-27
1585,PINT-GR,S,1,2024-11-27
1586,ROND-M6,S,31,2024-11-27
1587,ROND-M8,S,9,2024-11-27
1588,SIER-HK,S,1,2024-11-27
1589,TOMA-SNC,S,2,2024-11-27
1590,TORN-M10,S,5,2024-11-27
1591,TORN-M4,S,8,2024-11-27
1592,TORN-M6,S,4,2024-11-27
1593,TORN-M8,S,13,2024-11-27
1594,TURC-M6,S,30,2024-11-27
1595,TURC-M8,S,22,2024-11-27
1596,BROD-4P,S,1,2024-11-28
1597,CINT-5M,S,1,2024-11-28
1598,CLAV-3P,S,3,2024-11-28
1599,DEST-PL6,S,1,2024-11-28
1600,FOCOS-L9,S,4,2024-11-28
1601,LIAV-10,S,1,2024-11-28
1602,MART-2A,S,3,2024-11-28
1603,PINT-BL,S,2,2024-11-28
1604,PINT-GR,S,1,2024-11-28
1605,PLIE-6P,S,1,2024-11-28
1606,ROND-M6,S,33,2024-11-28
1607,ROND-M8,S,13,2024-11-28
1608,TOMA-DBL,S,1,2024-11-28
1609,TOMA-SNC,S,9,2024-11-28
1610,TORN-M10,S,8,2024-11-28
1611,TORN-M4,S,3,2024-11-28
1612,TORN-M6,S,7,2024-11-28
1613,TORN-M8,S,26,2024-11-28
1614,TURC-M6,S,46,2024-11-28
1615,TURC-M8,S,23,2024-11-28
1616,CLAV-3P,S,8,2024-11-29
1617,CODE-1P,S,2,2024-11-29
1618,CODE-2P,S,1,2024-11-29
1619,ESMER-1,S,1,2024-11-29
1620,FOCOS-L9,S,8,2024-11-29
1621,INTE-SNC,S,1,2024-11-29
1622,LIJAD-1,S,1,2024-11-29
1623,LLAV-12,S,1,2024-11-29
1624,PINT-BL,S,15,2024-11-29
1625,PLIE-8P,S,1,2024-11-29
1626,ROND-M6,S,2,2024-11-29
1627,ROND-M8,S,12,2024-11-29
1628,TOMA-SNC,S,5,2024-11-29
1629,TORN-M10,S,14,2024-11-29
1630,TORN-M4,S,2,2024-11-29
1631,TORN-M6,S,1,2024-11-29
1632,TORN-M8,S,20,2024-11-29
1633,TURC-M6,S,21,2024-11-29
1634,TURC-M8,S,69,2024-11-29
1635,TABL-1P,E,6,2024-11-30
1636,TURC-M6,E,2900,2024-11-30
1637,BROD-4P,S,1,2024-11-30
1638,CINT-5M,S,2,2024-11-30
1639,CLAV-3P,S,9,2024-11-30
1640,CODE-1P,S,1,2024-11-30
1641,CODE-2P,S,2,2024-11-30
1642,ESMA-NG,S,1,2024-11-30
1643,ESMER-2,S,1,2024-11-30
1644,FOCOS-L9,S,1,2024-11-30
1645,INTE-SNC,S,1,2024-11-30
1646,LIAV-10,S,1,2024-11-30
1647,LLAV-12,S,1,2024-11-30
1648,MART-2A,S,1,2024-11-30
1649,PINT-BG,S,1,2024-11-30
1650,PINT-BL,S,6,2024-11-30
1651,ROND-M6,S,38,2024-11-30
1652,ROND-M8,S,3,2024-11-30
1653,SELL-TF,S,1,2024-11-30
1654,TOMA-SNC,S,16,2024-11-30
1655,TORN-M10,S,1,2024-11-30
1656,TORN-M4,S,6,2024-11-30
1657,TORN-M6,S,4,2024-11-30
1658,TORN-M8,S,23,2024-11-30
1659,TURC-M6,S,8,2024-11-30
1660,TURC-M8,S,63,2024-11-30
1661,TORN-M8,E,700,2024-12-02
1662,CLAV-3P,S,9,2024-12-02
1663,CODE-1P,S,4,2024-12-02
1664,FOCOS-L15,S,2,2024-12-02
1665,LIJAD-1,S,1,2024-12-02
1666,MART-2A,S,1,2024-12-02
1667,PINT-BG,S,1,2024-12-02
1668,PINT-BL,S,4,2024-12-02
1669,PINT-GR,S,2,2024-12-02
1670,ROND-M6,S,34,2024-12-02
1671,ROND-M8,S,7,2024-12-02
1672,SELL-TF,S,2,2024-12-02
1673,SIER-HK,S,1,2024-12-02
1674,TOMA-DBL,S,1,2024-12-02
1675,TOMA-SNC,S,13,2024-12-02
1676,TORN-M10,S,10,2024-12-02
1677,TORN-M4,S,7,2024-12-02
1678,TORN-M6,S,5,2024-12-02
1679,TORN-M8,S,8,2024-12-02
1680,TURC-M6,S,24,2024-12-02
1681,TURC-M8,S,8,2024-12-02
1682,BROD-4P,S,1,2024-12-03
1683,CINT-5M,S,1,2024-12-03
1684,CLAV-3P,S,1,2024-12-03
1685,DEST-PH2,S,1,2024-12-03
1686,DEST-PL6,S,1,2024-12-03
1687,ESMA-NG,S,1,2024-12-03
1688,FOCOS-L15,S,1,2024-12-03
1689,FOCOS-L9,S,2,2024-12-03
1690,INTE-SNC,S,1,2024-12-03
1691,LLAV-12,S,1,2024-12-03
1692,MART-2A,S,1,2024-12-03
1693,PINT-BG,S,1,2024-12-03
1694,PINT-BL,S,4,2024-12-03
1695,PINT-GR,S,1,2024-12-03
1696,PLIE-8P,S,1,2024-12-03
1697,ROND-M6,S,12,2024-12-03
1698,ROND-M8,S,15,2024-12-03
1699,TOMA-SNC,S,5,2024-12-03
1700,TORN-M10,S,11,2024-12-03
1701,TORN-M4,S,1,2024-12-03
1702,TORN-M6,S,9,2024-12-03
1703,TORN-M8,S,12,2024-12-03
1704,TURC-M6,S,79,2024-12-03
1705,TURC-M8,S,8,2024-12-03
1706,CINT-5M,S,1,2024-12-04
1707,CLAV-2P,S,1,2024-12-04
1708,CLAV-3P,S,2,2024-12-04
1709,CODE-1P,S,7,2024-12-04
1710,CODE-2P,S,2,2024-12-04
1711,FOCOS-L15,S,2,2024-12-04
1712,FOCOS-L9,S,3,2024-12-04
1713,LLAV-1P,S,13,2024-12-04
1714,MART-1A,S,1,2024-12-04
1715,MART-2A,S,1,2024-12-04
1716,PINT-BL,S,5,2024-12-04
1717,PINT-GR,S,1,2024-12-04
1718,PLIE-6P,S,4,2024-12-04
1719,ROND-M6,S,74,2024-12-04
1720,ROND-M8,S,7,2024-12-04
1721,SIER-HK,S,1,2024-12-04
1722,TOMA-SNC,S,32,2024-12-04
1723,TORN-M10,S,15,2024-12-04
1724,TORN-M4,S,4,2024-12-04
1725,TORN-M6,S,9,2024-12-04
1726,TORN-M8,S,18,2024-12-04
1727,TUBO-1P,S,2,2024-12-04
1728,TURC-M6,S,20,2024-12-04
1729,TURC-M8,S,10,2024-12-04
1730,CINT-5M,E,20,2024-12-05
1731,BROD-2P,S,1,2024-12-05
1732,CLAV-2P,S,1,2024-12-05
1733,CLAV-3P,S,7,2024-12-05
1734,CODE-1P,S,2,2024-12-05
1735,ESMA-NG,S,4,2024-12-05
1736,FOCOS-L9,S,1,2024-12-05
1737,LIAV-10,S,1,2024-12-05
1738,LLAV-12,S,1,2024-12-05
1739,MART-1A,S,1,2024-12-05
1740,NIVE-60,S,1,2024-12-05
1741,PINT-BG,S,2,2024-12-05
1742,PINT-BL,S,10,2024-12-05
1743,PLIE-6P,S,1,2024-12-05
1744,ROND-M6,S,20,2024-12-05
1745,ROND-M8,S,25,2024-12-05
1746,SELL-TF,S,1,2024-12-05
1747,TOMA-SNC,S,5,2024-12-05
1748,TORN-M10,S,2,2024-12-05
1749,TORN-M4,S,10,2024-12-05
1750,TORN-M6,S,3,2024-12-05
1751,TORN-M8,S,5,2024-12-05
1752,TUBO-1P,S,1,2024-12-05
1753,TURC-M6,S,52,2024-12-05
1754,TURC-M8,S,44,2024-12-05
1755,PLIE-8P,E,12,2024-12-06
1756,CLAV-3P,S,1,2024-12-06
1757,CODE-1P,S,1,2024-12-06
1758,ESMA-NG,S,1,2024-12-06
1759,FOCOS-L15,S,1,2024-12-06
1760,FOCOS-L9,S,2,2024-12-06
1761,MART-1A,S,1,2024-12-06
1762,MART-2A,S,2,2024-12-06
1763,PINT-BL,S,4,2024-12-06
1764,PLIE-6P,S,1,2024-12-06
1765,ROND-M6,S,21,2024-12-06
1766,ROND-M8,S,30,2024-12-06
1767,TOMA-SNC,S,8,2024-12-06
1768,TORN-M10,S,1,2024-12-06
1769,TORN-M4,S,2,2024-12-06
1770,TORN-M6,S,1,2024-12-06
1771,TORN-M8,S,9,2024-12-06
1772,TURC-M6,S,13,2024-12-06
1773,TURC-M8,S,36,2024-12-06
1774,SIER-HK,E,16,2024-12-07
1775,BROD-4P,S,1,2024-12-07
1776,CINT-5M,S,1,2024-12-07
1777,CLAV-3P,S,2,2024-12-07
1778,CODE-1P,S,1,2024-12-07
1779,CODE-2P,S,1,2024-12-07
1780,ESMA-NG,S,1,2024-12-07
1781,MART-2A,S,1,2024-12-07
1782,PINT-BG,S,2,2024-12-07
1783,PINT-BL,S,4,2024-12-07
1784,PLIE-6P,S,1,2024-12-07
1785,ROND-M6,S,28,2024-12-07
1786,ROND-M8,S,22,2024-12-07
1787,TALDR-1,S,1,2024-12-07
1788,TOMA-SNC,S,9,2024-12-07
1789,TORN-M10,S,6,2024-12-07
1790,TORN-M4,S,4,2024-12-07
1791,TORN-M6,S,12,2024-12-07
1792,TORN-M8,S,20,2024-12-07
1793,TURC-M6,S,100,2024-12-07
1794,TURC-M8,S,6,2024-12-07
1795,LLAV-1P,E,15,2024-12-09
1796,CLAV-2P,S,2,2024-12-09
1797,CODE-1P,S,4,2024-12-09
1798,CODE-2P,S,1,2024-12-09
1799,ESMA-NG,S,2,2024-12-09
1800,FOCOS-L15,S,3,2024-12-09
1801,FOCOS-L9,S,1,2024-12-09
1802,LIJAD-1,S,1,2024-12-09
1803,MART-2A,S,1,2024-12-09
1804,PINT-BG,S,1,2024-12-09
1805,PLIE-6P,S,1,2024-12-09
1806,ROND-M6,S,18,2024-12-09
1807,ROND-M8,S,26,2024-12-09
1808,TOMA-SNC,S,7,2024-12-09
1809,TORN-M10,S,13,2024-12-09
1810,TORN-M4,S,1,2024-12-09
1811,TORN-M6,S,5,2024-12-09
1812,TORN-M8,S,11,2024-12-09
1813,TURC-M6,S,32,2024-12-09
1814,TURC-M8,S,48,2024-12-09
1815,CLAV-3P,S,7,2024-12-10
1816,CODE-1P,S,4,2024-12-10
1817,CODE-2P,S,1,2024-12-10
1818,DEST-PL6,S,1,2024-12-10
1819,ESMA-NG,S,1,2024-12-10
1820,FOCOS-L15,S,2,2024-12-10
1821,LIJAD-1,S,1,2024-12-10
1822,NIVE-60,S,1,2024-12-10
1823,PINT-BL,S,7,2024-12-10
1824,ROND-M6,S,41,2024-12-10
1825,ROND-M8,S,24,2024-12-10
1826,SELL-TF,S,1,2024-12-10
1827,TOMA-SNC,S,15,2024-12-10
1828,TORN-M10,S,3,2024-12-10
1829,TORN-M4,S,4,2024-12-10
1830,TORN-M6,S,12,2024-12-10
1831,TORN-M8,S,28,2024-12-10
1832,TURC-M6,S,92,2024-12-10
1833,TURC-M8,S,11,2024-12-10
1834,BROD-4P,S,2,2024-12-11
1835,CLAV-2P,S,1,2024-12-11
1836,CLAV-3P,S,2,2024-12-11
1837,CODE-1P,S,4,2024-12-11
1838,CODE-2P,S,2,2024-12-11
1839,FOCOS-L9,S,1,2024-12-11
1840,LIJAD-1,S,1,2024-12-11
1841,LLAV-12,S,1,2024-12-11
1842,MART-2A,S,3,2024-12-11
1843,NIVE-60,S,1,2024-12-11
1844,PINT-BG,S,2,2024-12-11
1845,PINT-BL,S,6,2024-12-11
1846,PINT-GR,S,1,2024-12-11
1847,PLIE-6P,S,1,2024-12-11
1848,ROLLO-1,S,1,2024-12-11
1849,ROND-M6,S,11,2024-12-11
1850,ROND-M8,S,6,2024-12-11
1851,SIER-C1,S,1,2024-12-11
1852,TOMA-SNC,S,20,2024-12-11
1853,TORN-M10,S,1,2024-12-11
1854,TORN-M4,S,5,2024-12-11
1855,TORN-M8,S,8,2024-12-11
1856,TURC-M6,S,41,2024-12-11
1857,TURC-M8,S,63,2024-12-11
1858,CINT-5M,S,1,2024-12-12
1859,CLAV-3P,S,4,2024-12-12
1860,CODE-1P,S,1,2024-12-12
1861,ESMA-NG,S,3,2024-12-12
1862,FOCOS-L9,S,5,2024-12-12
1863,INTE-SNC,S,1,2024-12-12
1864,LIJAD-1,S,4,2024-12-12
1865,ROND-M6,S,10,2024-12-12
1866,ROND-M8,S,7,2024-12-12
1867,SIER-HK,S,1,2024-12-12
1868,TOMA-SNC,S,1,2024-12-12
1869,TORN-M10,S,2,2024-12-12
1870,TORN-M4,S,4,2024-12-12
1871,TORN-M6,S,1,2024-12-12
1872,TORN-M8,S,16,2024-12-12
1873,TURC-M6,S,51,2024-12-12
1874,TURC-M8,S,24,2024-12-12
1875,ESMA-NG,E,42,2024-12-13
1876,CLAV-3P,S,2,2024-12-13
1877,CODE-1P,S,12,2024-12-13
1878,CODE-2P,S,3,2024-12-13
1879,ESMA-NG,S,1,2024-12-13
1880,FOCOS-L15,S,3,2024-12-13
1881,FOCOS-L9,S,4,2024-12-13
1882,LIJAD-1,S,2,2024-12-13
1883,PINT-BG,S,1,2024-12-13
1884,PINT-BL,S,4,2024-12-13
1885,PINT-GR,S,1,2024-12-13
1886,ROND-M6,S,32,2024-12-13
1887,ROND-M8,S,19,2024-12-13
1888,SELL-TF,S,1,2024-12-13
1889,TOMA-SNC,S,10,2024-12-13
1890,TORN-M10,S,9,2024-12-13
1891,TORN-M4,S,7,2024-12-13
1892,TORN-M6,S,4,2024-12-13
1893,TORN-M8,S,3,2024-12-13
1894,TURC-M6,S,115,2024-12-13
1895,TURC-M8,S,37,2024-12-13
1896,BROD-4P,S,1,2024-12-14
1897,CLAV-3P,S,1,2024-12-14
1898,CODE-1P,S,2,2024-12-14
1899,DEST-PH2,S,2,2024-12-14
1900,ESMA-NG,S,1,2024-12-14
1901,FOCOS-L15,S,1,2024-12-14
1902,FOCOS-L9,S,4,2024-12-14
1903,LLAV-12,S,1,2024-12-14
1904,MART-2A,S,1,2024-12-14
1905,PINT-BG,S,1,2024-12-14
1906,PINT-BL,S,4,2024-12-14
1907,PINT-GR,S,1,2024-12-14
1908,ROLLO-1,S,1,2024-12-14
1909,ROND-M6,S,23,2024-12-14
1910,ROND-M8,S,6,2024-12-14
1911,SIER-HK,S,1,2024-12-14
1912,TOMA-SNC,S,10,2024-12-14
1913,TORN-M10,S,9,2024-12-14
1914,TORN-M4,S,4,2024-12-14
1915,TORN-M6,S,15,2024-12-14
1916,TORN-M8,S,21,2024-12-14
1917,TURC-M6,S,77,2024-12-14
1918,TURC-M8,S,14,2024-12-14
1919,ESMER-2,E,4,2024-12-16
1920,CLAV-2P,S,1,2024-12-16
1921,CLAV-3P,S,3,2024-12-16
1922,CODE-1P,S,5,2024-12-16
1923,ESMA-NG,S,1,2024-12-16
1924,FOCOS-L15,S,1,2024-12-16
1925,FOCOS-L9,S,1,2024-12-16
1926,LIJAD-1,S,5,2024-12-16
1927,NIVE-60,S,1,2024-12-16
1928,PINT-BL,S,1,2024-12-16
1929,PINT-GR,S,1,2024-12-16
1930,PLIE-8P,S,1,2024-12-16
1931,ROND-M6,S,18,2024-12-16
1932,ROND-M8,S,11,2024-12-16
1933,TOMA-SNC,S,14,2024-12-16
1934,TORN-M10,S,6,2024-12-16
1935,TORN-M4,S,5,2024-12-16
1936,TORN-M6,S,1,2024-12-16
1937,TORN-M8,S,28,2024-12-16
1938,TURC-M6,S,50,2024-12-16
1939,BROD-2P,S,1,2024-12-17
1940,BROD-4P,S,1,2024-12-17
1941,CINT-5M,S,1,2024-12-17
1942,CLAV-2P,S,1,2024-12-17
1943,CODE-1P,S,9,2024-12-17
1944,DEST-PH2,S,2,2024-12-17
1945,FOCOS-L15,S,1,2024-12-17
1946,FOCOS-L9,S,3,2024-12-17
1947,MART-2A,S,2,2024-12-17
1948,PINT-BL,S,13,2024-12-17
1949,PINT-GR,S,1,2024-12-17
1950,ROND-M6,S,13,2024-12-17
1951,ROND-M8,S,54,2024-12-17
1952,TOMA-SNC,S,10,2024-12-17
1953,TORN-M10,S,4,2024-12-17
1954,TORN-M4,S,1,2024-12-17
1955,TORN-M6,S,1,2024-12-17
1956,TORN-M8,S,1,2024-12-17
1957,TURC-M6,S,102,2024-12-17
1958,TURC-M8,S,16,2024-12-17
1959,CABL-12,S,9,2024-12-18
1960,CLAV-3P,S,2,2024-12-18
1961,DEST-PL6,S,1,2024-12-18
1962,ESMA-NG,S,1,2024-12-18
1963,ESMER-1,S,1,2024-12-18
1964,FOCOS-L15,S,2,2024-12-18
1965,FOCOS-L9,S,1,2024-12-18
1966,LIJAD-1,S,1,2024-12-18
1967,MART-2A,S,1,2024-12-18
1968,PINT-BL,S,10,2024-12-18
1969,ROND-M6,S,19,2024-12-18
1970,ROND-M8,S,24,2024-12-18
1971,SELL-TF,S,1,2024-12-18
1972,TOMA-SNC,S,23,2024-12-18
1973,TORN-M10,S,7,2024-12-18
1974,TORN-M4,S,7,2024-12-18
1975,TORN-M6,S,7,2024-12-18
1976,TORN-M8,S,14,2024-12-18
1977,TURC-M6,S,43,2024-12-18
1978,TURC-M8,S,27,2024-12-18
1979,BROD-4P,S,1,2024-12-19
1980,CABL-12,S,11,2024-12-19
1981,CINT-5M,S,2,2024-12-19
1982,CLAV-3P,S,3,2024-12-19
1983,CODE-1P,S,4,2024-12-19
1984,CODE-2P,S,1,2024-12-19
1985,ESMA-BL,S,1,2024-12-19
1986,ESMA-NG,S,2,2024-12-19
1987,FOCOS-L15,S,1,2024-12-19
1988,FOCOS-L9,S,1,2024-12-19
1989,LLAV-12,S,1,2024-12-19
1990,MART-2A,S,1,2024-12-19
1991,PINT-BL,S,1,2024-12-19
1992,ROND-M6,S,37,2024-12-19
1993,ROND-M8,S,5,2024-12-19
1994,SELL-TF,S,1,2024-12-19
1995,SOPLA-1,S,1,2024-12-19
1996,TALDR-1,S,1,2024-12-19
1997,TOMA-SNC,S,6,2024-12-19
1998,TORN-M10,S,9,2024-12-19
1999,TORN-M4,S,10,2024-12-19
2000,TORN-M6,S,6,2024-12-19
2001,TORN-M8,S,26,2024-12-19
2002,TURC-M6,S,57,2024-12-19
2003,TURC-M8,S,37,2024-12-19
2004,CLAV-3P,E,145,2024-12-20
2005,NIVE-60,E,20,2024-12-20
2006,CLAV-2P,S,1,2024-12-20
2007,CLAV-3P,S,2,2024-12-20
2008,CODE-1P,S,2,2024-12-20
2009,DEST-PH2,S,1,2024-12-20
2010,FOCOS-L9,S,2,2024-12-20
2011,LIJAD-1,S,1,2024-12-20
2012,MART-2A,S,1,2024-12-20
2013,PINT-BL,S,16,2024-12-20
2014,PINT-GR,S,1,2024-12-20
2015,PLIE-6P,S,1,2024-12-20
2016,ROND-M6,S,40,2024-12-20
2017,ROND-M8,S,49,2024-12-20
2018,SELL-TF,S,1,2024-12-20
2019,SIER-HK,S,1,2024-12-20
2020,SOPLA-1,S,1,2024-12-20
2021,TOMA-SNC,S,3,2024-12-20
2022,TORN-M10,S,2,2024-12-20
2023,TORN-M4,S,17,2024-12-20
2024,TORN-M6,S,3,2024-12-20
2025,TORN-M8,S,4,2024-12-20
2026,TURC-M6,S,33,2024-12-20
2027,TURC-M8,S,21,2024-12-20
2028,BROD-2P,E,40,2024-12-21
2029,BROD-4P,S,1,2024-12-21
2030,CABL-14,S,12,2024-12-21
2031,CODE-1P,S,11,2024-12-21
2032,FOCOS-L15,S,1,2024-12-21
2033,FOCOS-L9,S,2,2024-12-21
2034,MART-2A,S,2,2024-12-21
2035,PINT-BG,S,1,2024-12-21
2036,PINT-BL,S,2,2024-12-21
2037,PINT-GR,S,5,2024-12-21
2038,ROND-M6,S,42,2024-12-21
2039,ROND-M8,S,5,2024-12-21
2040,SIER-HK,S,1,2024-12-21
2041,TOMA-SNC,S,6,2024-12-21
2042,TORN-M10,S,7,2024-12-21
2043,TORN-M4,S,6,2024-12-21
2044,TORN-M6,S,14,2024-12-21
2045,TORN-M8,S,3,2024-12-21
2046,TURC-M6,S,108,2024-12-21
2047,TURC-M8,S,6,2024-12-21
2048,CABL-12,E,53,2024-12-23
2049,CODE-1P,E,300,2024-12-23
2050,PINT-BG,E,37,2024-12-23
2051,ROND-M6,E,2050,2024-12-23
2052,CLAV-3P,S,1,2024-12-23
2053,CODE-1P,S,3,2024-12-23
2054,DEST-PL6,S,1,2024-12-23
2055,ESMA-NG,S,2,2024-12-23
2056,ESMER-1,S,1,2024-12-23
2057,FOCOS-L9,S,4,2024-12-23
2058,LIJAD-1,S,1,2024-12-23
2059,LLAV-12,S,1,2024-12-23
2060,MART-2A,S,1,2024-12-23
2061,PINT-BG,S,3,2024-12-23
2062,PINT-BL,S,3,2024-12-23
2063,ROND-M6,S,9,2024-12-23
2064,ROND-M8,S,7,2024-12-23
2065,TOMA-SNC,S,5,2024-12-23
2066,TORN-M10,S,6,2024-12-23
2067,TORN-M4,S,1,2024-12-23
2068,TORN-M6,S,5,2024-12-23
2069,TORN-M8,S,33,2024-12-23
2070,TUBO-1P,S,1,2024-12-23
2071,TURC-M6,S,63,2024-12-23
2072,TURC-M8,S,16,2024-12-23
2073,SIER-C1,E,4,2024-12-24
2074,CLAV-3P,S,8,2024-12-24
2075,CODE-1P,S,1,2024-12-24
2076,ESMA-NG,S,1,2024-12-24
2077,FOCOS-L9,S,6,2024-12-24
2078,LIJAD-1,S,1,2024-12-24
2079,MART-2A,S,2,2024-12-24
2080,PINT-BL,S,5,2024-12-24
2081,PINT-GR,S,1,2024-12-24
2082,ROND-M6,S,5,2024-12-24
2083,ROND-M8,S,38,2024-12-24
2084,TOMA-DBL,S,1,2024-12-24
2085,TOMA-SNC,S,14,2024-12-24
2086,TORN-M10,S,8,2024-12-24
2087,TORN-M4,S,7,2024-12-24
2088,TORN-M6,S,3,2024-12-24
2089,TORN-M8,S,3,2024-12-24
2090,TURC-M6,S,63,2024-12-24
2091,TURC-M8,S,19,2024-12-24
2092,BROD-4P,S,1,2024-12-25
2093,CLAV-3P,S,2,2024-12-25
2094,CODE-1P,S,3,2024-12-25
2095,ESMA-NG,S,2,2024-12-25
2096,FOCOS-L15,S,1,2024-12-25
2097,FOCOS-L9,S,1,2024-12-25
2098,LIJAD-1,S,2,2024-12-25
2099,LLAV-12,S,1,2024-12-25
2100,MART-2A,S,1,2024-12-25
2101,PINT-BL,S,12,2024-12-25
2102,PLIE-8P,S,2,2024-12-25
2103,ROND-M6,S,57,2024-12-25
2104,ROND-M8,S,23,2024-12-25
2105,TOMA-SNC,S,16,2024-12-25
2106,TORN-M10,S,6,2024-12-25
2107,TORN-M4,S,4,2024-12-25
2108,TORN-M6,S,3,2024-12-25
2109,TORN-M8,S,2,2024-12-25
2110,TURC-M6,S,19,2024-12-25
2111,TURC-M8,S,25,2024-12-25
2112,TORN-M4,E,1050,2024-12-26
2113,BROD-4P,S,1,2024-12-26
2114,CLAV-2P,S,1,2024-12-26
2115,CLAV-3P,S,4,2024-12-26
2116,CODE-1P,S,7,2024-12-26
2117,CODE-2P,S,3,2024-12-26
2118,ESMA-BL,S,1,2024-12-26
2119,FOCOS-L15,S,3,2024-12-26
2120,FOCOS-L9,S,6,2024-12-26
2121,LIJAD-1,S,1,2024-12-26
2122,NIVE-60,S,2,2024-12-26
2123,PINT-BG,S,1,2024-12-26
2124,PINT-BL,S,9,2024-12-26
2125,PINT-GR,S,1,2024-12-26
2126,ROND-M6,S,24,2024-12-26
2127,ROND-M8,S,33,2024-12-26
2128,TOMA-SNC,S,15,2024-12-26
2129,TORN-M10,S,15,2024-12-26
2130,TORN-M6,S,4,2024-12-26
2131,TORN-M8,S,4,2024-12-26
2132,TUBO-2P,S,25,2024-12-26
2133,TURC-M6,S,22,2024-12-26
2134,TURC-M8,S,53,2024-12-26
2135,TORN-M10,E,450,2024-12-27
2136,BROD-4P,S,1,2024-12-27
2137,CLAV-3P,S,5,2024-12-27
2138,CODE-1P,S,1,2024-12-27
2139,FOCOS-L9,S,1,2024-12-27
2140,LIAV-10,S,1,2024-12-27
2141,MART-2A,S,1,2024-12-27
2142,NIVE-60,S,2,2024-12-27
2143,PINT-BL,S,8,2024-12-27
2144,PINT-GR,S,1,2024-12-27
2145,PLIE-6P,S,1,2024-12-27
2146,ROLLO-1,S,1,2024-12-27
2147,ROND-M6,S,7,2024-12-27
2148,ROND-M8,S,38,2024-12-27
2149,SELL-TF,S,3,2024-12-27
2150,TOMA-SNC,S,1,2024-12-27
2151,TORN-M10,S,20,2024-12-27
2152,TORN-M4,S,2,2024-12-27
2153,TORN-M6,S,8,2024-12-27
2154,TORN-M8,S,7,2024-12-27
2155,TURC-M6,S,54,2024-12-27
2156,TURC-M8,S,35,2024-12-27
2157,PINT-BL,E,195,2024-12-28
2158,TOMA-DBL,E,60,2024-12-28
2159,TOMA-SNC,E,490,2024-12-28
2160,BROD-4P,S,2,2024-12-28
2161,CLAV-2P,S,1,2024-12-28
2162,CLAV-3P,S,2,2024-12-28
2163,CODE-1P,S,4,2024-12-28
2164,CODE-2P,S,2,2024-12-28
2165,DEST-PH2,S,1,2024-12-28
2166,ESMA-NG,S,1,2024-12-28
2167,FOCOS-L15,S,2,2024-12-28
2168,INTE-SNC,S,2,2024-12-28
2169,MART-2A,S,2,2024-12-28
2170,PINT-BG,S,2,2024-12-28
2171,PINT-BL,S,3,2024-12-28
2172,PLIE-6P,S,1,2024-12-28
2173,ROND-M6,S,52,2024-12-28
2174,ROND-M8,S,61,2024-12-28
2175,SOPLA-1,S,1,2024-12-28
2176,TOMA-SNC,S,5,2024-12-28
2177,TORN-M10,S,2,2024-12-28
2178,TORN-M4,S,2,2024-12-28
2179,TORN-M6,S,9,2024-12-28
2180,TORN-M8,S,8,2024-12-28
2181,TURC-M6,S,49,2024-12-28
2182,TURC-M8,S,44,2024-12-28
2183,CABL-14,E,15,2024-12-30
2184,SOPLA-1,E,4,2024-12-30
2185,BROD-2P,S,1,2024-12-30
2186,CLAV-3P,S,2,2024-12-30
2187,CODE-1P,S,2,2024-12-30
2188,CODE-2P,S,2,2024-12-30
2189,FOCOS-L15,S,1,2024-12-30
2190,FOCOS-L9,S,2,2024-12-30
2191,LIJAD-1,S,3,2024-12-30
2192,MART-2A,S,1,2024-12-30
2193,NIVE-60,S,1,2024-12-30
2194,PINT-BL,S,4,2024-12-30
2195,PINT-GR,S,2,2024-12-30
2196,PLIE-6P,S,1,2024-12-30
2197,ROND-M6,S,16,2024-12-30
2198,ROND-M8,S,6,2024-12-30
2199,TOMA-SNC,S,12,2024-12-30
2200,TORN-M10,S,12,2024-12-30
2201,TORN-M4,S,4,2024-12-30
2202,TORN-M6,S,3,2024-12-30
2203,TORN-M8,S,12,2024-12-30
2204,TURC-M6,S,45,2024-12-30
2205,TURC-M8,S,31,2024-12-30
2206,CODE-2P,S,1,2024-12-31
2207,ESMA-NG,S,1,2024-12-31
2208,FOCOS-L15,S,1,2024-12-31
2209,FOCOS-L9,S,3,2024-12-31
2210,LIJAD-1,S,2,2024-12-31
2211,MART-2A,S,3,2024-12-31
2212,PINT-BL,S,4,2024-12-31
2213,ROND-M6,S,34,2024-12-31
2214,ROND-M8,S,20,2024-12-31
2215,SELL-TF,S,2,2024-12-31
2216,SOPLA-1,S,1,2024-12-31
2217,TOMA-DBL,S,1,2024-12-31
2218,TOMA-SNC,S,17,2024-12-31
2219,TORN-M10,S,12,2024-12-31
2220,TORN-M4,S,6,2024-12-31
2221,TORN-M6,S,6,2024-12-31
2222,TORN-M8,S,16,2024-12-31
2223,TURC-M6,S,7,2024-12-31
2224,TURC-M8,S,23,2024-12-31
2225,ROND-M8,E,1850,2025-01-01
2226,CLAV-3P,S,7,2025-01-01
2227,CODE-1P,S,1,2025-01-01
2228,CODE-2P,S,1,2025-01-01
2229,ESMA-NG,S,2,2025-01-01
2230,FOCOS-L9,S,2,2025-01-01
2231,LIJAD-1,S,1,2025-01-01
2232,PINT-BL,S,2,2025-01-01
2233,PINT-GR,S,1,2025-01-01
2234,ROND-M6,S,51,2025-01-01
2235,ROND-M8,S,43,2025-01-01
2236,TOMA-SNC,S,2,2025-01-01
2237,TORN-M10,S,2,2025-01-01
2238,TORN-M4,S,4,2025-01-01
2239,TORN-M6,S,3,2025-01-01
2240,TORN-M8,S,36,2025-01-01
2241,TURC-M6,S,51,2025-01-01
2242,TURC-M8,S,6,2025-01-01
2243,LIAV-10,E,16,2025-01-02
2244,CABL-12,S,12,2025-01-02
2245,CLAV-3P,S,2,2025-01-02
2246,CODE-1P,S,3,2025-01-02
2247,ESMA-NG,S,1,2025-01-02
2248,FOCOS-L15,S,1,2025-01-02
2249,FOCOS-L9,S,2,2025-01-02
2250,PINT-BG,S,1,2025-01-02
2251,PINT-BL,S,2,2025-01-02
2252,PINT-GR,S,1,2025-01-02
2253,ROND-M6,S,23,2025-01-02
2254,ROND-M8,S,26,2025-01-02
2255,SOPLA-1,S,1,2025-01-02
2256,TOMA-SNC,S,23,2025-01-02
2257,TORN-M10,S,8,2025-01-02
2258,TORN-M6,S,1,2025-01-02
2259,TORN-M8,S,1,2025-01-02
2260,TURC-M6,S,20,2025-01-02
2261,TURC-M8,S,23,2025-01-02
2262,BROD-2P,S,1,2025-01-03
2263,CODE-1P,S,3,2025-01-03
2264,CODE-2P,S,2,2025-01-03
2265,DEST-PL6,S,1,2025-01-03
2266,ESMA-NG,S,3,2025-01-03
2267,FOCOS-L15,S,1,2025-01-03
2268,LIJAD-1,S,1,2025-01-03
2269,PINT-BG,S,1,2025-01-03
2270,PINT-BL,S,2,2025-01-03
2271,ROLLO-1,S,1,2025-01-03
2272,ROND-M6,S,15,2025-01-03
2273,ROND-M8,S,42,2025-01-03
2274,TABL-2P,S,9,2025-01-03
2275,TOMA-SNC,S,2,2025-01-03
2276,TORN-M10,S,3,2025-01-03
2277,TORN-M4,S,2,2025-01-03
2278,TORN-M6,S,11,2025-01-03
2279,TORN-M8,S,7,2025-01-03
2280,TURC-M6,S,70,2025-01-03
2281,TURC-M8,S,32,2025-01-03
2282,TUBO-2P,E,41,2025-01-04
2283,CABL-12,S,8,2025-01-04
2284,CLAV-3P,S,1,2025-01-04
2285,CODE-1P,S,14,2025-01-04
2286,CODE-2P,S,1,2025-01-04
2287,DEST-PL6,S,1,2025-01-04
2288,ESMA-NG,S,3,2025-01-04
2289,LIJAD-1,S,1,2025-01-04
2290,LLAV-12,S,1,2025-01-04
2291,MART-2A,S,2,2025-01-04
2292,PINT-BG,S,2,2025-01-04
2293,PINT-BL,S,1,2025-01-04
2294,PINT-GR,S,2,2025-01-04
2295,PLIE-6P,S,1,2025-01-04
2296,ROND-M6,S,14,2025-01-04
2297,ROND-M8,S,24,2025-01-04
2298,TOMA-SNC,S,6,2025-01-04
2299,TORN-M10,S,5,2025-01-04
2300,TORN-M4,S,10,2025-01-04
2301,TORN-M6,S,1,2025-01-04
2302,TORN-M8,S,7,2025-01-04
2303,TURC-M6,S,45,2025-01-04
2304,TURC-M8,S,10,2025-01-04
2305,CLAV-3P,S,1,2025-01-06
2306,CODE-1P,S,7,2025-01-06
2307,DEST-PH2,S,1,2025-01-06
2308,ESMA-NG,S,2,2025-01-06
2309,FOCOS-L9,S,2,2025-01-06
2310,MART-2A,S,2,2025-01-06
2311,PINT-BG,S,2,2025-01-06
2312,ROND-M6,S,24,2025-01-06
2313,ROND-M8,S,20,2025-01-06
2314,TOMA-SNC,S,1,2025-01-06
2315,TORN-M10,S,10,2025-01-06
2316,TORN-M6,S,5,2025-01-06
2317,TORN-M8,S,15,2025-01-06
2318,TUBO-1P,S,1,2025-01-06
2319,TURC-M6,S,13,2025-01-06
2320,TURC-M8,S,36,2025-01-06
2321,BROD-4P,E,30,2025-01-07
2322,TALDR-1,E,6,2025-01-07
2323,CINT-5M,S,1,2025-01-07
2324,CLAV-3P,S,1,2025-01-07
2325,CODE-1P,S,12,2025-01-07
2326,ESMA-NG,S,1,2025-01-07
2327,FOCOS-L15,S,2,2025-01-07
2328,FOCOS-L9,S,1,2025-01-07
2329,INTE-SNC,S,1,2025-01-07
2330,MART-2A,S,4,2025-01-07
2331,NIVE-60,S,1,2025-01-07
2332,ROND-M6,S,16,2025-01-07
2333,ROND-M8,S,26,2025-01-07
2334,TOMA-SNC,S,19,2025-01-07
2335,TORN-M10,S,5,2025-01-07
2336,TORN-M4,S,3,2025-01-07
2337,TORN-M6,S,6,2025-01-07
2338,TORN-M8,S,25,2025-01-07
2339,TURC-M6,S,9,2025-01-07
2340,TURC-M8,S,6,2025-01-07
2341,MART-2A,E,45,2025-01-08
2342,PINT-GR,E,31,2025-01-08
2343,PLIE-6P,E,16,2025-01-08
2344,CLAV-3P,S,3,2025-01-08
2345,CODE-1P,S,6,2025-01-08
2346,ESMA-NG,S,1,2025-01-08
2347,FOCOS-L15,S,1,2025-01-08
2348,LIAV-10,S,1,2025-01-08
2349,LLAV-12,S,1,2025-01-08
2350,NIVE-60,S,1,2025-01-08
2351,PINT-BL,S,2,2025-01-08
2352,PLIE-6P,S,1,2025-01-08
2353,ROND-M6,S,27,2025-01-08
2354,ROND-M8,S,4,2025-01-08
2355,TOMA-SNC,S,2,2025-01-08
2356,TORN-M10,S,24,2025-01-08
2357,TORN-M4,S,11,2025-01-08
2358,TORN-M6,S,12,2025-01-08
2359,TORN-M8,S,39,2025-01-08
2360,TURC-M6,S,41,2025-01-08
2361,TURC-M8,S,35,2025-01-08
2362,CLAV-3P,S,1,2025-01-09
2363,CODE-1P,S,3,2025-01-09
2364,FOCOS-L9,S,1,2025-01-09
2365,INTE-SNC,S,2,2025-01-09
2366,LIJAD-1,S,1,2025-01-09
2367,PINT-BG,S,2,2025-01-09
2368,PINT-BL,S,3,2025-01-09
2369,PLIE-6P,S,1,2025-01-09
2370,ROND-M6,S,8,2025-01-09
2371,ROND-M8,S,22,2025-01-09
2372,TOMA-SNC,S,12,2025-01-09
2373,TORN-M10,S,7,2025-01-09
2374,TORN-M4,S,8,2025-01-09
2375,TORN-M6,S,10,2025-01-09
2376,TORN-M8,S,13,2025-01-09
2377,TUBO-1P,S,2,2025-01-09
2378,TURC-M6,S,47,2025-01-09
2379,TURC-M8,S,20,2025-01-09
2380,CLAV-3P,S,2,2025-01-10
2381,CODE-1P,S,6,2025-01-10
2382,CODE-2P,S,1,2025-01-10
2383,ESMA-NG,S,1,2025-01-10
2384,FOCOS-L9,S,2,2025-01-10
2385,LLAV-12,S,1,2025-01-10
2386,MART-2A,S,2,2025-01-10
2387,PINT-GR,S,1,2025-01-10
2388,ROND-M6,S,18,2025-01-10
2389,ROND-M8,S,32,2025-01-10
2390,TOMA-SNC,S,9,2025-01-10
2391,TORN-M10,S,6,2025-01-10
2392,TORN-M4,S,3,2025-01-10
2393,TORN-M6,S,3,2025-01-10
2394,TORN-M8,S,36,2025-01-10
2395,TURC-M6,S,38,2025-01-10
2396,TURC-M8,S,50,2025-01-10
2397,ESMER-1,E,6,2025-01-11
2398,CLAV-3P,S,1,2025-01-11
2399,CODE-1P,S,2,2025-01-11
2400,DEST-PH2,S,1,2025-01-11
2401,ESMA-NG,S,1,2025-01-11
2402,FOCOS-L9,S,1,2025-01-11
2403,INTE-SNC,S,1,2025-01-11
2404,LLAV-12,S,1,2025-01-11
2405,PINT-BG,S,1,2025-01-11
2406,PINT-BL,S,5,2025-01-11
2407,PINT-GR,S,1,2025-01-11
2408,ROND-M6,S,6,2025-01-11
2409,ROND-M8,S,8,2025-01-11
2410,TOMA-SNC,S,12,2025-01-11
2411,TORN-M10,S,10,2025-01-11
2412,TORN-M4,S,10,2025-01-11
2413,TORN-M6,S,1,2025-01-11
2414,TORN-M8,S,13,2025-01-11
2415,TURC-M6,S,11,2025-01-11
2416,TURC-M8,S,10,2025-01-11
2417,TURC-M8,E,1450,2025-01-13
2418,CABL-12,S,14,2025-01-13
2419,CLAV-3P,S,3,2025-01-13
2420,CODE-1P,S,1,2025-01-13
2421,DEST-PH2,S,1,2025-01-13
2422,ESMA-NG,S,1,2025-01-13
2423,FOCOS-L15,S,3,2025-01-13
2424,FOCOS-L9,S,3,2025-01-13
2425,LLAV-12,S,3,2025-01-13
2426,NIVE-60,S,1,2025-01-13
2427,PLIE-8P,S,1,2025-01-13
2428,ROND-M6,S,16,2025-01-13
2429,ROND-M8,S,44,2025-01-13
2430,TOMA-SNC,S,5,2025-01-13
2431,TORN-M10,S,2,2025-01-13
2432,TORN-M6,S,6,2025-01-13
2433,TORN-M8,S,41,2025-01-13
2434,TUBO-1P,S,1,2025-01-13
2435,TURC-M6,S,102,2025-01-13
2436,TURC-M8,S,47,2025-01-13
2437,CINT-5M,S,1,2025-01-14
2438,CLAV-3P,S,3,2025-01-14
2439,CODE-1P,S,1,2025-01-14
2440,CODE-2P,S,2,2025-01-14
2441,DEST-PL6,S,2,2025-01-14
2442,FOCOS-L15,S,1,2025-01-14
2443,FOCOS-L9,S,2,2025-01-14
2444,LIJAD-1,S,2,2025-01-14
2445,LLAV-12,S,1,2025-01-14
2446,PINT-BG,S,1,2025-01-14
2447,PINT-BL,S,5,2025-01-14
2448,PLIE-8P,S,1,2025-01-14
2449,ROND-M6,S,56,2025-01-14
2450,ROND-M8,S,12,2025-01-14
2451,SELL-TF,S,2,2025-01-14
2452,TOMA-SNC,S,8,2025-01-14
2453,TORN-M10,S,1,2025-01-14
2454,TORN-M4,S,3,2025-01-14
2455,TORN-M6,S,1,2025-01-14
2456,TORN-M8,S,16,2025-01-14
2457,TURC-M6,S,151,2025-01-14
2458,TURC-M8,S,42,2025-01-14
2459,BROD-4P,S,1,2025-01-15
2460,CLAV-3P,S,2,2025-01-15
2461,CODE-1P,S,1,2025-01-15
2462,DEST-PL6,S,1,2025-01-15
2463,FOCOS-L15,S,2,2025-01-15
2464,FOCOS-L9,S,2,2025-01-15
2465,MART-2A,S,2,2025-01-15
2466,PINT-BL,S,1,2025-01-15
2467,ROND-M6,S,14,2025-01-15
2468,ROND-M8,S,43,2025-01-15
2469,SIER-HK,S,1,2025-01-15
2470,TOMA-SNC,S,27,2025-01-15
2471,TORN-M10,S,9,2025-01-15
2472,TORN-M4,S,9,2025-01-15
2473,TORN-M6,S,4,2025-01-15
2474,TORN-M8,S,12,2025-01-15
2475,TUBO-1P,S,1,2025-01-15
2476,TURC-M6,S,43,2025-01-15
2477,TURC-M8,S,13,2025-01-15
2478,CLAV-2P,S,3,2025-01-16
2479,CLAV-3P,S,1,2025-01-16
2480,CODE-1P,S,8,2025-01-16
2481,CODE-2P,S,2,2025-01-16
2482,ESMA-NG,S,2,2025-01-16
2483,INTE-SNC,S,1,2025-01-16
2484,PINT-BL,S,1,2025-01-16
2485,ROND-M6,S,53,2025-01-16
2486,ROND-M8,S,47,2025-01-16
2487,TOMA-SNC,S,19,2025-01-16
2488,TORN-M10,S,3,2025-01-16
2489,TORN-M4,S,4,2025-01-16
2490,TORN-M6,S,2,2025-01-16
2491,TORN-M8,S,23,2025-01-16
2492,TUBO-1P,S,1,2025-01-16
2493,TURC-M6,S,6,2025-01-16
2494,TURC-M8,S,78,2025-01-16
2495,LIJAD-1,E,40,2025-01-17
2496,SOPLA-1,E,4,2025-01-17
2497,BROD-4P,S,1,2025-01-17
2498,CLAV-3P,S,2,2025-01-17
2499,CODE-1P,S,6,2025-01-17
2500,CODE-2P,S,1,2025-01-17
2501,DEST-PL6,S,1,2025-01-17
2502,ESMA-NG,S,1,2025-01-17
2503,FOCOS-L9,S,3,2025-01-17
2504,LIAV-10,S,1,2025-01-17
2505,LIJAD-1,S,1,2025-01-17
2506,NIVE-60,S,1,2025-01-17
2507,PINT-BG,S,1,2025-01-17
2508,PINT-BL,S,5,2025-01-17
2509,PINT-GR,S,1,2025-01-17
2510,ROND-M6,S,32,2025-01-17
2511,ROND-M8,S,11,2025-01-17
2512,SELL-TF,S,2,2025-01-17
2513,TABL-2P,S,6,2025-01-17
2514,TOMA-SNC,S,14,2025-01-17
2515,TORN-M10,S,6,2025-01-17
2516,TORN-M4,S,2,2025-01-17
2517,TORN-M6,S,1,2025-01-17
2518,TORN-M8,S,7,2025-01-17
2519,TURC-M6,S,41,2025-01-17
2520,TURC-M8,S,23,2025-01-17
2521,CLAV-3P,S,1,2025-01-18
2522,CODE-1P,S,9,2025-01-18
2523,ESMA-NG,S,1,2025-01-18
2524,INTE-SNC,S,1,2025-01-18
2525,PINT-BL,S,1,2025-01-18
2526,ROND-M6,S,17,2025-01-18
2527,ROND-M8,S,4,2025-01-18
2528,TOMA-SNC,S,9,2025-01-18
2529,TORN-M10,S,5,2025-01-18
2530,TORN-M4,S,1,2025-01-18
2531,TORN-M6,S,3,2025-01-18
2532,TORN-M8,S,13,2025-01-18
2533,TUBO-1P,S,1,2025-01-18
2534,TURC-M6,S,23,2025-01-18
2535,TURC-M8,S,29,2025-01-18
2536,ESMA-NG,E,43,2025-01-20
2537,CLAV-2P,S,1,2025-01-20
2538,CLAV-3P,S,2,2025-01-20
2539,CODE-1P,S,1,2025-01-20
2540,CODE-2P,S,1,2025-01-20
2541,FOCOS-L15,S,2,2025-01-20
2542,NIVE-60,S,1,2025-01-20
2543,PINT-BG,S,2,2025-01-20
2544,PINT-BL,S,6,2025-01-20
2545,PLIE-6P,S,1,2025-01-20
2546,ROND-M6,S,55,2025-01-20
2547,ROND-M8,S,19,2025-01-20
2548,TOMA-SNC,S,40,2025-01-20
2549,TORN-M10,S,4,2025-01-20
2550,TORN-M4,S,4,2025-01-20
2551,TORN-M6,S,12,2025-01-20
2552,TORN-M8,S,23,2025-01-20
2553,TURC-M6,S,95,2025-01-20
2554,TURC-M8,S,20,2025-01-20
2555,BROD-4P,S,1,2025-01-21
2556,CINT-5M,S,1,2025-01-21
2557,CLAV-2P,S,1,2025-01-21
2558,CLAV-3P,S,5,2025-01-21
2559,CODE-2P,S,1,2025-01-21
2560,FOCOS-L15,S,1,2025-01-21
2561,INTE-SNC,S,2,2025-01-21
2562,LIJAD-1,S,1,2025-01-21
2563,MART-1A,S,1,2025-01-21
2564,MART-2A,S,1,2025-01-21
2565,NIVE-60,S,1,2025-01-21
2566,PINT-BL,S,2,2025-01-21
2567,ROND-M6,S,23,2025-01-21
2568,ROND-M8,S,5,2025-01-21
2569,SELL-TF,S,2,2025-01-21
2570,TOMA-SNC,S,8,2025-01-21
2571,TORN-M10,S,5,2025-01-21
2572,TORN-M4,S,12,2025-01-21
2573,TORN-M6,S,11,2025-01-21
2574,TORN-M8,S,10,2025-01-21
2575,TURC-M6,S,50,2025-01-21
2576,TURC-M8,S,24,2025-01-21
2577,BROD-4P,S,1,2025-01-22
2578,CLAV-3P,S,2,2025-01-22
2579,CODE-1P,S,4,2025-01-22
2580,DEST-PL6,S,1,2025-01-22
2581,FOCOS-L9,S,4,2025-01-22
2582,LIJAD-1,S,1,2025-01-22
2583,MART-2A,S,2,2025-01-22
2584,PINT-BL,S,1,2025-01-22
2585,PLIE-8P,S,1,2025-01-22
2586,ROLLO-1,S,1,2025-01-22
2587,ROND-M6,S,20,2025-01-22
2588,ROND-M8,S,10,2025-01-22
2589,SELL-TF,S,1,2025-01-22
2590,TOMA-SNC,S,7,2025-01-22
2591,TORN-M10,S,2,2025-01-22
2592,TORN-M4,S,1,2025-01-22
2593,TORN-M6,S,7,2025-01-22
2594,TORN-M8,S,23,2025-01-22
2595,TUBO-1P,S,1,2025-01-22
2596,TURC-M6,S,170,2025-01-22
2597,TURC-M8,S,42,2025-01-22
2598,BROD-4P,S,1,2025-01-23
2599,CLAV-3P,S,2,2025-01-23
2600,CODE-1P,S,4,2025-01-23
2601,CODE-2P,S,2,2025-01-23
2602,ESMA-NG,S,2,2025-01-23
2603,FOCOS-L15,S,2,2025-01-23
2604,FOCOS-L9,S,3,2025-01-23
2605,LIJAD-1,S,1,2025-01-23
2606,LLAV-12,S,1,2025-01-23
2607,MART-2A,S,1,2025-01-23
2608,PINT-BL,S,2,2025-01-23
2609,PINT-GR,S,1,2025-01-23
2610,PLIE-6P,S,1,2025-01-23
2611,ROND-M6,S,31,2025-01-23
2612,ROND-M8,S,15,2025-01-23
2613,SELL-TF,S,1,2025-01-23
2614,SIER-HK,S,2,2025-01-23
2615,TOMA-SNC,S,4,2025-01-23
2616,TORN-M10,S,8,2025-01-23
2617,TORN-M6,S,15,2025-01-23
2618,TORN-M8,S,29,2025-01-23
2619,TURC-M6,S,8,2025-01-23
2620,TURC-M8,S,11,2025-01-23
2621,CLAV-3P,S,4,2025-01-24
2622,CODE-1P,S,2,2025-01-24
2623,CODE-2P,S,3,2025-01-24
2624,DEST-PL6,S,1,2025-01-24
2625,FOCOS-L15,S,1,2025-01-24
2626,FOCOS-L9,S,3,2025-01-24
2627,MART-2A,S,1,2025-01-24
2628,NIVE-60,S,1,2025-01-24
2629,PINT-BG,S,3,2025-01-24
2630,PINT-BL,S,1,2025-01-24
2631,ROND-M6,S,24,2025-01-24
2632,ROND-M8,S,6,2025-01-24
2633,TALDR-2,S,1,2025-01-24
2634,TOMA-SNC,S,9,2025-01-24
2635,TORN-M10,S,5,2025-01-24
2636,TORN-M4,S,7,2025-01-24
2637,TORN-M6,S,3,2025-01-24
2638,TORN-M8,S,19,2025-01-24
2639,TUBO-2P,S,19,2025-01-24
2640,TURC-M6,S,23,2025-01-24
2641,TURC-M8,S,12,2025-01-24
2642,CINT-5M,S,2,2025-01-25
2643,CLAV-3P,S,2,2025-01-25
2644,CODE-1P,S,12,2025-01-25
2645,CODE-2P,S,1,2025-01-25
2646,DEST-PH2,S,1,2025-01-25
2647,FOCOS-L15,S,2,2025-01-25
2648,FOCOS-L9,S,2,2025-01-25
2649,LIJAD-1,S,1,2025-01-25
2650,LLAV-12,S,2,2025-01-25
2651,MART-2A,S,1,2025-01-25
2652,NIVE-60,S,1,2025-01-25
2653,PINT-BL,S,2,2025-01-25
2654,ROND-M6,S,31,2025-01-25
2655,ROND-M8,S,24,2025-01-25
2656,SELL-TF,S,2,2025-01-25
2657,TOMA-SNC,S,8,2025-01-25
2658,TORN-M10,S,10,2025-01-25
2659,TORN-M4,S,4,2025-01-25
2660,TORN-M6,S,11,2025-01-25
2661,TORN-M8,S,18,2025-01-25
2662,TURC-M6,S,121,2025-01-25
2663,TURC-M8,S,40,2025-01-25
2664,TABL-2P,E,15,2025-01-27
2665,BROD-2P,S,1,2025-01-27
2666,CABL-12,S,11,2025-01-27
2667,CLAV-3P,S,9,2025-01-27
2668,CODE-1P,S,1,2025-01-27
2669,CODE-2P,S,2,2025-01-27
2670,DEST-PL6,S,1,2025-01-27
2671,FOCOS-L15,S,3,2025-01-27
2672,MART-2A,S,1,2025-01-27
2673,NIVE-60,S,1,2025-01-27
2674,PINT-BL,S,1,2025-01-27
2675,PLIE-8P,S,1,2025-01-27
2676,ROND-M6,S,20,2025-01-27
2677,ROND-M8,S,35,2025-01-27
2678,TOMA-SNC,S,3,2025-01-27
2679,TORN-M10,S,3,2025-01-27
2680,TORN-M4,S,2,2025-01-27
2681,TORN-M6,S,3,2025-01-27
2682,TORN-M8,S,7,2025-01-27
2683,TURC-M6,S,169,2025-01-27
2684,TURC-M8,S,35,2025-01-27
2685,CINT-5M,S,1,2025-01-28
2686,CLAV-3P,S,2,2025-01-28
2687,CODE-1P,S,2,2025-01-28
2688,CODE-2P,S,2,2025-01-28
2689,ESMA-NG,S,4,2025-01-28
2690,FOCOS-L15,S,2,2025-01-28
2691,FOCOS-L9,S,2,2025-01-28
2692,LIJAD-1,S,3,2025-01-28
2693,MART-2A,S,4,2025-01-28
2694,PINT-BG,S,1,2025-01-28
2695,PINT-BL,S,6,2025-01-28
2696,ROND-M6,S,25,2025-01-28
2697,ROND-M8,S,3,2025-01-28
2698,SELL-TF,S,1,2025-01-28
2699,TOMA-DBL,S,2,2025-01-28
2700,TOMA-SNC,S,9,2025-01-28
2701,TORN-M10,S,8,2025-01-28
2702,TORN-M4,S,8,2025-01-28
2703,TORN-M6,S,5,2025-01-28
2704,TORN-M8,S,29,2025-01-28
2705,TURC-M6,S,4,2025-01-28
2706,TURC-M8,S,43,2025-01-28
2707,CLAV-3P,S,9,2025-01-29
2708,CODE-1P,S,2,2025-01-29
2709,CODE-2P,S,2,2025-01-29
2710,INTE-SNC,S,1,2025-01-29
2711,LIJAD-1,S,1,2025-01-29
2712,MART-2A,S,1,2025-01-29
2713,PINT-BL,S,2,2025-01-29
2714,PINT-GR,S,1,2025-01-29
2715,ROND-M6,S,24,2025-01-29
2716,ROND-M8,S,53,2025-01-29
2717,TOMA-SNC,S,4,2025-01-29
2718,TORN-M10,S,2,2025-01-29
2719,TORN-M4,S,6,2025-01-29
2720,TORN-M6,S,9,2025-01-29
2721,TORN-M8,S,11,2025-01-29
2722,TURC-M6,S,163,2025-01-29
2723,TURC-M8,S,24,2025-01-29
2724,TORN-M8,E,750,2025-01-30
2725,CINT-5M,S,1,2025-01-30
2726,CLAV-2P,S,1,2025-01-30
2727,CLAV-3P,S,1,2025-01-30
2728,CODE-1P,S,1,2025-01-30
2729,ESMA-NG,S,2,2025-01-30
2730,FOCOS-L9,S,2,2025-01-30
2731,LIJAD-1,S,1,2025-01-30
2732,MART-2A,S,1,2025-01-30
2733,PINT-BL,S,2,2025-01-30
2734,PINT-GR,S,1,2025-01-30
2735,PLIE-8P,S,1,2025-01-30
2736,ROND-M6,S,17,2025-01-30
2737,ROND-M8,S,2,2025-01-30
2738,TOMA-SNC,S,6,2025-01-30
2739,TORN-M10,S,21,2025-01-30
2740,TORN-M4,S,2,2025-01-30
2741,TORN-M6,S,2,2025-01-30
2742,TORN-M8,S,18,2025-01-30
2743,TURC-M6,S,63,2025-01-30
2744,TURC-M8,S,6,2025-01-30
2745,CINT-5M,S,1,2025-01-31
2746,CODE-1P,S,3,2025-01-31
2747,CODE-2P,S,2,2025-01-31
2748,ESMA-NG,S,1,2025-01-31
2749,FOCOS-L15,S,2,2025-01-31
2750,FOCOS-L9,S,2,2025-01-31
2751,INTE-SNC,S,1,2025-01-31
2752,LIAV-10,S,1,2025-01-31
2753,PINT-BL,S,3,2025-01-31
2754,PINT-GR,S,1,2025-01-31
2755,ROND-M6,S,6,2025-01-31
2756,ROND-M8,S,22,2025-01-31
2757,TOMA-SNC,S,11,2025-01-31
2758,TORN-M10,S,6,2025-01-31
2759,TORN-M4,S,7,2025-01-31
2760,TORN-M6,S,2,2025-01-31
2761,TORN-M8,S,6,2025-01-31
2762,TUBO-1P,S,1,2025-01-31
2763,TURC-M6,S,95,2025-01-31
2764,TURC-M8,S,37,2025-01-31
2765,CLAV-3P,S,2,2025-02-01
2766,CODE-1P,S,1,2025-02-01
2767,CODE-2P,S,1,2025-02-01
2768,DEST-PH2,S,2,2025-02-01
2769,FOCOS-L15,S,2,2025-02-01
2770,FOCOS-L9,S,9,2025-02-01
2771,PINT-BL,S,4,2025-02-01
2772,PINT-GR,S,1,2025-02-01
2773,ROND-M6,S,13,2025-02-01
2774,ROND-M8,S,24,2025-02-01
2775,SELL-TF,S,2,2025-02-01
2776,TOMA-SNC,S,11,2025-02-01
2777,TORN-M10,S,5,2025-02-01
2778,TORN-M4,S,4,2025-02-01
2779,TORN-M6,S,9,2025-02-01
2780,TORN-M8,S,19,2025-02-01
2781,TURC-M6,S,50,2025-02-01
2782,TURC-M8,S,4,2025-02-01
2783,TURC-M6,E,2900,2025-02-03
2784,CLAV-3P,S,11,2025-02-03
2785,CODE-1P,S,7,2025-02-03
2786,CODE-2P,S,1,2025-02-03
2787,FOCOS-L15,S,2,2025-02-03
2788,FOCOS-L9,S,4,2025-02-03
2789,INTE-SNC,S,1,2025-02-03
2790,PINT-BG,S,1,2025-02-03
2791,ROND-M6,S,13,2025-02-03
2792,ROND-M8,S,10,2025-02-03
2793,TOMA-SNC,S,4,2025-02-03
2794,TORN-M10,S,2,2025-02-03
2795,TORN-M4,S,5,2025-02-03
2796,TORN-M6,S,1,2025-02-03
2797,TORN-M8,S,9,2025-02-03
2798,TURC-M6,S,78,2025-02-03
2799,TURC-M8,S,12,2025-02-03
2800,CLAV-3P,S,1,2025-02-04
2801,CODE-1P,S,8,2025-02-04
2802,ESMA-NG,S,1,2025-02-04
2803,FOCOS-L9,S,2,2025-02-04
2804,MART-2A,S,1,2025-02-04
2805,NIVE-60,S,1,2025-02-04
2806,PINT-GR,S,1,2025-02-04
2807,ROLLO-1,S,1,2025-02-04
2808,ROND-M6,S,22,2025-02-04
2809,ROND-M8,S,45,2025-02-04
2810,TOMA-SNC,S,7,2025-02-04
2811,TORN-M10,S,8,2025-02-04
2812,TORN-M4,S,5,2025-02-04
2813,TORN-M6,S,3,2025-02-04
2814,TORN-M8,S,6,2025-02-04
2815,TUBO-1P,S,2,2025-02-04
2816,TURC-M6,S,27,2025-02-04
2817,TURC-M8,S,5,2025-02-04
2818,FOCOS-L9,E,130,2025-02-05
2819,CINT-5M,S,1,2025-02-05
2820,CODE-1P,S,5,2025-02-05
2821,FOCOS-L9,S,1,2025-02-05
2822,INTE-SNC,S,1,2025-02-05
2823,MART-2A,S,1,2025-02-05
2824,PINT-BL,S,2,2025-02-05
2825,PINT-GR,S,1,2025-02-05
2826,ROND-M6,S,57,2025-02-05
2827,ROND-M8,S,16,2025-02-05
2828,TOMA-SNC,S,17,2025-02-05
2829,TORN-M10,S,3,2025-02-05
2830,TORN-M4,S,1,2025-02-05
2831,TURC-M6,S,13,2025-02-05
2832,TURC-M8,S,21,2025-02-05
2833,BROD-4P,S,1,2025-02-06
2834,CLAV-3P,S,2,2025-02-06
2835,CODE-1P,S,7,2025-02-06
2836,FOCOS-L9,S,4,2025-02-06
2837,MART-2A,S,1,2025-02-06
2838,PINT-BG,S,1,2025-02-06
2839,PLIE-8P,S,1,2025-02-06
2840,ROND-M6,S,63,2025-02-06
2841,ROND-M8,S,8,2025-02-06
2842,SELL-TF,S,1,2025-02-06
2843,TOMA-SNC,S,3,2025-02-06
2844,TORN-M10,S,7,2025-02-06
2845,TORN-M4,S,6,2025-02-06
2846,TORN-M6,S,6,2025-02-06
2847,TORN-M8,S,41,2025-02-06
2848,TURC-M6,S,10,2025-02-06
2849,TURC-M8,S,22,2025-02-06
2850,TALDR-2,E,4,2025-02-07
2851,CINT-5M,S,1,2025-02-07
2852,CODE-1P,S,2,2025-02-07
2853,ESMA-NG,S,1,2025-02-07
2854,FOCOS-L15,S,1,2025-02-07
2855,FOCOS-L9,S,1,2025-02-07
2856,LIJAD-1,S,1,2025-02-07
2857,LLAV-12,S,1,2025-02-07
2858,PINT-BG,S,1,2025-02-07
2859,PINT-BL,S,1,2025-02-07
2860,PLIE-8P,S,1,2025-02-07
2861,ROND-M6,S,1,2025-02-07
2862,ROND-M8,S,30,2025-02-07
2863,SIER-C1,S,1,2025-02-07
2864,TABL-1P,S,1,2025-02-07
2865,TOMA-SNC,S,1,2025-02-07
2866,TORN-M10,S,10,2025-02-07
2867,TORN-M4,S,1,2025-02-07
2868,TORN-M8,S,9,2025-02-07
2869,TURC-M6,S,32,2025-02-07
2870,TURC-M8,S,23,2025-02-07
2871,CABL-12,S,9,2025-02-08
2872,CINT-5M,S,1,2025-02-08
2873,CLAV-3P,S,5,2025-02-08
2874,CODE-1P,S,9,2025-02-08
2875,ESMA-NG,S,1,2025-02-08
2876,PINT-BG,S,2,2025-02-08
2877,PINT-BL,S,8,2025-02-08
2878,ROND-M6,S,101,2025-02-08
2879,ROND-M8,S,8,2025-02-08
2880,SELL-TF,S,1,2025-02-08
2881,TOMA-SNC,S,3,2025-02-08
2882,TORN-M10,S,10,2025-02-08
2883,TORN-M4,S,2,2025-02-08
2884,TORN-M6,S,3,2025-02-08
2885,TORN-M8,S,4,2025-02-08
2886,TURC-M6,S,55,2025-02-08
2887,TURC-M8,S,11,2025-02-08
2888,CINT-5M,S,1,2025-02-10
2889,CLAV-3P,S,2,2025-02-10
2890,CODE-1P,S,5,2025-02-10
2891,DEST-PL6,S,1,2025-02-10
2892,FOCOS-L15,S,1,2025-02-10
2893,FOCOS-L9,S,11,2025-02-10
2894,MART-2A,S,1,2025-02-10
2895,NIVE-60,S,1,2025-02-10
2896,PINT-BG,S,1,2025-02-10
2897,PINT-BL,S,7,2025-02-10
2898,PLIE-6P,S,1,2025-02-10
2899,ROND-M6,S,12,2025-02-10
2900,ROND-M8,S,77,2025-02-10
2901,SOPLA-1,S,1,2025-02-10
2902,TOMA-SNC,S,1,2025-02-10
2903,TORN-M4,S,5,2025-02-10
2904,TORN-M6,S,4,2025-02-10
2905,TORN-M8,S,14,2025-02-10
2906,TURC-M6,S,125,2025-02-10
2907,TURC-M8,S,97,2025-02-10
2908,BROD-4P,S,1,2025-02-11
2909,CLAV-3P,S,2,2025-02-11
2910,CODE-1P,S,10,2025-02-11
2911,DEST-PL6,S,1,2025-02-11
2912,ESMA-NG,S,1,2025-02-11
2913,FOCOS-L9,S,2,2025-02-11
2914,LLAV-12,S,1,2025-02-11
2915,MART-2A,S,1,2025-02-11
2916,PINT-BL,S,1,2025-02-11
2917,ROLLO-1,S,1,2025-02-11
2918,ROND-M6,S,19,2025-02-11
2919,ROND-M8,S,40,2025-02-11
2920,SELL-TF,S,1,2025-02-11
2921,SIER-C1,S,1,2025-02-11
2922,TOMA-DBL,S,1,2025-02-11
2923,TOMA-SNC,S,18,2025-02-11
2924,TORN-M10,S,1,2025-02-11
2925,TORN-M4,S,8,2025-02-11
2926,TORN-M6,S,3,2025-02-11
2927,TORN-M8,S,9,2025-02-11
2928,TUBO-1P,S,1,2025-02-11
2929,TURC-M6,S,117,2025-02-11
2930,TURC-M8,S,16,2025-02-11
2931,BROD-4P,S,2,2025-02-12
2932,CODE-1P,S,3,2025-02-12
2933,FOCOS-L15,S,1,2025-02-12
2934,FOCOS-L9,S,1,2025-02-12
2935,INTE-SNC,S,1,2025-02-12
2936,MART-2A,S,4,2025-02-12
2937,PINT-BG,S,1,2025-02-12
2938,PINT-BL,S,5,2025-02-12
2939,ROND-M6,S,17,2025-02-12
2940,ROND-M8,S,9,2025-02-12
2941,SELL-TF,S,2,2025-02-12
2942,TOMA-SNC,S,16,2025-02-12
2943,TORN-M10,S,8,2025-02-12
2944,TORN-M4,S,2,2025-02-12
2945,TORN-M6,S,5,2025-02-12
2946,TORN-M8,S,13,2025-02-12
2947,TURC-M6,S,51,2025-02-12
2948,TURC-M8,S,38,2025-02-12
2949,CINT-5M,S,1,2025-02-13
2950,CODE-1P,S,3,2025-02-13
2951,CODE-2P,S,2,2025-02-13
2952,FOCOS-L9,S,4,2025-02-13
2953,LIAV-10,S,1,2025-02-13
2954,PINT-BG,S,1,2025-02-13
2955,PLIE-6P,S,1,2025-02-13
2956,ROND-M6,S,45,2025-02-13
2957,ROND-M8,S,1,2025-02-13
2958,SIER-C1,S,1,2025-02-13
2959,SIER-HK,S,1,2025-02-13
2960,TOMA-SNC,S,15,2025-02-13
2961,TORN-M10,S,3,2025-02-13
2962,TORN-M4,S,3,2025-02-13
2963,TORN-M6,S,4,2025-02-13
2964,TORN-M8,S,17,2025-02-13
2965,TURC-M6,S,23,2025-02-13
2966,TURC-M8,S,46,2025-02-13
2967,CABL-14,S,13,2025-02-14
2968,CLAV-2P,S,1,2025-02-14
2969,CLAV-3P,S,2,2025-02-14
2970,CODE-1P,S,4,2025-02-14
2971,CODE-2P,S,4,2025-02-14
2972,ESMA-NG,S,1,2025-02-14
2973,ESMER-2,S,1,2025-02-14
2974,FOCOS-L9,S,3,2025-02-14
2975,MART-2A,S,1,2025-02-14
2976,NIVE-60,S,1,2025-02-14
2977,PINT-BL,S,1,2025-02-14
2978,ROND-M6,S,18,2025-02-14
2979,ROND-M8,S,22,2025-02-14
2980,SOPLA-1,S,1,2025-02-14
2981,TOMA-SNC,S,5,2025-02-14
2982,TORN-M10,S,6,2025-02-14
2983,TORN-M4,S,4,2025-02-14
2984,TORN-M6,S,9,2025-02-14
2985,TORN-M8,S,40,2025-02-14
2986,TUBO-1P,S,2,2025-02-14
2987,TURC-M6,S,5,2025-02-14
2988,TURC-M8,S,12,2025-02-14
2989,CABL-12,E,54,2025-02-15
2990,CLAV-2P,S,1,2025-02-15
2991,CLAV-3P,S,11,2025-02-15
2992,CODE-1P,S,6,2025-02-15
2993,DEST-PL6,S,2,2025-02-15
2994,FOCOS-L9,S,1,2025-02-15
2995,LIJAD-1,S,2,2025-02-15
2996,LLAV-12,S,1,2025-02-15
2997,PINT-BL,S,2,2025-02-15
2998,PINT-GR,S,1,2025-02-15
2999,ROND-M6,S,19,2025-02-15
3000,ROND-M8,S,58,2025-02-15
3001,SIER-HK,S,1,2025-02-15
3002,TOMA-DBL,S,1,2025-02-15
3003,TOMA-SNC,S,9,2025-02-15
3004,TORN-M10,S,4,2025-02-15
3005,TORN-M4,S,12,2025-02-15
3006,TORN-M6,S,1,2025-02-15
3007,TORN-M8,S,18,2025-02-15
3008,TURC-M6,S,28,2025-02-15
3009,TURC-M8,S,5,2025-02-15
3010,CABL-14,E,13,2025-02-17
3011,CLAV-2P,S,1,2025-02-17
3012,CLAV-3P,S,1,2025-02-17
3013,CODE-1P,S,3,2025-02-17
3014,FOCOS-L15,S,1,2025-02-17
3015,FOCOS-L9,S,7,2025-02-17
3016,LIAV-10,S,2,2025-02-17
3017,PINT-BL,S,1,2025-02-17
3018,PLIE-8P,S,1,2025-02-17
3019,ROND-M6,S,4,2025-02-17
3020,ROND-M8,S,10,2025-02-17
3021,SELL-TF,S,2,2025-02-17
3022,TOMA-SNC,S,8,2025-02-17
3023,TORN-M10,S,5,2025-02-17
3024,TORN-M4,S,1,2025-02-17
3025,TORN-M6,S,9,2025-02-17
3026,TORN-M8,S,47,2025-02-17
3027,TURC-M6,S,72,2025-02-17
3028,TURC-M8,S,23,2025-02-17
3029,CLAV-2P,S,1,2025-02-18
3030,CODE-1P,S,3,2025-02-18
3031,CODE-2P,S,1,2025-02-18
3032,DEST-PL6,S,1,2025-02-18
3033,FOCOS-L9,S,1,2025-02-18
3034,INTE-SNC,S,2,2025-02-18
3035,LLAV-12,S,1,2025-02-18
3036,MART-2A,S,2,2025-02-18
3037,NIVE-60,S,1,2025-02-18
3038,PINT-BL,S,5,2025-02-18
3039,ROND-M6,S,16,2025-02-18
3040,ROND-M8,S,41,2025-02-18
3041,SELL-TF,S,1,2025-02-18
3042,TOMA-SNC,S,9,2025-02-18
3043,TORN-M10,S,6,2025-02-18
3044,TORN-M4,S,8,2025-02-18
3045,TORN-M6,S,10,2025-02-18
3046,TORN-M8,S,9,2025-02-18
3047,TURC-M6,S,38,2025-02-18
3048,TURC-M8,S,35,2025-02-18
3049,CINT-5M,S,1,2025-02-19
3050,CLAV-3P,S,1,2025-02-19
3051,CODE-1P,S,2,2025-02-19
3052,CODE-2P,S,1,2025-02-19
3053,ESMA-NG,S,1,2025-02-19
3054,FOCOS-L9,S,3,2025-02-19
3055,MART-2A,S,1,2025-02-19
3056,PINT-BL,S,2,2025-02-19
3057,ROND-M6,S,4,2025-02-19
3058,ROND-M8,S,26,2025-02-19
3059,SELL-TF,S,1,2025-02-19
3060,TOMA-SNC,S,17,2025-02-19
3061,TORN-M10,S,10,2025-02-19
3062,TORN-M4,S,3,2025-02-19
3063,TORN-M6,S,7,2025-02-19
3064,TORN-M8,S,26,2025-02-19
3065,TURC-M6,S,25,2025-02-19
3066,TURC-M8,S,20,2025-02-19
3067,BROD-4P,S,1,2025-02-20
3068,CLAV-3P,S,1,2025-02-20
3069,CODE-1P,S,8,2025-02-20
3070,DEST-PL6,S,2,2025-02-20
3071,ESMA-NG,S,1,2025-02-20
3072,FOCOS-L15,S,2,2025-02-20
3073,FOCOS-L9,S,2,2025-02-20
3074,MART-2A,S,2,2025-02-20
3075,PINT-BL,S,2,2025-02-20
3076,ROLLO-1,S,1,2025-02-20
3077,ROND-M6,S,14,2025-02-20
3078,ROND-M8,S,31,2025-02-20
3079,SIER-C1,S,1,2025-02-20
3080,SIER-HK,S,1,2025-02-20
3081,TOMA-SNC,S,6,2025-02-20
3082,TORN-M10,S,4,2025-02-20
3083,TORN-M4,S,4,2025-02-20
3084,TORN-M6,S,2,2025-02-20
3085,TORN-M8,S,6,2025-02-20
3086,TURC-M6,S,126,2025-02-20
3087,TURC-M8,S,69,2025-02-20
3088,CLAV-3P,E,150,2025-02-21
3089,BROD-4P,S,2,2025-02-21
3090,CODE-1P,S,2,2025-02-21
3091,ESMA-NG,S,2,2025-02-21
3092,FOCOS-L9,S,1,2025-02-21
3093,INTE-SNC,S,1,2025-02-21
3094,LLAV-12,S,1,2025-02-21
3095,MART-2A,S,1,2025-02-21
3096,PINT-BG,S,1,2025-02-21
3097,PINT-BL,S,5,2025-02-21
3098,ROND-M6,S,14,2025-02-21
3099,ROND-M8,S,11,2025-02-21
3100,SIER-HK,S,1,2025-02-21
3101,TOMA-DBL,S,1,2025-02-21
3102,TOMA-SNC,S,13,2025-02-21
3103,TORN-M10,S,6,2025-02-21
3104,TORN-M4,S,6,2025-02-21
3105,TORN-M6,S,4,2025-02-21
3106,TORN-M8,S,5,2025-02-21
3107,TURC-M6,S,38,2025-02-21
3108,TURC-M8,S,33,2025-02-21
3109,CINT-5M,E,20,2025-02-22
3110,CABL-12,S,6,2025-02-22
3111,CLAV-3P,S,2,2025-02-22
3112,CODE-1P,S,7,2025-02-22
3113,FOCOS-L9,S,8,2025-02-22
3114,INTE-SNC,S,1,2025-02-22
3115,NIVE-60,S,1,2025-02-22
3116,PINT-BG,S,1,2025-02-22
3117,PINT-BL,S,2,2025-02-22
3118,ROND-M6,S,69,2025-02-22
3119,ROND-M8,S,21,2025-02-22
3120,SIER-HK,S,2,2025-02-22
3121,TOMA-SNC,S,6,2025-02-22
3122,TORN-M10,S,1,2025-02-22
3123,TORN-M4,S,7,2025-02-22
3124,TORN-M6,S,3,2025-02-22
3125,TORN-M8,S,13,2025-02-22
3126,TURC-M6,S,49,2025-02-22
3127,TURC-M8,S,14,2025-02-22
3128,FOCOS-L15,E,100,2025-02-24
3129,PLIE-8P,E,12,2025-02-24
3130,TOMA-SNC,E,500,2025-02-24
3131,CODE-1P,S,6,2025-02-24
3132,CODE-2P,S,2,2025-02-24
3133,ESMA-NG,S,2,2025-02-24
3134,FOCOS-L15,S,2,2025-02-24
3135,FOCOS-L9,S,4,2025-02-24
3136,LIJAD-1,S,2,2025-02-24
3137,MART-2A,S,1,2025-02-24
3138,NIVE-60,S,1,2025-02-24
3139,PINT-BL,S,1,2025-02-24
3140,PLIE-8P,S,1,2025-02-24
3141,ROND-M6,S,18,2025-02-24
3142,ROND-M8,S,24,2025-02-24
3143,TOMA-SNC,S,12,2025-02-24
3144,TORN-M10,S,10,2025-02-24
3145,TORN-M4,S,9,2025-02-24
3146,TORN-M6,S,7,2025-02-24
3147,TORN-M8,S,14,2025-02-24
3148,TUBO-2P,S,20,2025-02-24
3149,TURC-M6,S,62,2025-02-24
3150,TURC-M8,S,34,2025-02-24
3151,CLAV-3P,S,3,2025-02-25
3152,CODE-1P,S,9,2025-02-25
3153,ESMA-NG,S,1,2025-02-25
3154,PINT-BG,S,1,2025-02-25
3155,PINT-BL,S,2,2025-02-25
3156,ROND-M6,S,69,2025-02-25
3157,ROND-M8,S,10,2025-02-25
3158,TOMA-SNC,S,4,2025-02-25
3159,TORN-M10,S,8,2025-02-25
3160,TORN-M4,S,4,2025-02-25
3161,TORN-M6,S,6,2025-02-25
3162,TORN-M8,S,21,2025-02-25
3163,TURC-M6,S,69,2025-02-25
3164,TURC-M8,S,46,2025-02-25
3165,CINT-5M,S,1,2025-02-26
3166,CLAV-3P,S,3,2025-02-26
3167,CODE-1P,S,4,2025-02-26
3168,ESMA-NG,S,1,2025-02-26
3169,FOCOS-L15,S,1,2025-02-26
3170,FOCOS-L9,S,1,2025-02-26
3171,LLAV-12,S,2,2025-02-26
3172,MART-2A,S,2,2025-02-26
3173,PINT-BL,S,3,2025-02-26
3174,PINT-GR,S,1,2025-02-26
3175,PLIE-8P,S,1,2025-02-26
3176,ROND-M6,S,15,2025-02-26
3177,ROND-M8,S,46,2025-02-26
3178,TOMA-SNC,S,1,2025-02-26
3179,TORN-M10,S,9,2025-02-26
3180,TORN-M4,S,2,2025-02-26
3181,TORN-M6,S,8,2025-02-26
3182,TORN-M8,S,19,2025-02-26
3183,TURC-M6,S,72,2025-02-26
3184,TURC-M8,S,28,2025-02-26
3185,NIVE-60,E,20,2025-02-27
3186,BROD-2P,S,1,2025-02-27
3187,CLAV-2P,S,1,2025-02-27
3188,CLAV-3P,S,10,2025-02-27
3189,CODE-1P,S,11,2025-02-27
3190,DEST-PH2,S,1,2025-02-27
3191,FOCOS-L9,S,2,2025-02-27
3192,LIJAD-1,S,1,2025-02-27
3193,ROND-M6,S,59,2025-02-27
3194,ROND-M8,S,36,2025-02-27
3195,SELL-TF,S,1,2025-02-27
3196,SIER-HK,S,1,2025-02-27
3197,TOMA-SNC,S,12,2025-02-27
3198,TORN-M10,S,3,2025-02-27
3199,TORN-M4,S,5,2025-02-27
3200,TORN-M6,S,1,2025-02-27
3201,TORN-M8,S,15,2025-02-27
3202,TURC-M6,S,40,2025-02-27
3203,TURC-M8,S,17,2025-02-27
3204,CINT-5M,S,1,2025-02-28
3205,CLAV-3P,S,2,2025-02-28
3206,CODE-1P,S,8,2025-02-28
3207,CODE-2P,S,1,2025-02-28
3208,DEST-PL6,S,1,2025-02-28
3209,FOCOS-L15,S,1,2025-02-28
3210,FOCOS-L9,S,5,2025-02-28
3211,NIVE-60,S,1,2025-02-28
3212,ROND-M6,S,7,2025-02-28
3213,ROND-M8,S,24,2025-02-28
3214,TOMA-DBL,S,1,2025-02-28
3215,TOMA-SNC,S,33,2025-02-28
3216,TORN-M10,S,13,2025-02-28
3217,TORN-M4,S,3,2025-02-28
3218,TORN-M6,S,4,2025-02-28
3219,TORN-M8,S,9,2025-02-28
3220,TURC-M6,S,48,2025-02-28
3221,TURC-M8,S,17,2025-02-28
3222,CINT-5M,S,1,2025-03-01
3223,CLAV-3P,S,1,2025-03-01
3224,CODE-1P,S,3,2025-03-01
3225,CODE-2P,S,4,2025-03-01
3226,DEST-PL6,S,1,2025-03-01
3227,FOCOS-L15,S,1,2025-03-01
3228,FOCOS-L9,S,1,2025-03-01
3229,LLAV-12,S,1,2025-03-01
3230,MART-2A,S,2,2025-03-01
3231,PINT-BG,S,2,2025-03-01
3232,PINT-BL,S,2,2025-03-01
3233,ROND-M6,S,18,2025-03-01
3234,ROND-M8,S,34,2025-03-01
3235,TALDR-1,S,1,2025-03-01
3236,TOMA-SNC,S,2,2025-03-01
3237,TORN-M10,S,8,2025-03-01
3238,TORN-M4,S,5,2025-03-01
3239,TORN-M6,S,3,2025-03-01
3240,TORN-M8,S,5,2025-03-01
3241,TURC-M6,S,22,2025-03-01
3242,TURC-M8,S,6,2025-03-01
3243,TUBO-2P,E,39,2025-03-03
3244,CLAV-3P,S,2,2025-03-03
3245,CODE-1P,S,4,2025-03-03
3246,DEST-PH2,S,1,2025-03-03
3247,ESMA-NG,S,1,2025-03-03
3248,FOCOS-L15,S,1,2025-03-03
3249,FOCOS-L9,S,2,2025-03-03
3250,LIJAD-1,S,1,2025-03-03
3251,NIVE-60,S,1,2025-03-03
3252,PINT-BL,S,6,2025-03-03
3253,ROND-M6,S,19,2025-03-03
3254,ROND-M8,S,52,2025-03-03
3255,SOPLA-1,S,1,2025-03-03
3256,TOMA-SNC,S,7,2025-03-03
3257,TORN-M4,S,6,2025-03-03
3258,TORN-M6,S,11,2025-03-03
3259,TORN-M8,S,6,2025-03-03
3260,TURC-M6,S,20,2025-03-03
3261,TURC-M8,S,67,2025-03-03
3262,CODE-1P,E,300,2025-03-04
3263,LLAV-12,E,35,2025-03-04
3264,CABL-12,S,7,2025-03-04
3265,CODE-1P,S,2,2025-03-04
3266,DEST-PL6,S,1,2025-03-04
3267,ESMA-NG,S,2,2025-03-04
3268,FOCOS-L9,S,6,2025-03-04
3269,LIJAD-1,S,1,2025-03-04
3270,MART-2A,S,1,2025-03-04
3271,PINT-BG,S,2,2025-03-04
3272,PINT-BL,S,1,2025-03-04
3273,PINT-GR,S,1,2025-03-04
3274,PLIE-6P,S,1,2025-03-04
3275,ROND-M6,S,1,2025-03-04
3276,ROND-M8,S,8,2025-03-04
3277,SELL-TF,S,4,2025-03-04
3278,TOMA-SNC,S,16,2025-03-04
3279,TORN-M10,S,16,2025-03-04
3280,TORN-M4,S,5,2025-03-04
3281,TORN-M6,S,2,2025-03-04
3282,TORN-M8,S,21,2025-03-04
3283,TURC-M6,S,152,2025-03-04
3284,TURC-M8,S,24,2025-03-04
3285,CLAV-3P,S,1,2025-03-05
3286,CODE-2P,S,1,2025-03-05
3287,DEST-PL6,S,1,2025-03-05
3288,FOCOS-L9,S,3,2025-03-05
3289,LLAV-12,S,1,2025-03-05
3290,MART-1A,S,1,2025-03-05
3291,MART-2A,S,2,2025-03-05
3292,PINT-BG,S,2,2025-03-05
3293,PINT-BL,S,1,2025-03-05
3294,PINT-GR,S,1,2025-03-05
3295,PLIE-8P,S,1,2025-03-05
3296,ROND-M6,S,37,2025-03-05
3297,ROND-M8,S,33,2025-03-05
3298,SELL-TF,S,1,2025-03-05
3299,TOMA-SNC,S,7,2025-03-05
3300,TORN-M10,S,3,2025-03-05
3301,TORN-M4,S,5,2025-03-05
3302,TORN-M6,S,2,2025-03-05
3303,TORN-M8,S,8,2025-03-05
3304,TURC-M6,S,39,2025-03-05
3305,TURC-M8,S,15,2025-03-05
3306,CINT-5M,S,1,2025-03-06
3307,CLAV-3P,S,2,2025-03-06
3308,CODE-1P,S,2,2025-03-06
3309,DEST-PH2,S,1,2025-03-06
3310,ESMA-NG,S,1,2025-03-06
3311,FOCOS-L9,S,2,2025-03-06
3312,LIJAD-1,S,1,2025-03-06
3313,PINT-BL,S,2,2025-03-06
3314,PINT-GR,S,1,2025-03-06
3315,PLIE-8P,S,1,2025-03-06
3316,ROND-M6,S,3,2025-03-06
3317,ROND-M8,S,41,2025-03-06
3318,SELL-TF,S,1,2025-03-06
3319,TOMA-SNC,S,14,2025-03-06
3320,TORN-M10,S,7,2025-03-06
3321,TORN-M4,S,9,2025-03-06
3322,TORN-M6,S,12,2025-03-06
3323,TORN-M8,S,18,2025-03-06
3324,TURC-M6,S,127,2025-03-06
3325,TURC-M8,S,32,2025-03-06
3326,PINT-BG,E,37,2025-03-07
3327,CLAV-3P,S,1,2025-03-07
3328,CODE-1P,S,6,2025-03-07
3329,ESMA-NG,S,2,2025-03-07
3330,ESMER-2,S,1,2025-03-07
3331,FOCOS-L9,S,1,2025-03-07
3332,LLAV-12,S,1,2025-03-07
3333,MART-2A,S,4,2025-03-07
3334,PINT-BL,S,9,2025-03-07
3335,PINT-GR,S,3,2025-03-07
3336,ROND-M6,S,29,2025-03-07
3337,ROND-M8,S,25,2025-03-07
3338,TABL-1P,S,1,2025-03-07
3339,TOMA-SNC,S,19,2025-03-07
3340,TORN-M10,S,4,2025-03-07
3341,TORN-M4,S,4,2025-03-07
3342,TORN-M6,S,2,2025-03-07
3343,TORN-M8,S,3,2025-03-07
3344,TUBO-1P,S,1,2025-03-07
3345,TURC-M6,S,130,2025-03-07
3346,TURC-M8,S,5,2025-03-07
3347,CABL-14,S,9,2025-03-08
3348,CLAV-3P,S,6,2025-03-08
3349,CODE-1P,S,5,2025-03-08
3350,LIJAD-1,S,2,2025-03-08
3351,MART-2A,S,1,2025-03-08
3352,PINT-BL,S,2,2025-03-08
3353,ROND-M6,S,17,2025-03-08
3354,ROND-M8,S,40,2025-03-08
3355,SELL-TF,S,1,2025-03-08
3356,TOMA-SNC,S,3,2025-03-08
3357,TORN-M10,S,5,2025-03-08
3358,TORN-M4,S,2,2025-03-08
3359,TORN-M6,S,4,2025-03-08
3360,TORN-M8,S,45,2025-03-08
3361,TURC-M6,S,99,2025-03-08
3362,TURC-M8,S,37,2025-03-08
3363,MART-2A,E,46,2025-03-10
3364,CINT-5M,S,1,2025-03-10
3365,CLAV-2P,S,1,2025-03-10
3366,CLAV-3P,S,4,2025-03-10
3367,CODE-1P,S,7,2025-03-10
3368,CODE-2P,S,3,2025-03-10
3369,DEST-PL6,S,1,2025-03-10
3370,FOCOS-L15,S,1,2025-03-10
3371,LIAV-10,S,1,2025-03-10
3372,LIJAD-1,S,1,2025-03-10
3373,LLAV-12,S,1,2025-03-10
3374,MART-2A,S,2,2025-03-10
3375,PINT-BL,S,3,2025-03-10
3376,PINT-GR,S,1,2025-03-10
3377,ROND-M6,S,53,2025-03-10
3378,ROND-M8,S,32,2025-03-10
3379,SELL-TF,S,2,2025-03-10
3380,TOMA-SNC,S,8,2025-03-10
3381,TORN-M10,S,12,2025-03-10
3382,TORN-M4,S,11,2025-03-10
3383,TORN-M6,S,1,2025-03-10
3384,TORN-M8,S,47,2025-03-10
3385,TURC-M6,S,28,2025-03-10
3386,TURC-M8,S,11,2025-03-10
3387,CLAV-3P,S,7,2025-03-11
3388,CODE-1P,S,2,2025-03-11
3389,CODE-2P,S,4,2025-03-11
3390,ESMA-NG,S,1,2025-03-11
3391,FOCOS-L9,S,1,2025-03-11
3392,LIJAD-1,S,1,2025-03-11
3393,MART-1A,S,1,2025-03-11
3394,PINT-BG,S,1,2025-03-11
3395,PINT-BL,S,5,2025-03-11
3396,ROND-M6,S,79,2025-03-11
3397,ROND-M8,S,48,2025-03-11
3398,SELL-TF,S,1,2025-03-11
3399,TOMA-SNC,S,23,2025-03-11
3400,TORN-M10,S,15,2025-03-11
3401,TORN-M4,S,11,2025-03-11
3402,TORN-M6,S,2,2025-03-11
3403,TORN-M8,S,7,2025-03-11
3404,TURC-M6,S,67,2025-03-11
3405,TURC-M8,S,38,2025-03-11
3406,SIER-C1,E,4,2025-03-12
3407,TURC-M8,E,1450,2025-03-12
3408,BROD-2P,S,1,2025-03-12
3409,CLAV-2P,S,1,2025-03-12
3410,CLAV-3P,S,5,2025-03-12
3411,CODE-1P,S,3,2025-03-12
3412,DEST-PL6,S,1,2025-03-12
3413,ESMA-NG,S,1,2025-03-12
3414,FOCOS-L9,S,5,2025-03-12
3415,MART-2A,S,1,2025-03-12
3416,NIVE-60,S,1,2025-03-12
3417,PINT-BG,S,4,2025-03-12
3418,PINT-BL,S,3,2025-03-12
3419,ROND-M6,S,37,2025-03-12
3420,ROND-M8,S,5,2025-03-12
3421,SIER-C1,S,2,2025-03-12
3422,TOMA-DBL,S,1,2025-03-12
3423,TOMA-SNC,S,14,2025-03-12
3424,TORN-M10,S,8,2025-03-12
3425,TORN-M4,S,1,2025-03-12
3426,TORN-M6,S,6,2025-03-12
3427,TORN-M8,S,14,2025-03-12
3428,TURC-M6,S,118,2025-03-12
3429,TURC-M8,S,9,2025-03-12
3430,BROD-4P,S,1,2025-03-13
3431,CINT-5M,S,1,2025-03-13
3432,CLAV-3P,S,4,2025-03-13
3433,CODE-1P,S,1,2025-03-13
3434,CODE-2P,S,2,2025-03-13
3435,ESMA-NG,S,1,2025-03-13
3436,FOCOS-L15,S,1,2025-03-13
3437,FOCOS-L9,S,2,2025-03-13
3438,LIJAD-1,S,3,2025-03-13
3439,PINT-BG,S,1,2025-03-13
3440,PINT-GR,S,1,2025-03-13
3441,ROND-M6,S,3,2025-03-13
3442,TOMA-SNC,S,8,2025-03-13
3443,TORN-M10,S,2,2025-03-13
3444,TORN-M4,S,8,2025-03-13
3445,TORN-M6,S,3,2025-03-13
3446,TORN-M8,S,10,2025-03-13
3447,TURC-M6,S,25,2025-03-13
3448,TURC-M8,S,50,2025-03-13
3449,CLAV-3P,S,4,2025-03-14
3450,CODE-1P,S,2,2025-03-14
3451,CODE-2P,S,1,2025-03-14
3452,DEST-PL6,S,3,2025-03-14
3453,FOCOS-L15,S,1,2025-03-14
3454,FOCOS-L9,S,3,2025-03-14
3455,LIAV-10,S,1,2025-03-14
3456,MART-2A,S,1,2025-03-14
3457,PINT-BG,S,1,2025-03-14
3458,PINT-BL,S,4,2025-03-14
3459,PLIE-8P,S,1,2025-03-14
3460,ROND-M6,S,29,2025-03-14
3461,ROND-M8,S,8,2025-03-14
3462,TOMA-SNC,S,10,2025-03-14
3463,TORN-M10,S,12,2025-03-14
3464,TORN-M4,S,7,2025-03-14
3465,TORN-M6,S,3,2025-03-14
3466,TORN-M8,S,16,2025-03-14
3467,TURC-M6,S,200,2025-03-14
3468,TURC-M8,S,11,2025-03-14
3469,DEST-PL6,E,30,2025-03-15
3470,CLAV-3P,S,1,2025-03-15
3471,CODE-1P,S,15,2025-03-15
3472,CODE-2P,S,1,2025-03-15
3473,ESMA-NG,S,1,2025-03-15
3474,FOCOS-L15,S,3,2025-03-15
3475,LIJAD-1,S,1,2025-03-15
3476,PINT-BL,S,3,2025-03-15
3477,PINT-GR,S,1,2025-03-15
3478,ROLLO-1,S,1,2025-03-15
3479,ROND-M6,S,9,2025-03-15
3480,ROND-M8,S,2,2025-03-15
3481,SELL-TF,S,1,2025-03-15
3482,SIER-C1,S,1,2025-03-15
3483,TALDR-2,S,1,2025-03-15
3484,TOMA-SNC,S,11,2025-03-15
3485,TORN-M10,S,6,2025-03-15
3486,TORN-M4,S,2,2025-03-15
3487,TORN-M8,S,6,2025-03-15
3488,TURC-M6,S,27,2025-03-15
3489,TURC-M8,S,35,2025-03-15
3490,CLAV-3P,S,9,2025-03-17
3491,CODE-1P,S,5,2025-03-17
3492,CODE-2P,S,2,2025-03-17
3493,ESMA-BL,S,1,2025-03-17
3494,ESMA-NG,S,1,2025-03-17
3495,LIJAD-1,S,2,2025-03-17
3496,MART-2A,S,1,2025-03-17
3497,PINT-BL,S,3,2025-03-17
3498,ROND-M6,S,37,2025-03-17
3499,ROND-M8,S,21,2025-03-17
3500,SOPLA-1,S,1,2025-03-17
3501,TOMA-SNC,S,17,2025-03-17
3502,TORN-M10,S,6,2025-03-17
3503,TORN-M4,S,1,2025-03-17
3504,TORN-M6,S,4,2025-03-17
3505,TORN-M8,S,30,2025-03-17
3506,TURC-M6,S,50,2025-03-17
3507,TURC-M8,S,25,2025-03-17
3508,TORN-M10,E,450,2025-03-18
3509,CABL-12,S,11,2025-03-18
3510,CLAV-3P,S,2,2025-03-18
3511,CODE-1P,S,8,2025-03-18
3512,CODE-2P,S,1,2025-03-18
3513,DEST-PL6,S,2,2025-03-18
3514,FOCOS-L15,S,3,2025-03-18
3515,LIJAD-1,S,3,2025-03-18
3516,LLAV-12,S,2,2025-03-18
3517,NIVE-60,S,1,2025-03-18
3518,PINT-BL,S,6,2025-03-18
3519,ROND-M6,S,28,2025-03-18
3520,ROND-M8,S,7,2025-03-18
3521,SELL-TF,S,1,2025-03-18
3522,SIER-HK,S,1,2025-03-18
3523,SOPLA-1,S,1,2025-03-18
3524,TALDR-1,S,1,2025-03-18
3525,TOMA-DBL,S,1,2025-03-18
3526,TOMA-SNC,S,4,2025-03-18
3527,TORN-M10,S,2,2025-03-18
3528,TORN-M4,S,5,2025-03-18
3529,TORN-M6,S,7,2025-03-18
3530,TORN-M8,S,2,2025-03-18
3531,TURC-M6,S,41,2025-03-18
3532,TURC-M8,S,24,2025-03-18
3533,PINT-BL,E,195,2025-03-19
3534,ROND-M6,E,2050,2025-03-19
3535,CLAV-2P,S,2,2025-03-19
3536,CLAV-3P,S,2,2025-03-19
3537,CODE-1P,S,4,2025-03-19
3538,FOCOS-L9,S,3,2025-03-19
3539,INTE-SNC,S,1,2025-03-19
3540,LIAV-10,S,1,2025-03-19
3541,LLAV-12,S,1,2025-03-19
3542,MART-2A,S,8,2025-03-19
3543,NIVE-60,S,1,2025-03-19
3544,PINT-BL,S,2,2025-03-19
3545,PINT-GR,S,2,2025-03-19
3546,ROND-M6,S,33,2025-03-19
3547,ROND-M8,S,47,2025-03-19
3548,SIER-C1,S,1,2025-03-19
3549,TOMA-SNC,S,1,2025-03-19
3550,TORN-M4,S,1,2025-03-19
3551,TORN-M6,S,8,2025-03-19
3552,TORN-M8,S,13,2025-03-19
3553,TURC-M6,S,78,2025-03-19
3554,TURC-M8,S,58,2025-03-19
3555,CLAV-3P,S,2,2025-03-20
3556,CODE-1P,S,1,2025-03-20
3557,CODE-2P,S,1,2025-03-20
3558,FOCOS-L9,S,1,2025-03-20
3559,LIAV-10,S,1,2025-03-20
3560,LIJAD-1,S,2,2025-03-20
3561,MART-2A,S,1,2025-03-20
3562,NIVE-60,S,1,2025-03-20
3563,PINT-BL,S,2,2025-03-20
3564,ROLLO-1,S,1,2025-03-20
3565,ROND-M6,S,2,2025-03-20
3566,ROND-M8,S,15,2025-03-20
3567,TOMA-SNC,S,19,2025-03-20
3568,TORN-M10,S,2,2025-03-20
3569,TORN-M4,S,2,2025-03-20
3570,TORN-M6,S,6,2025-03-20
3571,TORN-M8,S,8,2025-03-20
3572,TUBO-1P,S,1,2025-03-20
3573,TURC-M6,S,161,2025-03-20
3574,TURC-M8,S,44,2025-03-20
3575,CLAV-2P,S,1,2025-03-21
3576,CLAV-3P,S,1,2025-03-21
3577,CODE-1P,S,5,2025-03-21
3578,CODE-2P,S,1,2025-03-21
3579,ESMA-NG,S,1,2025-03-21
3580,FOCOS-L15,S,1,2025-03-21
3581,FOCOS-L9,S,2,2025-03-21
3582,LLAV-12,S,1,2025-03-21
3583,MART-2A,S,3,2025-03-21
3584,PINT-BG,S,1,2025-03-21
3585,PINT-BL,S,1,2025-03-21
3586,ROND-M6,S,14,2025-03-21
3587,ROND-M8,S,1,2025-03-21
3588,SELL-TF,S,2,2025-03-21
3589,TOMA-SNC,S,19,2025-03-21
3590,TORN-M10,S,10,2025-03-21
3591,TORN-M4,S,1,2025-03-21
3592,TORN-M6,S,2,2025-03-21
3593,TORN-M8,S,5,2025-03-21
3594,TURC-M6,S,16,2025-03-21
3595,TURC-M8,S,51,2025-03-21
3596,CINT-5M,S,1,2025-03-22
3597,CLAV-3P,S,3,2025-03-22
3598,CODE-1P,S,3,2025-03-22
3599,CODE-2P,S,1,2025-03-22
3600,DEST-PL6,S,1,2025-03-22
3601,ESMA-NG,S,2,2025-03-22
3602,LIJAD-1,S,2,2025-03-22
3603,MART-2A,S,1,2025-03-22
3604,PINT-BG,S,1,2025-03-22
3605,PINT-BL,S,8,2025-03-22
3606,ROND-M6,S,20,2025-03-22
3607,ROND-M8,S,48,2025-03-22
3608,TOMA-SNC,S,1,2025-03-22
3609,TORN-M10,S,18,2025-03-22
3610,TORN-M4,S,6,2025-03-22
3611,TORN-M6,S,8,2025-03-22
3612,TORN-M8,S,7,2025-03-22
3613,TURC-M6,S,73,2025-03-22
3614,TURC-M8,S,6,2025-03-22
3615,TORN-M8,E,700,2025-03-24
3616,TURC-M6,E,3000,2025-03-24
3617,CINT-5M,S,1,2025-03-24
3618,CLAV-3P,S,1,2025-03-24
3619,CODE-1P,S,1,2025-03-24
3620,CODE-2P,S,1,2025-03-24
3621,DEST-PL6,S,1,2025-03-24
3622,ESMA-NG,S,1,2025-03-24
3623,FOCOS-L9,S,2,2025-03-24
3624,LIJAD-1,S,1,2025-03-24
3625,LLAV-12,S,1,2025-03-24
3626,MART-2A,S,1,2025-03-24
3627,PINT-BG,S,1,2025-03-24
3628,PINT-BL,S,4,2025-03-24
3629,ROND-M6,S,32,2025-03-24
3630,ROND-M8,S,11,2025-03-24
3631,TOMA-SNC,S,9,2025-03-24
3632,TORN-M10,S,8,2025-03-24
3633,TORN-M4,S,3,2025-03-24
3634,TORN-M6,S,4,2025-03-24
3635,TORN-M8,S,25,2025-03-24
3636,TURC-M6,S,62,2025-03-24
3637,TURC-M8,S,7,2025-03-24
3638,ROLLO-1,E,20,2025-03-25
3639,CINT-5M,S,1,2025-03-25
3640,CLAV-3P,S,2,2025-03-25
3641,CODE-1P,S,5,2025-03-25
3642,CODE-2P,S,1,2025-03-25
3643,DEST-PL6,S,1,2025-03-25
3644,INTE-SNC,S,1,2025-03-25
3645,MART-1A,S,1,2025-03-25
3646,PINT-BG,S,1,2025-03-25
3647,PINT-BL,S,8,2025-03-25
3648,ROND-M6,S,17,2025-03-25
3649,ROND-M8,S,18,2025-03-25
3650,SELL-TF,S,1,2025-03-25
3651,TOMA-DBL,S,1,2025-03-25
3652,TORN-M10,S,47,2025-03-25
3653,TORN-M4,S,2,2025-03-25
3654,TORN-M6,S,2,2025-03-25
3655,TORN-M8,S,3,2025-03-25
3656,TURC-M6,S,101,2025-03-25
3657,TURC-M8,S,7,2025-03-25
3658,CINT-5M,S,2,2025-03-26
3659,CLAV-3P,S,4,2025-03-26
3660,CODE-1P,S,2,2025-03-26
3661,CODE-2P,S,3,2025-03-26
3662,ESMA-NG,S,2,2025-03-26
3663,LIJAD-1,S,2,2025-03-26
3664,MART-1A,S,1,2025-03-26
3665,NIVE-60,S,2,2025-03-26
3666,PINT-BG,S,1,2025-03-26
3667,ROND-M6,S,37,2025-03-26
3668,ROND-M8,S,6,2025-03-26
3669,TOMA-DBL,S,1,2025-03-26
3670,TOMA-SNC,S,2,2025-03-26
3671,TORN-M10,S,6,2025-03-26
3672,TORN-M4,S,2,2025-03-26
3673,TORN-M6,S,1,2025-03-26
3674,TORN-M8,S,29,2025-03-26
3675,TURC-M6,S,151,2025-03-26
3676,TURC-M8,S,26,2025-03-26
3677,CODE-2P,E,120,2025-03-27
3678,BROD-4P,S,1,2025-03-27
3679,CLAV-3P,S,4,2025-03-27
3680,CODE-2P,S,1,2025-03-27
3681,DEST-PL6,S,1,2025-03-27
3682,ESMER-1,S,1,2025-03-27
3683,FOCOS-L9,S,3,2025-03-27
3684,MART-2A,S,3,2025-03-27
3685,PINT-BL,S,12,2025-03-27
3686,PINT-GR,S,1,2025-03-27
3687,ROND-M6,S,4,2025-03-27
3688,ROND-M8,S,27,2025-03-27
3689,TOMA-SNC,S,3,2025-03-27
3690,TORN-M10,S,2,2025-03-27
3691,TORN-M4,S,10,2025-03-27
3692,TORN-M6,S,4,2025-03-27
3693,TORN-M8,S,2,2025-03-27
3694,TURC-M6,S,36,2025-03-27
3695,TURC-M8,S,8,2025-03-27
3696,BROD-4P,S,1,2025-03-28
3697,CLAV-3P,S,8,2025-03-28
3698,CODE-1P,S,6,2025-03-28
3699,CODE-2P,S,2,2025-03-28
3700,ESMA-NG,S,1,2025-03-28
3701,FOCOS-L15,S,1,2025-03-28
3702,FOCOS-L9,S,1,2025-03-28
3703,LIJAD-1,S,2,2025-03-28
3704,PINT-BG,S,2,2025-03-28
3705,PINT-BL,S,5,2025-03-28
3706,ROND-M6,S,10,2025-03-28
3707,ROND-M8,S,17,2025-03-28
3708,SELL-TF,S,1,2025-03-28
3709,SIER-C1,S,1,2025-03-28
3710,SIER-HK,S,1,2025-03-28
3711,TOMA-SNC,S,3,2025-03-28
3712,TORN-M10,S,10,2025-03-28
3713,TORN-M4,S,1,2025-03-28
3714,TORN-M6,S,13,2025-03-28
3715,TORN-M8,S,7,2025-03-28
3716,TURC-M6,S,80,2025-03-28
3717,TURC-M8,S,19,2025-03-28
3718,LIJAD-1,E,40,2025-03-29
3719,BROD-4P,S,1,2025-03-29
3720,ESMA-NG,S,2,2025-03-29
3721,ESMER-1,S,1,2025-03-29
3722,FOCOS-L15,S,2,2025-03-29
3723,FOCOS-L9,S,3,2025-03-29
3724,MART-1A,S,1,2025-03-29
3725,MART-2A,S,3,2025-03-29
3726,PINT-BG,S,1,2025-03-29
3727,PINT-BL,S,5,2025-03-29
3728,PINT-GR,S,1,2025-03-29
3729,ROND-M6,S,19,2025-03-29
3730,ROND-M8,S,56,2025-03-29
3731,SIER-HK,S,1,2025-03-29
3732,TOMA-SNC,S,2,2025-03-29
3733,TORN-M10,S,2,2025-03-29
3734,TORN-M4,S,9,2025-03-29
3735,TORN-M8,S,2,2025-03-29
3736,TUBO-2P,S,21,2025-03-29
3737,TURC-M6,S,81,2025-03-29
3738,TURC-M8,S,11,2025-03-29
3739,CLAV-3P,S,1,2025-03-31
3740,CODE-1P,S,2,2025-03-31
3741,FOCOS-L15,S,1,2025-03-31
3742,FOCOS-L9,S,5,2025-03-31
3743,MART-1A,S,1,2025-03-31
3744,NIVE-60,S,1,2025-03-31
3745,PINT-BG,S,1,2025-03-31
3746,PINT-BL,S,7,2025-03-31
3747,PINT-GR,S,1,2025-03-31
3748,ROND-M6,S,61,2025-03-31
3749,ROND-M8,S,23,2025-03-31
3750,SELL-TF,S,3,2025-03-31
3751,TOMA-DBL,S,1,2025-03-31
3752,TOMA-SNC,S,20,2025-03-31
3753,TORN-M10,S,5,2025-03-31
3754,TORN-M4,S,3,2025-03-31
3755,TORN-M6,S,4,2025-03-31
3756,TORN-M8,S,11,2025-03-31
3757,TUBO-1P,S,1,2025-03-31
3758,TURC-M6,S,27,2025-03-31
3759,TURC-M8,S,8,2025-03-31
3760,SOPLA-1,E,4,2025-04-01
3761,CINT-5M,S,1,2025-04-01
3762,CLAV-3P,S,5,2025-04-01
3763,CODE-1P,S,4,2025-04-01
3764,CODE-2P,S,2,2025-04-01
3765,FOCOS-L9,S,4,2025-04-01
3766,LIAV-10,S,1,2025-04-01
3767,LLAV-12,S,3,2025-04-01
3768,PINT-BG,S,2,2025-04-01
3769,PINT-BL,S,5,2025-04-01
3770,ROND-M6,S,53,2025-04-01
3771,ROND-M8,S,32,2025-04-01
3772,SELL-TF,S,1,2025-04-01
3773,TOMA-DBL,S,2,2025-04-01
3774,TORN-M10,S,8,2025-04-01
3775,TORN-M4,S,1,2025-04-01
3776,TORN-M6,S,6,2025-04-01
3777,TORN-M8,S,6,2025-04-01
3778,TURC-M6,S,65,2025-04-01
3779,TURC-M8,S,3,2025-04-01
3780,SIER-HK,E,16,2025-04-02
3781,CABL-12,S,8,2025-04-02
3782,CLAV-3P,S,2,2025-04-02
3783,CODE-1P,S,2,2025-04-02
3784,FOCOS-L9,S,1,2025-04-02
3785,INTE-SNC,S,1,2025-04-02
3786,LIJAD-1,S,1,2025-04-02
3787,LLAV-12,S,1,2025-04-02
3788,NIVE-60,S,1,2025-04-02
3789,ROLLO-1,S,1,2025-04-02
3790,ROND-M6,S,29,2025-04-02
3791,ROND-M8,S,15,2025-04-02
3792,SIER-HK,S,1,2025-04-02
3793,TOMA-SNC,S,6,2025-04-02
3794,TORN-M10,S,5,2025-04-02
3795,TORN-M4,S,7,2025-04-02
3796,TORN-M6,S,4,2025-04-02
3797,TORN-M8,S,3,2025-04-02
3798,TURC-M6,S,108,2025-04-02
3799,TURC-M8,S,54,2025-04-02
3800,ROND-M8,E,1850,2025-04-03
3801,BROD-4P,S,1,2025-04-03
3802,CLAV-2P,S,1,2025-04-03
3803,CLAV-3P,S,2,2025-04-03
3804,CODE-1P,S,2,2025-04-03
3805,MART-1A,S,1,2025-04-03
3806,NIVE-60,S,1,2025-04-03
3807,PINT-BL,S,4,2025-04-03
3808,ROND-M6,S,30,2025-04-03
3809,ROND-M8,S,28,2025-04-03
3810,SELL-TF,S,1,2025-04-03
3811,TABL-2P,S,9,2025-04-03
3812,TOMA-SNC,S,3,2025-04-03
3813,TORN-M10,S,4,2025-04-03
3814,TORN-M4,S,11,2025-04-03
3815,TORN-M6,S,4,2025-04-03
3816,TORN-M8,S,8,2025-04-03
3817,TURC-M6,S,109,2025-04-03
3818,TURC-M8,S,36,2025-04-03
3819,CLAV-3P,S,3,2025-04-04
3820,CODE-1P,S,3,2025-04-04
3821,DEST-PL6,S,1,2025-04-04
3822,ESMA-NG,S,1,2025-04-04
3823,FOCOS-L15,S,1,2025-04-04
3824,FOCOS-L9,S,3,2025-04-04
3825,LIJAD-1,S,1,2025-04-04
3826,LLAV-12,S,1,2025-04-04
3827,MART-1A,S,1,2025-04-04
3828,MART-2A,S,1,2025-04-04
3829,PINT-BL,S,6,2025-04-04
3830,PLIE-6P,S,1,2025-04-04
3831,ROLLO-1,S,1,2025-04-04
3832,ROND-M6,S,31,2025-04-04
3833,ROND-M8,S,51,2025-04-04
3834,TOMA-SNC,S,4,2025-04-04
3835,TORN-M10,S,12,2025-04-04
3836,TORN-M4,S,4,2025-04-04
3837,TORN-M6,S,10,2025-04-04
3838,TORN-M8,S,8,2025-04-04
3839,TUBO-1P,S,1,2025-04-04
3840,TURC-M6,S,58,2025-04-04
3841,TURC-M8,S,30,2025-04-04
3842,CLAV-3P,S,2,2025-04-05
3843,CODE-1P,S,5,2025-04-05
3844,CODE-2P,S,1,2025-04-05
3845,DEST-PH2,S,1,2025-04-05
3846,ESMA-BL,S,1,2025-04-05
3847,ESMA-NG,S,1,2025-04-05
3848,FOCOS-L15,S,1,2025-04-05
3849,FOCOS-L9,S,2,2025-04-05
3850,MART-1A,S,1,2025-04-05
3851,NIVE-60,S,2,2025-04-05
3852,PINT-BL,S,4,2025-04-05
3853,ROND-M6,S,47,2025-04-05
3854,ROND-M8,S,68,2025-04-05
3855,SELL-TF,S,1,2025-04-05
3856,TOMA-SNC,S,5,2025-04-05
3857,TORN-M10,S,5,2025-04-05
3858,TORN-M4,S,4,2025-04-05
3859,TORN-M6,S,7,2025-04-05
3860,TORN-M8,S,7,2025-04-05
3861,TUBO-1P,S,1,2025-04-05
3862,TURC-M6,S,72,2025-04-05
3863,TURC-M8,S,13,2025-04-05
3864,ESMA-NG,E,42,2025-04-07
3865,SIER-C1,E,4,2025-04-07
3866,CLAV-2P,S,1,2025-04-07
3867,CLAV-3P,S,5,2025-04-07
3868,CODE-2P,S,1,2025-04-07
3869,ESMA-NG,S,1,2025-04-07
3870,FOCOS-L15,S,3,2025-04-07
3871,FOCOS-L9,S,2,2025-04-07
3872,MART-2A,S,3,2025-04-07
3873,PINT-BL,S,4,2025-04-07
3874,PLIE-6P,S,1,2025-04-07
3875,ROND-M6,S,4,2025-04-07
3876,ROND-M8,S,32,2025-04-07
3877,SELL-TF,S,2,2025-04-07
3878,TOMA-SNC,S,10,2025-04-07
3879,TORN-M10,S,14,2025-04-07
3880,TORN-M4,S,5,2025-04-07
3881,TORN-M6,S,3,2025-04-07
3882,TORN-M8,S,15,2025-04-07
3883,TUBO-1P,S,1,2025-04-07
3884,TURC-M6,S,53,2025-04-07
3885,TURC-M8,S,1,2025-04-07
3886,CLAV-3P,S,2,2025-04-08
3887,CODE-1P,S,1,2025-04-08
3888,FOCOS-L9,S,1,2025-04-08
3889,INTE-SNC,S,1,2025-04-08
3890,LLAV-12,S,3,2025-04-08
3891,PINT-BL,S,3,2025-04-08
3892,ROND-M6,S,63,2025-04-08
3893,ROND-M8,S,19,2025-04-08
3894,TOMA-DBL,S,1,2025-04-08
3895,TOMA-SNC,S,11,2025-04-08
3896,TORN-M4,S,5,2025-04-08
3897,TORN-M6,S,5,2025-04-08
3898,TORN-M8,S,21,2025-04-08
3899,TUBO-1P,S,1,2025-04-08
3900,TURC-M6,S,11,2025-04-08
3901,TURC-M8,S,29,2025-04-08
3902,FOCOS-L9,E,120,2025-04-09
3903,CLAV-3P,S,5,2025-04-09
3904,CODE-1P,S,7,2025-04-09
3905,DEST-PL6,S,1,2025-04-09
3906,ESMA-NG,S,1,2025-04-09
3907,FOCOS-L15,S,1,2025-04-09
3908,FOCOS-L9,S,2,2025-04-09
3909,LIAV-10,S,1,2025-04-09
3910,LIJAD-1,S,2,2025-04-09
3911,PINT-BG,S,1,2025-04-09
3912,PINT-BL,S,2,2025-04-09
3913,PLIE-6P,S,1,2025-04-09
3914,ROND-M6,S,17,2025-04-09
3915,ROND-M8,S,1,2025-04-09
3916,TOMA-SNC,S,13,2025-04-09
3917,TORN-M10,S,2,2025-04-09
3918,TORN-M4,S,5,2025-04-09
3919,TORN-M6,S,4,2025-04-09
3920,TORN-M8,S,4,2025-04-09
3921,TURC-M6,S,36,2025-04-09
3922,TURC-M8,S,27,2025-04-09
3923,CINT-5M,S,1,2025-04-10
3924,CLAV-3P,S,3,2025-04-10
3925,CODE-1P,S,4,2025-04-10
3926,DEST-PL6,S,1,2025-04-10
3927,LLAV-12,S,1,2025-04-10
3928,MART-2A,S,1,2025-04-10
3929,PINT-BL,S,8,2025-04-10
3930,ROND-M6,S,60,2025-04-10
3931,ROND-M8,S,70,2025-04-10
3932,TOMA-DBL,S,4,2025-04-10
3933,TOMA-SNC,S,6,2025-04-10
3934,TORN-M10,S,14,2025-04-10
3935,TORN-M4,S,2,2025-04-10
3936,TORN-M6,S,2,2025-04-10
3937,TORN-M8,S,20,2025-04-10
3938,TURC-M6,S,53,2025-04-10
3939,TURC-M8,S,20,2025-04-10
3940,CODE-1P,S,5,2025-04-11
3941,CODE-2P,S,2,2025-04-11
3942,DEST-PL6,S,1,2025-04-11
3943,ESMA-NG,S,2,2025-04-11
3944,FOCOS-L15,S,1,2025-04-11
3945,FOCOS-L9,S,2,2025-04-11
3946,INTE-SNC,S,1,2025-04-11
3947,LIJAD-1,S,3,2025-04-11
3948,MART-2A,S,3,2025-04-11
3949,NIVE-60,S,1,2025-04-11
3950,PINT-BG,S,1,2025-04-11
3951,PINT-BL,S,2,2025-04-11
3952,ROND-M6,S,26,2025-04-11
3953,ROND-M8,S,43,2025-04-11
3954,SELL-TF,S,1,2025-04-11
3955,TOMA-DBL,S,1,2025-04-11
3956,TOMA-SNC,S,10,2025-04-11
3957,TORN-M10,S,8,2025-04-11
3958,TORN-M4,S,7,2025-04-11
3959,TORN-M6,S,7,2025-04-11
3960,TORN-M8,S,5,2025-04-11
3961,TURC-M6,S,51,2025-04-11
3962,TURC-M8,S,5,2025-04-11
3963,BROD-4P,S,1,2025-04-12
3964,CALAD-1,S,1,2025-04-12
3965,CINT-5M,S,1,2025-04-12
3966,CLAV-3P,S,7,2025-04-12
3967,CODE-1P,S,12,2025-04-12
3968,CODE-2P,S,1,2025-04-12
3969,ESMA-NG,S,1,2025-04-12
3970,ESMER-1,S,1,2025-04-12
3971,FOCOS-L15,S,1,2025-04-12
3972,FOCOS-L9,S,5,2025-04-12
3973,LIJAD-1,S,2,2025-04-12
3974,LLAV-12,S,3,2025-04-12
3975,PINT-BG,S,1,2025-04-12
3976,PINT-BL,S,12,2025-04-12
3977,ROND-M6,S,56,2025-04-12
3978,ROND-M8,S,44,2025-04-12
3979,SIER-HK,S,1,2025-04-12
3980,TOMA-SNC,S,11,2025-04-12
3981,TORN-M10,S,2,2025-04-12
3982,TORN-M4,S,2,2025-04-12
3983,TORN-M6,S,2,2025-04-12
3984,TORN-M8,S,5,2025-04-12
3985,TURC-M6,S,7,2025-04-12
3986,TURC-M8,S,14,2025-04-12
3987,BROD-4P,S,3,2025-04-14
3988,CLAV-3P,S,1,2025-04-14
3989,CODE-1P,S,13,2025-04-14
3990,FOCOS-L15,S,5,2025-04-14
3991,FOCOS-L9,S,3,2025-04-14
3992,LIAV-10,S,3,2025-04-14
3993,LLAV-12,S,1,2025-04-14
3994,MART-2A,S,1,2025-04-14
3995,PINT-BL,S,8,2025-04-14
3996,ROND-M6,S,21,2025-04-14
3997,ROND-M8,S,61,2025-04-14
3998,TOMA-SNC,S,11,2025-04-14
3999,TORN-M10,S,4,2025-04-14
4000,TORN-M4,S,7,2025-04-14
4001,TORN-M6,S,5,2025-04-14
4002,TORN-M8,S,12,2025-04-14
4003,TURC-M6,S,56,2025-04-14
4004,TURC-M8,S,15,2025-04-14
4005,CLAV-3P,S,4,2025-04-15
4006,CODE-1P,S,12,2025-04-15
4007,CODE-2P,S,2,2025-04-15
4008,DEST-PH2,S,2,2025-04-15
4009,PINT-BL,S,2,2025-04-15
4010,PLIE-6P,S,1,2025-04-15
4011,ROND-M6,S,15,2025-04-15
4012,ROND-M8,S,36,2025-04-15
4013,SELL-TF,S,1,2025-04-15
4014,TOMA-SNC,S,1,2025-04-15
4015,TORN-M10,S,16,2025-04-15
4016,TORN-M4,S,4,2025-04-15
4017,TORN-M6,S,5,2025-04-15
4018,TORN-M8,S,13,2025-04-15
4019,TURC-M6,S,69,2025-04-15
4020,TURC-M8,S,62,2025-04-15
4021,CLAV-3P,S,5,2025-04-16
4022,CODE-1P,S,4,2025-04-16
4023,CODE-2P,S,1,2025-04-16
4024,ESMA-NG,S,1,2025-04-16
4025,FOCOS-L15,S,1,2025-04-16
4026,INTE-SNC,S,1,2025-04-16
4027,LIJAD-1,S,1,2025-04-16
4028,PINT-BG,S,1,2025-04-16
4029,ROND-M6,S,33,2025-04-16
4030,ROND-M8,S,12,2025-04-16
4031,TOMA-DBL,S,1,2025-04-16
4032,TOMA-SNC,S,7,2025-04-16
4033,TORN-M10,S,2,2025-04-16
4034,TORN-M4,S,5,2025-04-16
4035,TORN-M6,S,13,2025-04-16
4036,TORN-M8,S,9,2025-04-16
4037,TURC-M6,S,69,2025-04-16
4038,TURC-M8,S,34,2025-04-16
4039,BROD-4P,S,1,2025-04-17
4040,CLAV-3P,S,4,2025-04-17
4041,CODE-1P,S,1,2025-04-17
4042,DEST-PH2,S,2,2025-04-17
4043,DEST-PL6,S,1,2025-04-17
4044,ESMA-NG,S,1,2025-04-17
4045,FOCOS-L15,S,2,2025-04-17
4046,FOCOS-L9,S,2,2025-04-17
4047,LIAV-10,S,2,2025-04-17
4048,LIJAD-1,S,2,2025-04-17
4049,MART-2A,S,2,2025-04-17
4050,PINT-BL,S,16,2025-04-17
4051,PLIE-6P,S,2,2025-04-17
4052,ROND-M6,S,30,2025-04-17
4053,ROND-M8,S,24,2025-04-17
4054,TOMA-DBL,S,1,2025-04-17
4055,TOMA-SNC,S,9,2025-04-17
4056,TORN-M10,S,2,2025-04-17
4057,TORN-M4,S,5,2025-04-17
4058,TORN-M8,S,7,2025-04-17
4059,TURC-M6,S,78,2025-04-17
4060,TURC-M8,S,56,2025-04-17
4061,CLAV-3P,S,1,2025-04-18
4062,CODE-1P,S,15,2025-04-18
4063,ESMA-NG,S,1,2025-04-18
4064,FOCOS-L9,S,2,2025-04-18
4065,LLAV-12,S,1,2025-04-18
4066,MART-2A,S,3,2025-04-18
4067,PINT-BL,S,1,2025-04-18
4068,PINT-GR,S,1,2025-04-18
4069,PLIE-6P,S,1,2025-04-18
4070,ROND-M6,S,6,2025-04-18
4071,ROND-M8,S,16,2025-04-18
4072,SELL-TF,S,1,2025-04-18
4073,TOMA-SNC,S,3,2025-04-18
4074,TORN-M10,S,7,2025-04-18
4075,TORN-M4,S,1,2025-04-18
4076,TORN-M6,S,2,2025-04-18
4077,TORN-M8,S,6,2025-04-18
4078,TUBO-1P,S,1,2025-04-18
4079,TURC-M6,S,56,2025-04-18
4080,TURC-M8,S,6,2025-04-18
4081,CINT-5M,S,2,2025-04-19
4082,CLAV-3P,S,2,2025-04-19
4083,CODE-1P,S,6,2025-04-19
4084,DEST-PH2,S,1,2025-04-19
4085,ESMA-NG,S,5,2025-04-19
4086,FOCOS-L15,S,3,2025-04-19
4087,FOCOS-L9,S,3,2025-04-19
4088,INTE-SNC,S,1,2025-04-19
4089,MART-2A,S,3,2025-04-19
4090,PINT-BG,S,1,2025-04-19
4091,PINT-BL,S,1,2025-04-19
4092,ROND-M6,S,23,2025-04-19
4093,ROND-M8,S,29,2025-04-19
4094,SELL-TF,S,5,2025-04-19
4095,TALDR-1,S,1,2025-04-19
4096,TORN-M10,S,1,2025-04-19
4097,TORN-M4,S,5,2025-04-19
4098,TORN-M6,S,12,2025-04-19
4099,TORN-M8,S,12,2025-04-19
4100,TUBO-1P,S,2,2025-04-19
4101,TUBO-2P,S,22,2025-04-19
4102,TURC-M6,S,64,2025-04-19
4103,TURC-M8,S,12,2025-04-19
4104,INTE-SNC,E,100,2025-04-21
4105,CALAD-1,S,1,2025-04-21
4106,CINT-5M,S,1,2025-04-21
4107,CLAV-3P,S,8,2025-04-21
4108,CODE-1P,S,2,2025-04-21
4109,CODE-2P,S,3,2025-04-21
4110,DEST-PL6,S,1,2025-04-21
4111,FOCOS-L15,S,1,2025-04-21
4112,LLAV-12,S,2,2025-04-21
4113,PINT-BL,S,1,2025-04-21
4114,ROND-M6,S,43,2025-04-21
4115,ROND-M8,S,62,2025-04-21
4116,SELL-TF,S,1,2025-04-21
4117,SIER-HK,S,1,2025-04-21
4118,TOMA-SNC,S,5,2025-04-21
4119,TORN-M10,S,10,2025-04-21
4120,TORN-M4,S,1,2025-04-21
4121,TORN-M6,S,2,2025-04-21
4122,TORN-M8,S,21,2025-04-21
4123,TURC-M6,S,37,2025-04-21
4124,TURC-M8,S,13,2025-04-21
4125,BROD-2P,S,1,2025-04-22
4126,CABL-12,S,9,2025-04-22
4127,CINT-5M,S,1,2025-04-22
4128,CODE-1P,S,1,2025-04-22
4129,FOCOS-L9,S,1,2025-04-22
4130,INTE-SNC,S,1,2025-04-22
4131,LIJAD-1,S,1,2025-04-22
4132,LLAV-12,S,1,2025-04-22
4133,MART-2A,S,1,2025-04-22
4134,PINT-BG,S,1,2025-04-22
4135,PINT-BL,S,9,2025-04-22
4136,PINT-GR,S,1,2025-04-22
4137,PLIE-6P,S,1,2025-04-22
4138,ROND-M6,S,28,2025-04-22
4139,ROND-M8,S,15,2025-04-22
4140,SELL-TF,S,1,2025-04-22
4141,SIER-C1,S,1,2025-04-22
4142,SIER-HK,S,2,2025-04-22
4143,SOPLA-1,S,1,2025-04-22
4144,TOMA-SNC,S,9,2025-04-22
4145,TORN-M10,S,21,2025-04-22
4146,TORN-M4,S,2,2025-04-22
4147,TORN-M6,S,5,2025-04-22
4148,TUBO-2P,S,3,2025-04-22
4149,TURC-M6,S,48,2025-04-22
4150,TURC-M8,S,54,2025-04-22
4151,CLAV-3P,E,145,2025-04-23
4152,BROD-4P,S,1,2025-04-23
4153,CLAV-2P,S,1,2025-04-23
4154,CODE-1P,S,3,2025-04-23
4155,CODE-2P,S,3,2025-04-23
4156,DEST-PH2,S,1,2025-04-23
4157,ESMA-NG,S,2,2025-04-23
4158,FOCOS-L9,S,1,2025-04-23
4159,INTE-SNC,S,1,2025-04-23
4160,LIAV-10,S,1,2025-04-23
4161,LIJAD-1,S,3,2025-04-23
4162,MART-1A,S,1,2025-04-23
4163,MART-2A,S,1,2025-04-23
4164,NIVE-60,S,1,2025-04-23
4165,PINT-BL,S,4,2025-04-23
4166,PINT-GR,S,1,2025-04-23
4167,ROND-M6,S,10,2025-04-23
4168,ROND-M8,S,10,2025-04-23
4169,SIER-HK,S,1,2025-04-23
4170,TOMA-SNC,S,13,2025-04-23
4171,TORN-M10,S,7,2025-04-23
4172,TORN-M4,S,5,2025-04-23
4173,TORN-M8,S,11,2025-04-23
4174,TUBO-1P,S,1,2025-04-23
4175,TURC-M6,S,65,2025-04-23
4176,TURC-M8,S,68,2025-04-23
4177,CLAV-3P,S,3,2025-04-24
4178,CODE-1P,S,13,2025-04-24
4179,DEST-PH2,S,1,2025-04-24
4180,ESMA-NG,S,2,2025-04-24
4181,FOCOS-L15,S,1,2025-04-24
4182,FOCOS-L9,S,1,2025-04-24
4183,INTE-SNC,S,1,2025-04-24
4184,NIVE-60,S,1,2025-04-24
4185,PINT-BG,S,1,2025-04-24
4186,PINT-BL,S,3,2025-04-24
4187,PINT-GR,S,1,2025-04-24
4188,PLIE-8P,S,1,2025-04-24
4189,ROLLO-1,S,1,2025-04-24
4190,ROND-M6,S,3,2025-04-24
4191,ROND-M8,S,33,2025-04-24
4192,SELL-TF,S,3,2025-04-24
4193,SOPLA-1,S,2,2025-04-24
4194,TOMA-DBL,S,1,2025-04-24
4195,TOMA-SNC,S,5,2025-04-24
4196,TORN-M10,S,1,2025-04-24
4197,TORN-M4,S,2,2025-04-24
4198,TORN-M6,S,1,2025-04-24
4199,TORN-M8,S,9,2025-04-24
4200,TURC-M6,S,117,2025-04-24
4201,TURC-M8,S,21,2025-04-24
4202,CLAV-2P,S,1,2025-04-25
4203,CLAV-3P,S,2,2025-04-25
4204,CODE-1P,S,2,2025-04-25
4205,FOCOS-L15,S,2,2025-04-25
4206,FOCOS-L9,S,2,2025-04-25
4207,LIJAD-1,S,2,2025-04-25
4208,LLAV-12,S,3,2025-04-25
4209,PINT-BG,S,1,2025-04-25
4210,PINT-BL,S,9,2025-04-25
4211,PLIE-6P,S,1,2025-04-25
4212,PLIE-8P,S,1,2025-04-25
4213,ROND-M6,S,49,2025-04-25
4214,ROND-M8,S,42,2025-04-25
4215,TOMA-SNC,S,18,2025-04-25
4216,TORN-M10,S,10,2025-04-25
4217,TORN-M4,S,1,2025-04-25
4218,TORN-M6,S,3,2025-04-25
4219,TORN-M8,S,4,2025-04-25
4220,TURC-M6,S,8,2025-04-25
4221,TURC-M8,S,6,2025-04-25
4222,LIAV-10,E,17,2025-04-26
4223,BROD-4P,S,1,2025-04-26
4224,CABL-12,S,11,2025-04-26
4225,CLAV-2P,S,1,2025-04-26
4226,CLAV-3P,S,2,2025-04-26
4227,CODE-1P,S,2,2025-04-26
4228,DEST-PH2,S,1,2025-04-26
4229,ESMA-NG,S,3,2025-04-26
4230,FOCOS-L15,S,1,2025-04-26
4231,MART-2A,S,3,2025-04-26
4232,PINT-BG,S,1,2025-04-26
4233,PINT-BL,S,11,2025-04-26
4234,PINT-GR,S,1,2025-04-26
4235,ROND-M6,S,8,2025-04-26
4236,ROND-M8,S,13,2025-04-26
4237,SIER-HK,S,1,2025-04-26
4238,TOMA-SNC,S,3,2025-04-26
4239,TORN-M10,S,13,2025-04-26
4240,TORN-M4,S,1,2025-04-26
4241,TORN-M6,S,4,2025-04-26
4242,TORN-M8,S,14,2025-04-26
4243,TURC-M6,S,9,2025-04-26
4244,TURC-M8,S,7,2025-04-26
4245,MART-2A,E,47,2025-04-28
4246,TUBO-2P,E,43,2025-04-28
4247,CABL-12,S,11,2025-04-28
4248,CLAV-3P,S,2,2025-04-28
4249,CODE-1P,S,18,2025-04-28
4250,CODE-2P,S,1,2025-04-28
4251,DEST-PH2,S,1,2025-04-28
4252,FOCOS-L9,S,3,2025-04-28
4253,MART-2A,S,1,2025-04-28
4254,NIVE-60,S,1,2025-04-28
4255,PINT-BL,S,7,2025-04-28
4256,PINT-GR,S,1,2025-04-28
4257,ROND-M6,S,19,2025-04-28
4258,ROND-M8,S,10,2025-04-28
4259,TOMA-DBL,S,2,2025-04-28
4260,TOMA-SNC,S,6,2025-04-28
4261,TORN-M10,S,7,2025-04-28
4262,TORN-M6,S,5,2025-04-28
4263,TORN-M8,S,7,2025-04-28
4264,TURC-M6,S,103,2025-04-28
4265,TURC-M8,S,18,2025-04-28
4266,CABL-12,E,52,2025-04-29
4267,CLAV-2P,S,1,2025-04-29
4268,CODE-2P,S,2,2025-04-29
4269,DEST-PL6,S,1,2025-04-29
4270,FOCOS-L9,S,4,2025-04-29
4271,LLAV-12,S,1,2025-04-29
4272,MART-1A,S,1,2025-04-29
4273,MART-2A,S,5,2025-04-29
4274,PINT-BL,S,4,2025-04-29
4275,PLIE-8P,S,1,2025-04-29
4276,ROND-M6,S,13,2025-04-29
4277,ROND-M8,S,42,2025-04-29
4278,SELL-TF,S,1,2025-04-29
4279,TOMA-SNC,S,6,2025-04-29
4280,TORN-M10,S,6,2025-04-29
4281,TORN-M4,S,6,2025-04-29
4282,TORN-M6,S,7,2025-04-29
4283,TORN-M8,S,29,2025-04-29
4284,TURC-M6,S,27,2025-04-29
4285,TURC-M8,S,17,2025-04-29
4286,CABL-12,S,9,2025-04-30
4287,CINT-5M,S,1,2025-04-30
4288,CLAV-2P,S,1,2025-04-30
4289,CLAV-3P,S,9,2025-04-30
4290,CODE-1P,S,1,2025-04-30
4291,DEST-PH2,S,1,2025-04-30
4292,ESMA-NG,S,2,2025-04-30
4293,FOCOS-L9,S,6,2025-04-30
4294,LLAV-12,S,3,2025-04-30
4295,MART-2A,S,2,2025-04-30
4296,PINT-BG,S,1,2025-04-30
4297,PINT-BL,S,2,2025-04-30
4298,PLIE-6P,S,1,2025-04-30
4299,ROND-M6,S,101,2025-04-30
4300,ROND-M8,S,14,2025-04-30
4301,TOMA-SNC,S,19,2025-04-30
4302,TORN-M10,S,2,2025-04-30
4303,TORN-M6,S,2,2025-04-30
4304,TORN-M8,S,29,2025-04-30
4305,TURC-M6,S,97,2025-04-30
4306,TURC-M8,S,40,2025-04-30
4307,TOMA-SNC,E,490,2025-05-01
4308,CINT-5M,S,1,2025-05-01
4309,CLAV-3P,S,12,2025-05-01
4310,CODE-1P,S,6,2025-05-01
4311,CODE-2P,S,3,2025-05-01
4312,ESMA-NG,S,1,2025-05-01
4313,LIAV-10,S,1,2025-05-01
4314,LIJAD-1,S,1,2025-05-01
4315,LLAV-12,S,2,2025-05-01
4316,MART-2A,S,2,2025-05-01
4317,NIVE-60,S,1,2025-05-01
4318,PINT-BL,S,2,2025-05-01
4319,ROND-M6,S,24,2025-05-01
4320,ROND-M8,S,16,2025-05-01
4321,SELL-TF,S,1,2025-05-01
4322,TOMA-DBL,S,1,2025-05-01
4323,TOMA-SNC,S,5,2025-05-01
4324,TORN-M10,S,12,2025-05-01
4325,TORN-M4,S,8,2025-05-01
4326,TORN-M6,S,13,2025-05-01
4327,TORN-M8,S,7,2025-05-01
4328,TURC-M6,S,9,2025-05-01
4329,TURC-M8,S,22,2025-05-01
4330,BROD-4P,S,1,2025-05-02
4331,CABL-12,S,10,2025-05-02
4332,CLAV-2P,S,1,2025-05-02
4333,CLAV-3P,S,4,2025-05-02
4334,CODE-1P,S,2,2025-05-02
4335,CODE-2P,S,1,2025-05-02
4336,DEST-PH2,S,1,2025-05-02
4337,INTE-SNC,S,1,2025-05-02
4338,LLAV-12,S,1,2025-05-02
4339,PINT-BL,S,4,2025-05-02
4340,ROND-M6,S,11,2025-05-02
4341,ROND-M8,S,43,2025-05-02
4342,SELL-TF,S,1,2025-05-02
4343,TORN-M10,S,4,2025-05-02
4344,TORN-M4,S,1,2025-05-02
4345,TORN-M8,S,18,2025-05-02
4346,TURC-M6,S,53,2025-05-02
4347,TURC-M8,S,31,2025-05-02
4348,PLIE-6P,E,16,2025-05-03
4349,CLAV-3P,S,4,2025-05-03
4350,CODE-1P,S,2,2025-05-03
4351,CODE-2P,S,3,2025-05-03
4352,FOCOS-L15,S,1,2025-05-03
4353,LIJAD-1,S,2,2025-05-03
4354,PINT-BL,S,2,2025-05-03
4355,PINT-GR,S,1,2025-05-03
4356,ROLLO-1,S,1,2025-05-03
4357,ROND-M6,S,23,2025-05-03
4358,ROND-M8,S,51,2025-05-03
4359,TOMA-SNC,S,11,2025-05-03
4360,TORN-M10,S,13,2025-05-03
4361,TORN-M4,S,10,2025-05-03
4362,TORN-M6,S,5,2025-05-03
4363,TORN-M8,S,8,2025-05-03
4364,TURC-M6,S,50,2025-05-03
4365,TURC-M8,S,14,2025-05-03
4366,MART-1A,E,20,2025-05-05
4367,PINT-BL,E,195,2025-05-05
4368,PINT-GR,E,30,2025-05-05
4369,BROD-2P,S,1,2025-05-05
4370,CABL-12,S,10,2025-05-05
4371,CLAV-2P,S,2,2025-05-05
4372,CLAV-3P,S,10,2025-05-05
4373,CODE-1P,S,11,2025-05-05
4374,CODE-2P,S,1,2025-05-05
4375,DEST-PH2,S,1,2025-05-05
4376,ESMA-NG,S,1,2025-05-05
4377,FOCOS-L15,S,1,2025-05-05
4378,FOCOS-L9,S,1,2025-05-05
4379,LIAV-10,S,1,2025-05-05
4380,LIJAD-1,S,1,2025-05-05
4381,MART-2A,S,1,2025-05-05
4382,NIVE-60,S,1,2025-05-05
4383,PINT-BL,S,9,2025-05-05
4384,PLIE-6P,S,1,2025-05-05
4385,ROND-M6,S,10,2025-05-05
4386,ROND-M8,S,8,2025-05-05
4387,SELL-TF,S,1,2025-05-05
4388,TOMA-SNC,S,7,2025-05-05
4389,TORN-M4,S,8,2025-05-05
4390,TORN-M6,S,6,2025-05-05
4391,TORN-M8,S,12,2025-05-05
4392,TURC-M6,S,81,2025-05-05
4393,TURC-M8,S,55,2025-05-05
4394,CLAV-3P,S,2,2025-05-06
4395,CODE-1P,S,4,2025-05-06
4396,CODE-2P,S,2,2025-05-06
4397,FOCOS-L9,S,2,2025-05-06
4398,LIJAD-1,S,1,2025-05-06
4399,PINT-BG,S,2,2025-05-06
4400,PINT-BL,S,9,2025-05-06
4401,PLIE-8P,S,1,2025-05-06
4402,ROND-M6,S,26,2025-05-06
4403,ROND-M8,S,13,2025-05-06
4404,SELL-TF,S,1,2025-05-06
4405,TOMA-SNC,S,5,2025-05-06
4406,TORN-M10,S,4,2025-05-06
4407,TORN-M4,S,8,2025-05-06
4408,TORN-M6,S,5,2025-05-06
4409,TORN-M8,S,3,2025-05-06
4410,TUBO-1P,S,1,2025-05-06
4411,TURC-M6,S,102,2025-05-06
4412,TURC-M8,S,31,2025-05-06
4413,CINT-5M,S,1,2025-05-07
4414,CLAV-3P,S,3,2025-05-07
4415,CODE-1P,S,3,2025-05-07
4416,DEST-PL6,S,1,2025-05-07
4417,FOCOS-L9,S,2,2025-05-07
4418,PINT-BG,S,2,2025-05-07
4419,PINT-BL,S,1,2025-05-07
4420,ROND-M6,S,84,2025-05-07
4421,ROND-M8,S,5,2025-05-07
4422,TABL-1P,S,1,2025-05-07
4423,TOMA-DBL,S,1,2025-05-07
4424,TOMA-SNC,S,6,2025-05-07
4425,TORN-M10,S,2,2025-05-07
4426,TORN-M4,S,27,2025-05-07
4427,TORN-M6,S,14,2025-05-07
4428,TORN-M8,S,23,2025-05-07
4429,TUBO-1P,S,1,2025-05-07
4430,TURC-M6,S,129,2025-05-07
4431,TURC-M8,S,25,2025-05-07
4432,LLAV-12,E,35,2025-05-08
4433,CLAV-2P,S,2,2025-05-08
4434,CLAV-3P,S,3,2025-05-08
4435,CODE-1P,S,1,2025-05-08
4436,CODE-2P,S,1,2025-05-08
4437,DEST-PH2,S,1,2025-05-08
4438,FOCOS-L15,S,2,2025-05-08
4439,FOCOS-L9,S,2,2025-05-08
4440,LIJAD-1,S,2,2025-05-08
4441,PINT-BL,S,2,2025-05-08
4442,ROND-M8,S,11,2025-05-08
4443,SELL-TF,S,1,2025-05-08
4444,TOMA-SNC,S,8,2025-05-08
4445,TORN-M10,S,1,2025-05-08
4446,TORN-M4,S,4,2025-05-08
4447,TORN-M6,S,3,2025-05-08
4448,TORN-M8,S,11,2025-05-08
4449,TURC-M6,S,32,2025-05-08
4450,TURC-M8,S,20,2025-05-08
4451,DEST-PH2,E,30,2025-05-09
4452,SOPLA-1,E,4,2025-05-09
4453,CLAV-3P,S,1,2025-05-09
4454,CODE-1P,S,3,2025-05-09
4455,ESMA-NG,S,1,2025-05-09
4456,ESMER-1,S,1,2025-05-09
4457,FOCOS-L15,S,2,2025-05-09
4458,FOCOS-L9,S,1,2025-05-09
4459,LIAV-10,S,1,2025-05-09
4460,LIJAD-1,S,1,2025-05-09
4461,LLAV-12,S,1,2025-05-09
4462,NIVE-60,S,1,2025-05-09
4463,ROLLO-1,S,1,2025-05-09
4464,ROND-M6,S,10,2025-05-09
4465,ROND-M8,S,27,2025-05-09
4466,SIER-HK,S,1,2025-05-09
4467,TALDR-1,S,1,2025-05-09
4468,TOMA-SNC,S,14,2025-05-09
4469,TORN-M10,S,5,2025-05-09
4470,TORN-M4,S,4,2025-05-09
4471,TORN-M6,S,10,2025-05-09
4472,TORN-M8,S,26,2025-05-09
4473,TURC-M6,S,20,2025-05-09
4474,TURC-M8,S,6,2025-05-09
4475,CINT-5M,E,20,2025-05-10
4476,CLAV-3P,S,1,2025-05-10
4477,CODE-1P,S,5,2025-05-10
4478,CODE-2P,S,4,2025-05-10
4479,ESMA-NG,S,2,2025-05-10
4480,LLAV-12,S,2,2025-05-10
4481,MART-2A,S,2,2025-05-10
4482,PINT-BL,S,3,2025-05-10
4483,PLIE-6P,S,1,2025-05-10
4484,ROND-M6,S,46,2025-05-10
4485,ROND-M8,S,44,2025-05-10
4486,TOMA-SNC,S,15,2025-05-10
4487,TORN-M4,S,5,2025-05-10
4488,TORN-M6,S,15,2025-05-10
4489,TORN-M8,S,14,2025-05-10
4490,TURC-M6,S,89,2025-05-10
4491,TURC-M8,S,19,2025-05-10
4492,NIVE-60,E,20,2025-05-12
4493,BROD-4P,S,1,2025-05-12
4494,CABL-12,S,15,2025-05-12
4495,CLAV-3P,S,2,2025-05-12
4496,CODE-1P,S,4,2025-05-12
4497,CODE-2P,S,3,2025-05-12
4498,ESMA-NG,S,1,2025-05-12
4499,FOCOS-L15,S,1,2025-05-12
4500,FOCOS-L9,S,3,2025-05-12
4501,INTE-SNC,S,1,2025-05-12
4502,MART-1A,S,1,2025-05-12
4503,PINT-BL,S,5,2025-05-12
4504,PLIE-6P,S,2,2025-05-12
4505,ROND-M6,S,12,2025-05-12
4506,ROND-M8,S,17,2025-05-12
4507,SELL-TF,S,1,2025-05-12
4508,TOMA-SNC,S,24,2025-05-12
4509,TORN-M10,S,13,2025-05-12
4510,TORN-M4,S,8,2025-05-12
4511,TORN-M6,S,7,2025-05-12
4512,TORN-M8,S,2,2025-05-12
4513,TURC-M6,S,87,2025-05-12
4514,TURC-M8,S,75,2025-05-12
4515,CINT-5M,S,2,2025-05-13
4516,CLAV-3P,S,2,2025-05-13
4517,CODE-1P,S,2,2025-05-13
4518,CODE-2P,S,1,2025-05-13
4519,DEST-PH2,S,1,2025-05-13
4520,DEST-PL6,S,1,2025-05-13
4521,ESMA-NG,S,1,2025-05-13
4522,FOCOS-L15,S,1,2025-05-13
4523,FOCOS-L9,S,3,2025-05-13
4524,LLAV-12,S,1,2025-05-13
4525,MART-1A,S,1,2025-05-13
4526,PINT-BG,S,2,2025-05-13
4527,PINT-GR,S,1,2025-05-13
4528,ROND-M6,S,54,2025-05-13
4529,ROND-M8,S,27,2025-05-13
4530,SELL-TF,S,1,2025-05-13
4531,TOMA-SNC,S,7,2025-05-13
4532,TORN-M10,S,5,2025-05-13
4533,TORN-M4,S,13,2025-05-13
4534,TORN-M6,S,14,2025-05-13
4535,TORN-M8,S,2,2025-05-13
4536,TURC-M6,S,28,2025-05-13
4537,TURC-M8,S,14,2025-05-13
4538,CLAV-3P,S,6,2025-05-14
4539,CODE-1P,S,14,2025-05-14
4540,CODE-2P,S,1,2025-05-14
4541,FOCOS-L15,S,2,2025-05-14
4542,MART-2A,S,1,2025-05-14
4543,NIVE-60,S,1,2025-05-14
4544,PINT-BL,S,6,2025-05-14
4545,ROND-M6,S,42,2025-05-14
4546,ROND-M8,S,22,2025-05-14
4547,TOMA-DBL,S,1,2025-05-14
4548,TOMA-SNC,S,3,2025-05-14
4549,TORN-M10,S,10,2025-05-14
4550,TORN-M4,S,5,2025-05-14
4551,TORN-M6,S,8,2025-05-14
4552,TORN-M8,S,2,2025-05-14
4553,TURC-M6,S,53,2025-05-14
4554,TURC-M8,S,18,2025-05-14
4555,TUBO-1P,E,30,2025-05-15
4556,CLAV-3P,S,6,2025-05-15
4557,CODE-1P,S,6,2025-05-15
4558,CODE-2P,S,2,2025-05-15
4559,ESMA-NG,S,2,2025-05-15
4560,FOCOS-L15,S,1,2025-05-15
4561,FOCOS-L9,S,4,2025-05-15
4562,LIAV-10,S,1,2025-05-15
4563,PINT-BG,S,1,2025-05-15
4564,PINT-BL,S,1,2025-05-15
4565,PINT-GR,S,1,2025-05-15
4566,PLIE-8P,S,1,2025-05-15
4567,ROND-M6,S,46,2025-05-15
4568,ROND-M8,S,9,2025-05-15
4569,SELL-TF,S,2,2025-05-15
4570,TOMA-DBL,S,1,2025-05-15
4571,TOMA-SNC,S,3,2025-05-15
4572,TORN-M10,S,4,2025-05-15
4573,TORN-M4,S,4,2025-05-15
4574,TORN-M6,S,1,2025-05-15
4575,TURC-M6,S,119,2025-05-15
4576,TURC-M8,S,26,2025-05-15
4577,BROD-2P,S,1,2025-05-16
4578,CINT-5M,S,1,2025-05-16
4579,CLAV-2P,S,1,2025-05-16
4580,CLAV-3P,S,1,2025-05-16
4581,CODE-1P,S,5,2025-05-16
4582,CODE-2P,S,4,2025-05-16
4583,ESMA-NG,S,1,2025-05-16
4584,FOCOS-L9,S,1,2025-05-16
4585,LIAV-10,S,1,2025-05-16
4586,LLAV-12,S,1,2025-05-16
4587,MART-2A,S,3,2025-05-16
4588,PINT-BG,S,1,2025-05-16
4589,PINT-BL,S,3,2025-05-16
4590,ROND-M6,S,29,2025-05-16
4591,ROND-M8,S,17,2025-05-16
4592,TABL-2P,S,6,2025-05-16
4593,TOMA-SNC,S,19,2025-05-16
4594,TORN-M10,S,12,2025-05-16
4595,TORN-M4,S,3,2025-05-16
4596,TORN-M6,S,4,2025-05-16
4597,TORN-M8,S,10,2025-05-16
4598,TURC-M6,S,49,2025-05-16
4599,TURC-M8,S,46,2025-05-16
4600,CLAV-2P,E,60,2025-05-17
4601,CINT-5M,S,2,2025-05-17
4602,CLAV-3P,S,4,2025-05-17
4603,CODE-1P,S,4,2025-05-17
4604,CODE-2P,S,3,2025-05-17
4605,DEST-PL6,S,1,2025-05-17
4606,ESMA-BL,S,1,2025-05-17
4607,ESMA-NG,S,2,2025-05-17
4608,FOCOS-L9,S,1,2025-05-17
4609,LLAV-12,S,2,2025-05-17
4610,MART-1A,S,1,2025-05-17
4611,MART-2A,S,1,2025-05-17
4612,PINT-BL,S,7,2025-05-17
4613,ROND-M6,S,29,2025-05-17
4614,ROND-M8,S,50,2025-05-17
4615,TOMA-SNC,S,4,2025-05-17
4616,TORN-M10,S,2,2025-05-17
4617,TORN-M4,S,3,2025-05-17
4618,TORN-M6,S,2,2025-05-17
4619,TORN-M8,S,5,2025-05-17
4620,TUBO-2P,S,26,2025-05-17
4621,TURC-M6,S,67,2025-05-17
4622,TURC-M8,S,19,2025-05-17
4623,CABL-12,E,55,2025-05-19
4624,TORN-M6,E,800,2025-05-19
4625,TURC-M8,E,1450,2025-05-19
4626,CLAV-3P,S,2,2025-05-19
4627,CODE-1P,S,1,2025-05-19
4628,CODE-2P,S,1,2025-05-19
4629,ESMA-NG,S,1,2025-05-19
4630,FOCOS-L15,S,4,2025-05-19
4631,LIAV-10,S,1,2025-05-19
4632,LIJAD-1,S,1,2025-05-19
4633,LLAV-12,S,1,2025-05-19
4634,PINT-BL,S,3,2025-05-19
4635,PINT-GR,S,1,2025-05-19
4636,PLIE-6P,S,1,2025-05-19
4637,ROND-M6,S,37,2025-05-19
4638,ROND-M8,S,5,2025-05-19
4639,TOMA-DBL,S,1,2025-05-19
4640,TOMA-SNC,S,12,2025-05-19
4641,TORN-M10,S,9,2025-05-19
4642,TORN-M4,S,2,2025-05-19
4643,TORN-M6,S,7,2025-05-19
4644,TORN-M8,S,38,2025-05-19
4645,TURC-M6,S,31,2025-05-19
4646,TURC-M8,S,12,2025-05-19
4647,CODE-1P,E,300,2025-05-20
4648,CINT-5M,S,2,2025-05-20
4649,CLAV-2P,S,1,2025-05-20
4650,CLAV-3P,S,3,2025-05-20
4651,CODE-1P,S,4,2025-05-20
4652,CODE-2P,S,1,2025-05-20
4653,ESMER-2,S,1,2025-05-20
4654,FOCOS-L9,S,1,2025-05-20
4655,LIJAD-1,S,1,2025-05-20
4656,LLAV-12,S,3,2025-05-20
4657,MART-2A,S,1,2025-05-20
4658,PINT-BG,S,1,2025-05-20
4659,PINT-BL,S,3,2025-05-20
4660,PINT-GR,S,2,2025-05-20
4661,ROND-M6,S,60,2025-05-20
4662,ROND-M8,S,28,2025-05-20
4663,SELL-TF,S,4,2025-05-20
4664,TOMA-SNC,S,19,2025-05-20
4665,TORN-M10,S,13,2025-05-20
4666,TORN-M4,S,6,2025-05-20
4667,TORN-M6,S,7,2025-05-20
4668,TORN-M8,S,4,2025-05-20
4669,TURC-M6,S,121,2025-05-20
4670,TURC-M8,S,37,2025-05-20
4671,TABL-2P,E,15,2025-05-21
4672,BROD-4P,S,1,2025-05-21
4673,CODE-1P,S,5,2025-05-21
4674,CODE-2P,S,3,2025-05-21
4675,DEST-PL6,S,1,2025-05-21
4676,ESMA-NG,S,2,2025-05-21
4677,FOCOS-L9,S,3,2025-05-21
4678,MART-2A,S,2,2025-05-21
4679,PINT-BL,S,6,2025-05-21
4680,ROND-M6,S,24,2025-05-21
4681,ROND-M8,S,6,2025-05-21
4682,TOMA-SNC,S,7,2025-05-21
4683,TORN-M10,S,4,2025-05-21
4684,TORN-M4,S,3,2025-05-21
4685,TORN-M6,S,6,2025-05-21
4686,TORN-M8,S,6,2025-05-21
4687,TUBO-1P,S,1,2025-05-21
4688,TURC-M6,S,42,2025-05-21
4689,TURC-M8,S,39,2025-05-21
4690,PINT-BG,E,38,2025-05-22
4691,BROD-4P,S,1,2025-05-22
4692,CLAV-2P,S,1,2025-05-22
4693,CLAV-3P,S,1,2025-05-22
4694,CODE-1P,S,7,2025-05-22
4695,ESMA-NG,S,1,2025-05-22
4696,FOCOS-L15,S,4,2025-05-22
4697,FOCOS-L9,S,1,2025-05-22
4698,MART-2A,S,1,2025-05-22
4699,PINT-BL,S,4,2025-05-22
4700,ROND-M6,S,25,2025-05-22
4701,ROND-M8,S,38,2025-05-22
4702,SIER-C1,S,1,2025-05-22
4703,TOMA-SNC,S,31,2025-05-22
4704,TORN-M10,S,6,2025-05-22
4705,TORN-M4,S,14,2025-05-22
4706,TORN-M6,S,6,2025-05-22
4707,TORN-M8,S,28,2025-05-22
4708,TUBO-1P,S,1,2025-05-22
4709,TURC-M6,S,60,2025-05-22
4710,TURC-M8,S,45,2025-05-22
4711,TURC-M6,E,3000,2025-05-23
4712,CINT-5M,S,1,2025-05-23
4713,CLAV-3P,S,2,2025-05-23
4714,CODE-1P,S,11,2025-05-23
4715,CODE-2P,S,2,2025-05-23
4716,FOCOS-L9,S,3,2025-05-23
4717,LLAV-12,S,1,2025-05-23
4718,MART-2A,S,3,2025-05-23
4719,PINT-BG,S,1,2025-05-23
4720,PINT-BL,S,1,2025-05-23
4721,PINT-GR,S,1,2025-05-23
4722,ROND-M6,S,30,2025-05-23
4723,ROND-M8,S,10,2025-05-23
4724,SIER-HK,S,1,2025-05-23
4725,TOMA-SNC,S,1,2025-05-23
4726,TORN-M10,S,15,2025-05-23
4727,TORN-M4,S,7,2025-05-23
4728,TORN-M6,S,1,2025-05-23
4729,TORN-M8,S,15,2025-05-23
4730,TURC-M6,S,32,2025-05-23
4731,TURC-M8,S,28,2025-05-23
4732,CLAV-3P,S,1,2025-05-24
4733,CODE-1P,S,4,2025-05-24
4734,CODE-2P,S,1,2025-05-24
4735,DEST-PL6,S,1,2025-05-24
4736,FOCOS-L15,S,3,2025-05-24
4737,FOCOS-L9,S,2,2025-05-24
4738,LIJAD-1,S,1,2025-05-24
4739,LLAV-12,S,1,2025-05-24
4740,MART-1A,S,1,2025-05-24
4741,PINT-BG,S,3,2025-05-24
4742,ROLLO-1,S,1,2025-05-24
4743,ROND-M6,S,17,2025-05-24
4744,ROND-M8,S,25,2025-05-24
4745,SOPLA-1,S,1,2025-05-24
4746,TOMA-SNC,S,1,2025-05-24
4747,TORN-M10,S,3,2025-05-24
4748,TORN-M4,S,2,2025-05-24
4749,TORN-M6,S,16,2025-05-24
4750,TORN-M8,S,24,2025-05-24
4751,TURC-M6,S,18,2025-05-24
4752,TURC-M8,S,14,2025-05-24
4753,BROD-4P,S,1,2025-05-26
4754,CLAV-3P,S,1,2025-05-26
4755,CODE-1P,S,7,2025-05-26
4756,LLAV-12,S,1,2025-05-26
4757,MART-2A,S,1,2025-05-26
4758,NIVE-60,S,2,2025-05-26
4759,PINT-BG,S,3,2025-05-26
4760,PINT-BL,S,4,2025-05-26
4761,ROND-M6,S,30,2025-05-26
4762,ROND-M8,S,18,2025-05-26
4763,SELL-TF,S,3,2025-05-26
4764,TOMA-SNC,S,2,2025-05-26
4765,TORN-M10,S,7,2025-05-26
4766,TORN-M4,S,3,2025-05-26
4767,TORN-M6,S,1,2025-05-26
4768,TORN-M8,S,4,2025-05-26
4769,TURC-M6,S,123,2025-05-26
4770,TURC-M8,S,2,2025-05-26
4771,TORN-M10,E,450,2025-05-27
4772,CLAV-3P,S,3,2025-05-27
4773,CODE-1P,S,11,2025-05-27
4774,ESMA-NG,S,1,2025-05-27
4775,FOCOS-L15,S,1,2025-05-27
4776,FOCOS-L9,S,4,2025-05-27
4777,INTE-SNC,S,1,2025-05-27
4778,LIJAD-1,S,3,2025-05-27
4779,MART-2A,S,1,2025-05-27
4780,NIVE-60,S,1,2025-05-27
4781,PINT-BG,S,1,2025-05-27
4782,PINT-BL,S,1,2025-05-27
4783,PINT-GR,S,2,2025-05-27
4784,ROND-M6,S,40,2025-05-27
4785,ROND-M8,S,8,2025-05-27
4786,TOMA-DBL,S,2,2025-05-27
4787,TOMA-SNC,S,17,2025-05-27
4788,TORN-M10,S,7,2025-05-27
4789,TORN-M4,S,17,2025-05-27
4790,TORN-M6,S,2,2025-05-27
4791,TORN-M8,S,12,2025-05-27
4792,TUBO-2P,S,17,2025-05-27
4793,TURC-M6,S,39,2025-05-27
4794,TURC-M8,S,17,2025-05-27
4795,CINT-5M,S,1,2025-05-28
4796,CLAV-3P,S,5,2025-05-28
4797,CODE-1P,S,6,2025-05-28
4798,CODE-2P,S,3,2025-05-28
4799,ESMA-NG,S,1,2025-05-28
4800,FOCOS-L9,S,2,2025-05-28
4801,LLAV-12,S,1,2025-05-28
4802,PINT-BL,S,3,2025-05-28
4803,PLIE-6P,S,1,2025-05-28
4804,ROND-M6,S,7,2025-05-28
4805,ROND-M8,S,4,2025-05-28
4806,SELL-TF,S,1,2025-05-28
4807,TOMA-SNC,S,6,2025-05-28
4808,TORN-M10,S,1,2025-05-28
4809,TORN-M4,S,4,2025-05-28
4810,TORN-M8,S,15,2025-05-28
4811,TURC-M6,S,47,2025-05-28
4812,TURC-M8,S,6,2025-05-28
4813,TORN-M8,E,700,2025-05-29
4814,CLAV-3P,S,1,2025-05-29
4815,CODE-1P,S,8,2025-05-29
4816,CODE-2P,S,10,2025-05-29
4817,ESMA-NG,S,2,2025-05-29
4818,FOCOS-L15,S,3,2025-05-29
4819,FOCOS-L9,S,4,2025-05-29
4820,LIJAD-1,S,1,2025-05-29
4821,LLAV-12,S,1,2025-05-29
4822,PINT-BG,S,2,2025-05-29
4823,PINT-BL,S,3,2025-05-29
4824,ROND-M6,S,22,2025-05-29
4825,ROND-M8,S,64,2025-05-29
4826,SELL-TF,S,1,2025-05-29
4827,TOMA-SNC,S,8,2025-05-29
4828,TORN-M4,S,2,2025-05-29
4829,TORN-M6,S,2,2025-05-29
4830,TORN-M8,S,4,2025-05-29
4831,TURC-M6,S,10,2025-05-29
4832,TURC-M8,S,34,2025-05-29
4833,CINT-5M,S,3,2025-05-30
4834,CLAV-2P,S,2,2025-05-30
4835,CLAV-3P,S,6,2025-05-30
4836,CODE-1P,S,5,2025-05-30
4837,ESMA-NG,S,1,2025-05-30
4838,ESMER-1,S,1,2025-05-30
4839,FOCOS-L15,S,1,2025-05-30
4840,LIAV-10,S,1,2025-05-30
4841,MART-2A,S,1,2025-05-30
4842,PINT-BG,S,1,2025-05-30
4843,PINT-BL,S,1,2025-05-30
4844,ROND-M6,S,20,2025-05-30
4845,ROND-M8,S,13,2025-05-30
4846,SELL-TF,S,1,2025-05-30
4847,SIER-HK,S,1,2025-05-30
4848,TOMA-SNC,S,6,2025-05-30
4849,TORN-M10,S,12,2025-05-30
4850,TORN-M4,S,1,2025-05-30
4851,TORN-M6,S,1,2025-05-30
4852,TORN-M8,S,13,2025-05-30
4853,TURC-M6,S,29,2025-05-30
4854,TURC-M8,S,1,2025-05-30
4855,ESMA-NG,E,42,2025-05-31
4856,CODE-1P,S,10,2025-05-31
4857,CODE-2P,S,3,2025-05-31
4858,FOCOS-L15,S,2,2025-05-31
4859,FOCOS-L9,S,8,2025-05-31
4860,LIJAD-1,S,1,2025-05-31
4861,PINT-BL,S,1,2025-05-31
4862,ROND-M6,S,1,2025-05-31
4863,ROND-M8,S,21,2025-05-31
4864,SELL-TF,S,2,2025-05-31
4865,TABL-1P,S,1,2025-05-31
4866,TOMA-SNC,S,4,2025-05-31
4867,TORN-M10,S,34,2025-05-31
4868,TORN-M4,S,8,2025-05-31
4869,TORN-M6,S,3,2025-05-31
4870,TORN-M8,S,16,2025-05-31
4871,TUBO-1P,S,3,2025-05-31
4872,TURC-M6,S,17,2025-05-31
4873,TURC-M8,S,18,2025-05-31
4874,TUBO-2P,E,46,2025-06-02
4875,CINT-5M,S,1,2025-06-02
4876,CLAV-3P,S,1,2025-06-02
4877,CODE-2P,S,3,2025-06-02
4878,FOCOS-L9,S,1,2025-06-02
4879,LIJAD-1,S,1,2025-06-02
4880,MART-2A,S,1,2025-06-02
4881,PINT-BG,S,1,2025-06-02
4882,PINT-BL,S,4,2025-06-02
4883,PLIE-6P,S,1,2025-06-02
4884,ROND-M6,S,7,2025-06-02
4885,ROND-M8,S,11,2025-06-02
4886,SELL-TF,S,2,2025-06-02
4887,TOMA-SNC,S,11,2025-06-02
4888,TORN-M10,S,13,2025-06-02
4889,TORN-M4,S,1,2025-06-02
4890,TORN-M6,S,3,2025-06-02
4891,TORN-M8,S,14,2025-06-02
4892,TURC-M6,S,47,2025-06-02
4893,TURC-M8,S,78,2025-06-02
4894,SELL-TF,E,250,2025-06-03
4895,BROD-4P,S,1,2025-06-03
4896,CABL-12,S,9,2025-06-03
4897,CLAV-3P,S,1,2025-06-03
4898,CODE-1P,S,3,2025-06-03
4899,DEST-PL6,S,2,2025-06-03
4900,ESMA-NG,S,1,2025-06-03
4901,FOCOS-L15,S,1,2025-06-03
4902,FOCOS-L9,S,2,2025-06-03
4903,LIJAD-1,S,2,2025-06-03
4904,PINT-BG,S,7,2025-06-03
4905,PLIE-6P,S,1,2025-06-03
4906,PLIE-8P,S,1,2025-06-03
4907,ROND-M6,S,35,2025-06-03
4908,ROND-M8,S,18,2025-06-03
4909,TOMA-SNC,S,2,2025-06-03
4910,TORN-M10,S,4,2025-06-03
4911,TORN-M4,S,7,2025-06-03
4912,TORN-M6,S,6,2025-06-03
4913,TORN-M8,S,9,2025-06-03
4914,TURC-M6,S,52,2025-06-03
4915,TURC-M8,S,21,2025-06-03
4916,CLAV-2P,S,1,2025-06-04
4917,CLAV-3P,S,2,2025-06-04
4918,CODE-1P,S,11,2025-06-04
4919,DEST-PH2,S,1,2025-06-04
4920,ESMA-NG,S,1,2025-06-04
4921,FOCOS-L9,S,1,2025-06-04
4922,LIJAD-1,S,3,2025-06-04
4923,LLAV-12,S,3,2025-06-04
4924,NIVE-60,S,1,2025-06-04
4925,PINT-BL,S,7,2025-06-04
4926,ROND-M6,S,43,2025-06-04
4927,ROND-M8,S,34,2025-06-04
4928,TOMA-SNC,S,11,2025-06-04
4929,TORN-M10,S,2,2025-06-04
4930,TORN-M4,S,3,2025-06-04
4931,TORN-M8,S,11,2025-06-04
4932,TURC-M6,S,27,2025-06-04
4933,TURC-M8,S,22,2025-06-04
4934,CLAV-3P,S,4,2025-06-05
4935,CODE-1P,S,3,2025-06-05
4936,CODE-2P,S,1,2025-06-05
4937,DEST-PL6,S,1,2025-06-05
4938,ESMA-NG,S,4,2025-06-05
4939,MART-2A,S,1,2025-06-05
4940,PINT-BL,S,7,2025-06-05
4941,PINT-GR,S,2,2025-06-05
4942,ROND-M6,S,12,2025-06-05
4943,ROND-M8,S,31,2025-06-05
4944,SIER-HK,S,1,2025-06-05
4945,TOMA-SNC,S,5,2025-06-05
4946,TORN-M10,S,4,2025-06-05
4947,TORN-M4,S,4,2025-06-05
4948,TORN-M6,S,1,2025-06-05
4949,TORN-M8,S,7,2025-06-05
4950,TURC-M6,S,88,2025-06-05
4951,TURC-M8,S,41,2025-06-05
4952,BROD-4P,S,1,2025-06-06
4953,CLAV-2P,S,1,2025-06-06
4954,CLAV-3P,S,4,2025-06-06
4955,CODE-1P,S,3,2025-06-06
4956,CODE-2P,S,1,2025-06-06
4957,DEST-PH2,S,2,2025-06-06
4958,ESMA-NG,S,1,2025-06-06
4959,FOCOS-L15,S,3,2025-06-06
4960,FOCOS-L9,S,1,2025-06-06
4961,LIJAD-1,S,1,2025-06-06
4962,NIVE-60,S,1,2025-06-06
4963,PINT-BL,S,3,2025-06-06
4964,PLIE-8P,S,1,2025-06-06
4965,ROND-M6,S,13,2025-06-06
4966,ROND-M8,S,17,2025-06-06
4967,TOMA-DBL,S,1,2025-06-06
4968,TOMA-SNC,S,6,2025-06-06
4969,TORN-M10,S,3,2025-06-06
4970,TORN-M4,S,1,2025-06-06
4971,TORN-M6,S,9,2025-06-06
4972,TORN-M8,S,11,2025-06-06
4973,TURC-M6,S,5,2025-06-06
4974,TURC-M8,S,6,2025-06-06
4975,LIJAD-1,E,41,2025-06-07
4976,CODE-1P,S,4,2025-06-07
4977,ESMA-NG,S,1,2025-06-07
4978,FOCOS-L9,S,6,2025-06-07
4979,LLAV-12,S,1,2025-06-07
4980,PINT-BL,S,6,2025-06-07
4981,PLIE-6P,S,1,2025-06-07
4982,PLIE-8P,S,1,2025-06-07
4983,ROND-M6,S,28,2025-06-07
4984,ROND-M8,S,19,2025-06-07
4985,SELL-TF,S,2,2025-06-07
4986,TOMA-SNC,S,7,2025-06-07
4987,TORN-M10,S,16,2025-06-07
4988,TORN-M4,S,4,2025-06-07
4989,TORN-M6,S,7,2025-06-07
4990,TORN-M8,S,14,2025-06-07
4991,TURC-M6,S,27,2025-06-07
4992,TURC-M8,S,12,2025-06-07
4993,CABL-14,S,6,2025-06-09
4994,CLAV-3P,S,2,2025-06-09
4995,CODE-1P,S,12,2025-06-09
4996,CODE-2P,S,3,2025-06-09
4997,DEST-PL6,S,1,2025-06-09
4998,FOCOS-L15,S,1,2025-06-09
4999,FOCOS-L9,S,2,2025-06-09
5000,LLAV-12,S,2,2025-06-09
5001,MART-2A,S,1,2025-06-09
5002,PINT-BG,S,1,2025-06-09
5003,PINT-BL,S,1,2025-06-09
5004,PLIE-6P,S,1,2025-06-09
5005,ROND-M6,S,2,2025-06-09
5006,ROND-M8,S,3,2025-06-09
5007,SELL-TF,S,1,2025-06-09
5008,TOMA-SNC,S,5,2025-06-09
5009,TORN-M10,S,7,2025-06-09
5010,TORN-M4,S,4,2025-06-09
5011,TORN-M6,S,1,2025-06-09
5012,TORN-M8,S,27,2025-06-09
5013,TURC-M6,S,21,2025-06-09
5014,TURC-M8,S,36,2025-06-09
5015,PLIE-8P,E,12,2025-06-10
5016,BROD-2P,S,1,2025-06-10
5017,CLAV-3P,S,3,2025-06-10
5018,CODE-1P,S,2,2025-06-10
5019,CODE-2P,S,1,2025-06-10
5020,ESMA-NG,S,1,2025-06-10
5021,LIJAD-1,S,1,2025-06-10
5022,LLAV-12,S,1,2025-06-10
5023,MART-1A,S,1,2025-06-10
5024,MART-2A,S,1,2025-06-10
5025,PINT-BL,S,1,2025-06-10
5026,PLIE-8P,S,1,2025-06-10
5027,ROLLO-1,S,1,2025-06-10
5028,ROND-M6,S,17,2025-06-10
5029,ROND-M8,S,35,2025-06-10
5030,TOMA-SNC,S,18,2025-06-10
5031,TORN-M10,S,8,2025-06-10
5032,TORN-M6,S,2,2025-06-10
5033,TORN-M8,S,14,2025-06-10
5034,TURC-M6,S,63,2025-06-10
5035,TURC-M8,S,15,2025-06-10
5036,CLAV-2P,S,1,2025-06-11
5037,CLAV-3P,S,9,2025-06-11
5038,CODE-1P,S,15,2025-06-11
5039,DEST-PH2,S,1,2025-06-11
5040,ESMA-BL,S,1,2025-06-11
5041,ESMA-NG,S,1,2025-06-11
5042,FOCOS-L9,S,2,2025-06-11
5043,INTE-SNC,S,1,2025-06-11
5044,LIJAD-1,S,2,2025-06-11
5045,MART-2A,S,1,2025-06-11
5046,PINT-BL,S,7,2025-06-11
5047,ROND-M6,S,21,2025-06-11
5048,ROND-M8,S,15,2025-06-11
5049,SELL-TF,S,2,2025-06-11
5050,SIER-HK,S,1,2025-06-11
5051,TORN-M10,S,6,2025-06-11
5052,TORN-M4,S,2,2025-06-11
5053,TORN-M6,S,4,2025-06-11
5054,TORN-M8,S,2,2025-06-11
5055,TUBO-1P,S,1,2025-06-11
5056,TURC-M6,S,48,2025-06-11
5057,TURC-M8,S,7,2025-06-11
5058,BROD-4P,E,30,2025-06-12
5059,CLAV-3P,S,5,2025-06-12
5060,CODE-1P,S,1,2025-06-12
5061,CODE-2P,S,1,2025-06-12
5062,ESMA-NG,S,2,2025-06-12
5063,FOCOS-L15,S,1,2025-06-12
5064,FOCOS-L9,S,3,2025-06-12
5065,LIJAD-1,S,1,2025-06-12
5066,LLAV-12,S,2,2025-06-12
5067,PINT-BL,S,8,2025-06-12
5068,ROND-M6,S,44,2025-06-12
5069,ROND-M8,S,1,2025-06-12
5070,SELL-TF,S,1,2025-06-12
5071,TOMA-SNC,S,3,2025-06-12
5072,TORN-M10,S,8,2025-06-12
5073,TORN-M4,S,2,2025-06-12
5074,TORN-M8,S,15,2025-06-12
5075,TUBO-1P,S,1,2025-06-12
5076,TURC-M6,S,49,2025-06-12
5077,TURC-M8,S,22,2025-06-12
5078,CLAV-3P,S,3,2025-06-13
5079,CODE-1P,S,17,2025-06-13
5080,ESMA-NG,S,1,2025-06-13
5081,LLAV-12,S,1,2025-06-13
5082,MART-2A,S,1,2025-06-13
5083,PINT-BL,S,5,2025-06-13
5084,PINT-GR,S,1,2025-06-13
5085,ROND-M6,S,59,2025-06-13
5086,ROND-M8,S,19,2025-06-13
5087,SELL-TF,S,1,2025-06-13
5088,TOMA-SNC,S,10,2025-06-13
5089,TORN-M4,S,5,2025-06-13
5090,TORN-M6,S,6,2025-06-13
5091,TORN-M8,S,4,2025-06-13
5092,TUBO-1P,S,1,2025-06-13
5093,TURC-M6,S,24,2025-06-13
5094,TURC-M8,S,52,2025-06-13
5095,CINT-5M,S,1,2025-06-14
5096,CLAV-3P,S,5,2025-06-14
5097,CODE-1P,S,2,2025-06-14
5098,CODE-2P,S,6,2025-06-14
5099,FOCOS-L15,S,1,2025-06-14
5100,FOCOS-L9,S,1,2025-06-14
5101,LIJAD-1,S,1,2025-06-14
5102,PINT-BL,S,4,2025-06-14
5103,ROND-M6,S,17,2025-06-14
5104,ROND-M8,S,69,2025-06-14
5105,TOMA-SNC,S,6,2025-06-14
5106,TORN-M10,S,7,2025-06-14
5107,TORN-M4,S,2,2025-06-14
5108,TORN-M6,S,2,2025-06-14
5109,TORN-M8,S,10,2025-06-14
5110,TURC-M6,S,175,2025-06-14
5111,TURC-M8,S,21,2025-06-14
5112,ROND-M6,E,2050,2025-06-16
5113,CLAV-3P,S,1,2025-06-16
5114,CODE-1P,S,10,2025-06-16
5115,FOCOS-L9,S,2,2025-06-16
5116,LIJAD-1,S,2,2025-06-16
5117,MART-2A,S,1,2025-06-16
5118,PINT-BL,S,3,2025-06-16
5119,ROND-M6,S,12,2025-06-16
5120,ROND-M8,S,19,2025-06-16
5121,SELL-TF,S,2,2025-06-16
5122,TOMA-DBL,S,1,2025-06-16
5123,TOMA-SNC,S,9,2025-06-16
5124,TORN-M10,S,5,2025-06-16
5125,TORN-M4,S,5,2025-06-16
5126,TORN-M6,S,1,2025-06-16
5127,TORN-M8,S,4,2025-06-16
5128,TUBO-1P,S,1,2025-06-16
5129,TURC-M6,S,184,2025-06-16
5130,TURC-M8,S,21,2025-06-16
5131,CABL-14,E,15,2025-06-17
5132,CLAV-3P,S,4,2025-06-17
5133,CODE-1P,S,1,2025-06-17
5134,CODE-2P,S,3,2025-06-17
5135,LIJAD-1,S,1,2025-06-17
5136,PINT-BG,S,4,2025-06-17
5137,PINT-BL,S,6,2025-06-17
5138,PLIE-6P,S,2,2025-06-17
5139,ROND-M6,S,12,2025-06-17
5140,ROND-M8,S,33,2025-06-17
5141,SOPLA-1,S,1,2025-06-17
5142,TOMA-SNC,S,2,2025-06-17
5143,TORN-M6,S,3,2025-06-17
5144,TORN-M8,S,3,2025-06-17
5145,TURC-M6,S,19,2025-06-17
5146,TURC-M8,S,6,2025-06-17
5147,BROD-4P,S,1,2025-06-18
5148,CINT-5M,S,1,2025-06-18
5149,CLAV-2P,S,1,2025-06-18
5150,CODE-1P,S,1,2025-06-18
5151,CODE-2P,S,3,2025-06-18
5152,DEST-PL6,S,1,2025-06-18
5153,FOCOS-L15,S,1,2025-06-18
5154,LLAV-12,S,1,2025-06-18
5155,MART-2A,S,1,2025-06-18
5156,PINT-BL,S,4,2025-06-18
5157,ROLLO-1,S,1,2025-06-18
5158,ROND-M6,S,45,2025-06-18
5159,ROND-M8,S,8,2025-06-18
5160,TOMA-SNC,S,14,2025-06-18
5161,TORN-M10,S,5,2025-06-18
5162,TORN-M4,S,10,2025-06-18
5163,TORN-M6,S,9,2025-06-18
5164,TORN-M8,S,23,2025-06-18
5165,TURC-M6,S,46,2025-06-18
5166,TURC-M8,S,19,2025-06-18
5167,CLAV-3P,E,145,2025-06-19
5168,CLAV-3P,S,3,2025-06-19
5169,CODE-1P,S,3,2025-06-19
5170,CODE-2P,S,2,2025-06-19
5171,ESMA-NG,S,1,2025-06-19
5172,FOCOS-L15,S,2,2025-06-19
5173,FOCOS-L9,S,1,2025-06-19
5174,LIJAD-1,S,1,2025-06-19
5175,LLAV-12,S,4,2025-06-19
5176,NIVE-60,S,1,2025-06-19
5177,PINT-BG,S,1,2025-06-19
5178,PINT-BL,S,2,2025-06-19
5179,ROND-M6,S,3,2025-06-19
5180,ROND-M8,S,36,2025-06-19
5181,SELL-TF,S,3,2025-06-19
5182,TOMA-SNC,S,13,2025-06-19
5183,TORN-M10,S,2,2025-06-19
5184,TORN-M4,S,5,2025-06-19
5185,TORN-M6,S,5,2025-06-19
5186,TORN-M8,S,11,2025-06-19
5187,TUBO-1P,S,1,2025-06-19
5188,TURC-M6,S,32,2025-06-19
5189,TURC-M8,S,97,2025-06-19
5190,CLAV-2P,S,2,2025-06-20
5191,CLAV-3P,S,6,2025-06-20
5192,CODE-1P,S,1,2025-06-20
5193,ESMA-NG,S,3,2025-06-20
5194,FOCOS-L15,S,1,2025-06-20
5195,PINT-BG,S,2,2025-06-20
5196,PINT-BL,S,4,2025-06-20
5197,ROND-M6,S,19,2025-06-20
5198,ROND-M8,S,49,2025-06-20
5199,SELL-TF,S,1,2025-06-20
5200,TOMA-DBL,S,1,2025-06-20
5201,TOMA-SNC,S,6,2025-06-20
5202,TORN-M10,S,2,2025-06-20
5203,TORN-M6,S,4,2025-06-20
5204,TORN-M8,S,23,2025-06-20
5205,TUBO-1P,S,1,2025-06-20
5206,TURC-M6,S,90,2025-06-20
5207,TURC-M8,S,41,2025-06-20
5208,CLAV-3P,S,1,2025-06-21
5209,CODE-1P,S,2,2025-06-21
5210,FOCOS-L15,S,1,2025-06-21
5211,FOCOS-L9,S,1,2025-06-21
5212,LIJAD-1,S,1,2025-06-21
5213,LLAV-12,S,1,2025-06-21
5214,PINT-BL,S,3,2025-06-21
5215,ROLLO-1,S,1,2025-06-21
5216,ROND-M6,S,25,2025-06-21
5217,ROND-M8,S,1,2025-06-21
5218,SELL-TF,S,5,2025-06-21
5219,TABL-1P,S,1,2025-06-21
5220,TOMA-SNC,S,10,2025-06-21
5221,TORN-M10,S,10,2025-06-21
5222,TORN-M4,S,9,2025-06-21
5223,TORN-M8,S,16,2025-06-21
5224,TURC-M6,S,20,2025-06-21
5225,TURC-M8,S,29,2025-06-21
5226,CLAV-2P,S,1,2025-06-23
5227,CODE-1P,S,7,2025-06-23
5228,CODE-2P,S,2,2025-06-23
5229,DEST-PL6,S,1,2025-06-23
5230,FOCOS-L15,S,1,2025-06-23
5231,FOCOS-L9,S,5,2025-06-23
5232,LIJAD-1,S,1,2025-06-23
5233,NIVE-60,S,1,2025-06-23
5234,PINT-BG,S,1,2025-06-23
5235,PINT-BL,S,7,2025-06-23
5236,ROND-M6,S,31,2025-06-23
5237,ROND-M8,S,5,2025-06-23
5238,SELL-TF,S,4,2025-06-23
5239,SOPLA-1,S,1,2025-06-23
5240,TOMA-SNC,S,5,2025-06-23
5241,TORN-M10,S,4,2025-06-23
5242,TORN-M4,S,1,2025-06-23
5243,TORN-M6,S,4,2025-06-23
5244,TORN-M8,S,18,2025-06-23
5245,TURC-M6,S,95,2025-06-23
5246,TURC-M8,S,18,2025-06-23
5247,CLAV-3P,S,3,2025-06-24
5248,CODE-1P,S,2,2025-06-24
5249,CODE-2P,S,1,2025-06-24
5250,FOCOS-L9,S,2,2025-06-24
5251,LIJAD-1,S,4,2025-06-24
5252,MART-2A,S,1,2025-06-24
5253,NIVE-60,S,1,2025-06-24
5254,PINT-BG,S,2,2025-06-24
5255,ROND-M6,S,2,2025-06-24
5256,ROND-M8,S,36,2025-06-24
5257,SELL-TF,S,2,2025-06-24
5258,TOMA-SNC,S,13,2025-06-24
5259,TORN-M10,S,9,2025-06-24
5260,TORN-M4,S,4,2025-06-24
5261,TORN-M6,S,8,2025-06-24
5262,TORN-M8,S,9,2025-06-24
5263,TURC-M6,S,71,2025-06-24
5264,TURC-M8,S,24,2025-06-24
5265,BROD-4P,S,1,2025-06-25
5266,CLAV-2P,S,1,2025-06-25
5267,CLAV-3P,S,3,2025-06-25
5268,CODE-1P,S,6,2025-06-25
5269,DEST-PH2,S,1,2025-06-25
5270,FOCOS-L15,S,1,2025-06-25
5271,LLAV-12,S,1,2025-06-25
5272,NIVE-60,S,1,2025-06-25
5273,PINT-BL,S,2,2025-06-25
5274,PLIE-8P,S,1,2025-06-25
5275,ROND-M6,S,22,2025-06-25
5276,ROND-M8,S,4,2025-06-25
5277,SELL-TF,S,1,2025-06-25
5278,TOMA-SNC,S,26,2025-06-25
5279,TORN-M10,S,2,2025-06-25
5280,TORN-M6,S,2,2025-06-25
5281,TORN-M8,S,7,2025-06-25
5282,TUBO-2P,S,22,2025-06-25
5283,TURC-M6,S,21,2025-06-25
5284,TURC-M8,S,23,2025-06-25
5285,CLAV-3P,S,5,2025-06-26
5286,CODE-1P,S,1,2025-06-26
5287,CODE-2P,S,1,2025-06-26
5288,FOCOS-L9,S,3,2025-06-26
5289,PLIE-6P,S,2,2025-06-26
5290,PLIE-8P,S,1,2025-06-26
5291,ROND-M6,S,52,2025-06-26
5292,ROND-M8,S,13,2025-06-26
5293,SELL-TF,S,1,2025-06-26
5294,SOPLA-1,S,1,2025-06-26
5295,TALDR-1,S,1,2025-06-26
5296,TOMA-SNC,S,4,2025-06-26
5297,TORN-M10,S,12,2025-06-26
5298,TORN-M4,S,3,2025-06-26
5299,TORN-M6,S,2,2025-06-26
5300,TORN-M8,S,41,2025-06-26
5301,TUBO-1P,S,1,2025-06-26
5302,TURC-M6,S,9,2025-06-26
5303,TURC-M8,S,18,2025-06-26
5304,ROND-M8,E,1850,2025-06-27
5305,CLAV-3P,S,5,2025-06-27
5306,CODE-1P,S,7,2025-06-27
5307,CODE-2P,S,1,2025-06-27
5308,ESMA-NG,S,1,2025-06-27
5309,FOCOS-L9,S,3,2025-06-27
5310,INTE-SNC,S,1,2025-06-27
5311,LIJAD-1,S,1,2025-06-27
5312,LLAV-12,S,2,2025-06-27
5313,MART-2A,S,1,2025-06-27
5314,PINT-BL,S,7,2025-06-27
5315,ROND-M6,S,4,2025-06-27
5316,ROND-M8,S,5,2025-06-27
5317,TOMA-SNC,S,4,2025-06-27
5318,TORN-M10,S,4,2025-06-27
5319,TORN-M4,S,1,2025-06-27
5320,TORN-M6,S,11,2025-06-27
5321,TORN-M8,S,6,2025-06-27
5322,TURC-M8,S,17,2025-06-27
5323,MART-2A,E,45,2025-06-28
5324,CABL-12,S,6,2025-06-28
5325,CODE-1P,S,3,2025-06-28
5326,CODE-2P,S,2,2025-06-28
5327,DEST-PH2,S,1,2025-06-28
5328,DEST-PL6,S,1,2025-06-28
5329,FOCOS-L9,S,3,2025-06-28
5330,LIAV-10,S,1,2025-06-28
5331,MART-2A,S,1,2025-06-28
5332,PINT-BL,S,7,2025-06-28
5333,PINT-GR,S,1,2025-06-28
5334,ROND-M6,S,6,2025-06-28
5335,ROND-M8,S,6,2025-06-28
5336,SELL-TF,S,1,2025-06-28
5337,TORN-M10,S,7,2025-06-28
5338,TORN-M4,S,2,2025-06-28
5339,TORN-M6,S,10,2025-06-28
5340,TORN-M8,S,39,2025-06-28
5341,TURC-M6,S,11,2025-06-28
5342,TURC-M8,S,19,2025-06-28
5343,FOCOS-L9,E,120,2025-06-30
5344,CLAV-3P,S,1,2025-06-30
5345,CODE-1P,S,18,2025-06-30
5346,DEST-PL6,S,1,2025-06-30
5347,ESMA-NG,S,2,2025-06-30
5348,FOCOS-L15,S,2,2025-06-30
5349,MART-2A,S,2,2025-06-30
5350,PINT-BG,S,1,2025-06-30
5351,PINT-BL,S,2,2025-06-30
5352,ROND-M6,S,43,2025-06-30
5353,ROND-M8,S,47,2025-06-30
5354,SELL-TF,S,3,2025-06-30
5355,TOMA-SNC,S,5,2025-06-30
5356,TORN-M10,S,16,2025-06-30
5357,TORN-M6,S,3,2025-06-30
5358,TORN-M8,S,11,2025-06-30
5359,TURC-M6,S,20,2025-06-30
5360,TURC-M8,S,19,2025-06-30
5361,CLAV-3P,S,3,2025-07-01
5362,CODE-1P,S,1,2025-07-01
5363,CODE-2P,S,1,2025-07-01
5364,ESMA-NG,S,2,2025-07-01
5365,FOCOS-L9,S,4,2025-07-01
5366,LLAV-12,S,1,2025-07-01
5367,PINT-BL,S,5,2025-07-01
5368,ROND-M6,S,22,2025-07-01
5369,ROND-M8,S,4,2025-07-01
5370,SELL-TF,S,3,2025-07-01
5371,TABL-2P,S,3,2025-07-01
5372,TOMA-SNC,S,1,2025-07-01
5373,TORN-M10,S,6,2025-07-01
5374,TORN-M4,S,4,2025-07-01
5375,TORN-M6,S,1,2025-07-01
5376,TORN-M8,S,10,2025-07-01
5377,TURC-M6,S,79,2025-07-01
5378,TURC-M8,S,13,2025-07-01
5379,CLAV-3P,S,5,2025-07-02
5380,CODE-1P,S,4,2025-07-02
5381,CODE-2P,S,2,2025-07-02
5382,DEST-PH2,S,1,2025-07-02
5383,FOCOS-L9,S,2,2025-07-02
5384,LIJAD-1,S,1,2025-07-02
5385,MART-2A,S,4,2025-07-02
5386,PINT-BG,S,1,2025-07-02
5387,PINT-BL,S,2,2025-07-02
5388,ROND-M6,S,9,2025-07-02
5389,ROND-M8,S,51,2025-07-02
5390,SELL-TF,S,2,2025-07-02
5391,TOMA-SNC,S,7,2025-07-02
5392,TORN-M10,S,13,2025-07-02
5393,TORN-M4,S,14,2025-07-02
5394,TORN-M6,S,11,2025-07-02
5395,TORN-M8,S,35,2025-07-02
5396,TURC-M6,S,100,2025-07-02
5397,TURC-M8,S,41,2025-07-02
5398,CLAV-3P,S,1,2025-07-03
5399,CODE-1P,S,4,2025-07-03
5400,FOCOS-L9,S,2,2025-07-03
5401,NIVE-60,S,1,2025-07-03
5402,PINT-BL,S,4,2025-07-03
5403,ROND-M6,S,27,2025-07-03
5404,ROND-M8,S,14,2025-07-03
5405,TOMA-SNC,S,2,2025-07-03
5406,TORN-M10,S,10,2025-07-03
5407,TORN-M4,S,14,2025-07-03
5408,TORN-M6,S,1,2025-07-03
5409,TORN-M8,S,2,2025-07-03
5410,TURC-M6,S,46,2025-07-03
5411,TURC-M8,S,51,2025-07-03
5412,CLAV-3P,S,2,2025-07-04
5413,CODE-1P,S,3,2025-07-04
5414,CODE-2P,S,1,2025-07-04
5415,LLAV-12,S,2,2025-07-04
5416,PINT-BL,S,8,2025-07-04
5417,PINT-GR,S,2,2025-07-04
5418,ROND-M6,S,55,2025-07-04
5419,ROND-M8,S,10,2025-07-04
5420,SIER-HK,S,1,2025-07-04
5421,TOMA-SNC,S,9,2025-07-04
5422,TORN-M10,S,4,2025-07-04
5423,TORN-M4,S,4,2025-07-04
5424,TORN-M6,S,5,2025-07-04
5425,TORN-M8,S,35,2025-07-04
5426,TURC-M6,S,34,2025-07-04
5427,TURC-M8,S,5,2025-07-04
5428,CLAV-2P,S,1,2025-07-05
5429,CLAV-3P,S,1,2025-07-05
5430,CODE-2P,S,1,2025-07-05
5431,ESMA-NG,S,1,2025-07-05
5432,FOCOS-L9,S,1,2025-07-05
5433,LLAV-12,S,3,2025-07-05
5434,NIVE-60,S,1,2025-07-05
5435,PINT-BL,S,7,2025-07-05
5436,ROLLO-1,S,1,2025-07-05
5437,ROND-M6,S,39,2025-07-05
5438,ROND-M8,S,3,2025-07-05
5439,SIER-HK,S,1,2025-07-05
5440,TOMA-SNC,S,6,2025-07-05
5441,TORN-M10,S,21,2025-07-05
5442,TORN-M4,S,5,2025-07-05
5443,TORN-M6,S,3,2025-07-05
5444,TORN-M8,S,4,2025-07-05
5445,TUBO-1P,S,1,2025-07-05
5446,TURC-M6,S,16,2025-07-05
5447,TURC-M8,S,30,2025-07-05
5448,DEST-PL6,E,30,2025-07-07
5449,LLAV-12,E,36,2025-07-07
5450,PINT-BL,E,195,2025-07-07
5451,SOPLA-1,E,4,2025-07-07
5452,CODE-1P,S,10,2025-07-07
5453,DEST-PH2,S,1,2025-07-07
5454,ESMA-NG,S,2,2025-07-07
5455,FOCOS-L15,S,1,2025-07-07
5456,FOCOS-L9,S,1,2025-07-07
5457,LLAV-12,S,2,2025-07-07
5458,PINT-BL,S,3,2025-07-07
5459,PINT-GR,S,1,2025-07-07
5460,ROND-M6,S,62,2025-07-07
5461,ROND-M8,S,26,2025-07-07
5462,TOMA-DBL,S,1,2025-07-07
5463,TOMA-SNC,S,13,2025-07-07
5464,TORN-M10,S,2,2025-07-07
5465,TORN-M4,S,2,2025-07-07
5466,TORN-M6,S,4,2025-07-07
5467,TORN-M8,S,5,2025-07-07
5468,TURC-M6,S,42,2025-07-07
5469,TURC-M8,S,24,2025-07-07
5470,TOMA-SNC,E,495,2025-07-08
5471,BROD-4P,S,1,2025-07-08
5472,CLAV-2P,S,1,2025-07-08
5473,CLAV-3P,S,3,2025-07-08
5474,CODE-1P,S,5,2025-07-08
5475,ESMA-NG,S,1,2025-07-08
5476,FOCOS-L9,S,7,2025-07-08
5477,LLAV-12,S,1,2025-07-08
5478,PINT-BL,S,8,2025-07-08
5479,PINT-GR,S,1,2025-07-08
5480,ROND-M6,S,20,2025-07-08
5481,ROND-M8,S,20,2025-07-08
5482,SELL-TF,S,1,2025-07-08
5483,TOMA-DBL,S,1,2025-07-08
5484,TOMA-SNC,S,6,2025-07-08
5485,TORN-M10,S,12,2025-07-08
5486,TORN-M4,S,2,2025-07-08
5487,TORN-M6,S,5,2025-07-08
5488,TORN-M8,S,19,2025-07-08
5489,TUBO-1P,S,1,2025-07-08
5490,TURC-M6,S,91,2025-07-08
5491,TURC-M8,S,12,2025-07-08
5492,BROD-4P,S,1,2025-07-09
5493,CINT-5M,S,1,2025-07-09
5494,CLAV-3P,S,4,2025-07-09
5495,CODE-1P,S,6,2025-07-09
5496,CODE-2P,S,2,2025-07-09
5497,FOCOS-L15,S,1,2025-07-09
5498,FOCOS-L9,S,1,2025-07-09
5499,INTE-SNC,S,1,2025-07-09
5500,LIJAD-1,S,1,2025-07-09
5501,MART-2A,S,3,2025-07-09
5502,PINT-BL,S,3,2025-07-09
5503,PINT-GR,S,1,2025-07-09
5504,ROND-M6,S,22,2025-07-09
5505,ROND-M8,S,8,2025-07-09
5506,SOPLA-1,S,1,2025-07-09
5507,TALDR-1,S,1,2025-07-09
5508,TOMA-DBL,S,1,2025-07-09
5509,TOMA-SNC,S,17,2025-07-09
5510,TORN-M10,S,11,2025-07-09
5511,TORN-M4,S,3,2025-07-09
5512,TORN-M6,S,9,2025-07-09
5513,TORN-M8,S,16,2025-07-09
5514,TURC-M6,S,9,2025-07-09
5515,TURC-M8,S,82,2025-07-09
5516,BROD-2P,S,1,2025-07-10
5517,CINT-5M,S,1,2025-07-10
5518,CLAV-3P,S,2,2025-07-10
5519,CODE-1P,S,8,2025-07-10
5520,ESMA-NG,S,2,2025-07-10
5521,ESMER-1,S,1,2025-07-10
5522,FOCOS-L9,S,2,2025-07-10
5523,LIJAD-1,S,1,2025-07-10
5524,LLAV-12,S,1,2025-07-10
5525,PINT-BG,S,1,2025-07-10
5526,PINT-BL,S,6,2025-07-10
5527,ROND-M6,S,31,2025-07-10
5528,ROND-M8,S,49,2025-07-10
5529,SELL-TF,S,4,2025-07-10
5530,TOMA-DBL,S,1,2025-07-10
5531,TOMA-SNC,S,22,2025-07-10
5532,TORN-M10,S,12,2025-07-10
5533,TORN-M4,S,1,2025-07-10
5534,TORN-M6,S,1,2025-07-10
5535,TORN-M8,S,2,2025-07-10
5536,TURC-M6,S,44,2025-07-10
5537,TURC-M8,S,16,2025-07-10
5538,BROD-4P,S,1,2025-07-11
5539,CLAV-2P,S,1,2025-07-11
5540,CLAV-3P,S,1,2025-07-11
5541,CODE-1P,S,1,2025-07-11
5542,FOCOS-L9,S,2,2025-07-11
5543,LLAV-12,S,1,2025-07-11
5544,PINT-BG,S,1,2025-07-11
5545,PINT-BL,S,6,2025-07-11
5546,PINT-GR,S,3,2025-07-11
5547,ROND-M6,S,9,2025-07-11
5548,ROND-M8,S,20,2025-07-11
5549,SELL-TF,S,1,2025-07-11
5550,TOMA-DBL,S,1,2025-07-11
5551,TOMA-SNC,S,20,2025-07-11
5552,TORN-M4,S,2,2025-07-11
5553,TORN-M6,S,6,2025-07-11
5554,TORN-M8,S,31,2025-07-11
5555,TUBO-1P,S,1,2025-07-11
5556,TUBO-2P,S,17,2025-07-11
5557,TURC-M6,S,8,2025-07-11
5558,TURC-M8,S,50,2025-07-11
5559,CLAV-3P,S,5,2025-07-12
5560,CODE-1P,S,3,2025-07-12
5561,ESMER-2,S,1,2025-07-12
5562,MART-2A,S,1,2025-07-12
5563,NIVE-60,S,1,2025-07-12
5564,PINT-BL,S,7,2025-07-12
5565,ROND-M6,S,31,2025-07-12
5566,ROND-M8,S,49,2025-07-12
5567,TOMA-DBL,S,1,2025-07-12
5568,TOMA-SNC,S,5,2025-07-12
5569,TORN-M10,S,3,2025-07-12
5570,TORN-M4,S,6,2025-07-12
5571,TORN-M6,S,2,2025-07-12
5572,TORN-M8,S,11,2025-07-12
5573,TURC-M6,S,48,2025-07-12
5574,TURC-M8,S,51,2025-07-12
5575,BROD-2P,S,1,2025-07-14
5576,CODE-1P,S,1,2025-07-14
5577,CODE-2P,S,1,2025-07-14
5578,DEST-PL6,S,1,2025-07-14
5579,ESMA-NG,S,1,2025-07-14
5580,FOCOS-L15,S,1,2025-07-14
5581,FOCOS-L9,S,1,2025-07-14
5582,LLAV-12,S,1,2025-07-14
5583,MART-1A,S,1,2025-07-14
5584,PINT-BL,S,2,2025-07-14
5585,ROND-M6,S,32,2025-07-14
5586,ROND-M8,S,47,2025-07-14
5587,TABL-1P,S,1,2025-07-14
5588,TALDR-2,S,1,2025-07-14
5589,TOMA-SNC,S,3,2025-07-14
5590,TORN-M10,S,12,2025-07-14
5591,TORN-M4,S,1,2025-07-14
5592,TORN-M6,S,7,2025-07-14
5593,TORN-M8,S,23,2025-07-14
5594,TURC-M6,S,88,2025-07-14
5595,TURC-M8,S,9,2025-07-14
5596,PINT-BG,E,37,2025-07-15
5597,CINT-5M,S,3,2025-07-15
5598,CODE-1P,S,1,2025-07-15
5599,DEST-PL6,S,1,2025-07-15
5600,FOCOS-L9,S,2,2025-07-15
5601,INTE-SNC,S,1,2025-07-15
5602,LIAV-10,S,1,2025-07-15
5603,LLAV-12,S,1,2025-07-15
5604,NIVE-60,S,1,2025-07-15
5605,PINT-BG,S,1,2025-07-15
5606,PINT-BL,S,2,2025-07-15
5607,PLIE-6P,S,1,2025-07-15
5608,ROND-M6,S,44,2025-07-15
5609,ROND-M8,S,4,2025-07-15
5610,TORN-M10,S,8,2025-07-15
5611,TORN-M4,S,5,2025-07-15
5612,TORN-M6,S,3,2025-07-15
5613,TORN-M8,S,4,2025-07-15
5614,TURC-M6,S,49,2025-07-15
5615,TURC-M8,S,51,2025-07-15
5616,CODE-1P,S,5,2025-07-16
5617,CODE-2P,S,1,2025-07-16
5618,DEST-PH2,S,1,2025-07-16
5619,FOCOS-L9,S,2,2025-07-16
5620,LIJAD-1,S,2,2025-07-16
5621,PINT-BG,S,1,2025-07-16
5622,PINT-BL,S,8,2025-07-16
5623,ROND-M6,S,50,2025-07-16
5624,ROND-M8,S,13,2025-07-16
5625,SELL-TF,S,1,2025-07-16
5626,TOMA-SNC,S,24,2025-07-16
5627,TORN-M10,S,13,2025-07-16
5628,TORN-M8,S,41,2025-07-16
5629,TURC-M6,S,63,2025-07-16
5630,TURC-M8,S,26,2025-07-16
5631,CODE-2P,E,120,2025-07-17
5632,CINT-5M,S,1,2025-07-17
5633,CLAV-3P,S,2,2025-07-17
5634,CODE-1P,S,1,2025-07-17
5635,CODE-2P,S,1,2025-07-17
5636,FOCOS-L15,S,1,2025-07-17
5637,LIJAD-1,S,2,2025-07-17
5638,LLAV-12,S,1,2025-07-17
5639,MART-2A,S,1,2025-07-17
5640,PINT-BG,S,1,2025-07-17
5641,PINT-BL,S,2,2025-07-17
5642,ROND-M6,S,64,2025-07-17
5643,ROND-M8,S,38,2025-07-17
5644,SELL-TF,S,1,2025-07-17
5645,TOMA-SNC,S,7,2025-07-17
5646,TORN-M10,S,5,2025-07-17
5647,TORN-M4,S,5,2025-07-17
5648,TORN-M6,S,8,2025-07-17
5649,TORN-M8,S,17,2025-07-17
5650,TURC-M6,S,36,2025-07-17
5651,TURC-M8,S,32,2025-07-17
5652,CODE-1P,S,6,2025-07-18
5653,CODE-2P,S,5,2025-07-18
5654,DEST-PH2,S,1,2025-07-18
5655,FOCOS-L15,S,1,2025-07-18
5656,FOCOS-L9,S,6,2025-07-18
5657,INTE-SNC,S,1,2025-07-18
5658,LLAV-12,S,1,2025-07-18
5659,PINT-BL,S,6,2025-07-18
5660,ROND-M6,S,21,2025-07-18
5661,ROND-M8,S,56,2025-07-18
5662,SELL-TF,S,1,2025-07-18
5663,TABL-2P,S,5,2025-07-18
5664,TOMA-SNC,S,29,2025-07-18
5665,TORN-M10,S,5,2025-07-18
5666,TORN-M4,S,5,2025-07-18
5667,TORN-M6,S,6,2025-07-18
5668,TORN-M8,S,2,2025-07-18
5669,TURC-M6,S,57,2025-07-18
5670,TURC-M8,S,33,2025-07-18
5671,BROD-2P,S,1,2025-07-19
5672,CLAV-3P,S,4,2025-07-19
5673,CODE-1P,S,4,2025-07-19
5674,DEST-PL6,S,1,2025-07-19
5675,ESMA-NG,S,3,2025-07-19
5676,FOCOS-L15,S,1,2025-07-19
5677,FOCOS-L9,S,2,2025-07-19
5678,LIJAD-1,S,1,2025-07-19
5679,MART-2A,S,1,2025-07-19
5680,PINT-BL,S,7,2025-07-19
5681,PINT-GR,S,1,2025-07-19
5682,ROND-M6,S,4,2025-07-19
5683,ROND-M8,S,19,2025-07-19
5684,SELL-TF,S,2,2025-07-19
5685,TOMA-SNC,S,56,2025-07-19
5686,TORN-M10,S,3,2025-07-19
5687,TORN-M4,S,11,2025-07-19
5688,TORN-M6,S,2,2025-07-19
5689,TORN-M8,S,3,2025-07-19
5690,TURC-M6,S,119,2025-07-19
5691,TURC-M8,S,11,2025-07-19
5692,TABL-1P,E,6,2025-07-21
5693,TUBO-2P,E,39,2025-07-21
5694,TURC-M8,E,1500,2025-07-21
5695,CABL-12,S,10,2025-07-21
5696,CLAV-3P,S,5,2025-07-21
5697,CODE-1P,S,4,2025-07-21
5698,CODE-2P,S,2,2025-07-21
5699,ESMA-NG,S,3,2025-07-21
5700,FOCOS-L9,S,2,2025-07-21
5701,LLAV-12,S,2,2025-07-21
5702,PINT-BL,S,1,2025-07-21
5703,PLIE-6P,S,1,2025-07-21
5704,ROND-M6,S,32,2025-07-21
5705,ROND-M8,S,68,2025-07-21
5706,TALDR-1,S,1,2025-07-21
5707,TOMA-DBL,S,1,2025-07-21
5708,TOMA-SNC,S,3,2025-07-21
5709,TORN-M10,S,3,2025-07-21
5710,TORN-M4,S,8,2025-07-21
5711,TORN-M6,S,1,2025-07-21
5712,TORN-M8,S,6,2025-07-21
5713,TURC-M6,S,71,2025-07-21
5714,TURC-M8,S,21,2025-07-21
5715,PLIE-6P,E,16,2025-07-22
5716,CABL-14,S,11,2025-07-22
5717,CINT-5M,S,1,2025-07-22
5718,CLAV-3P,S,1,2025-07-22
5719,CODE-1P,S,6,2025-07-22
5720,CODE-2P,S,3,2025-07-22
5721,FOCOS-L15,S,4,2025-07-22
5722,FOCOS-L9,S,3,2025-07-22
5723,LIAV-10,S,2,2025-07-22
5724,LLAV-12,S,1,2025-07-22
5725,ROND-M6,S,30,2025-07-22
5726,ROND-M8,S,12,2025-07-22
5727,TOMA-SNC,S,10,2025-07-22
5728,TORN-M10,S,4,2025-07-22
5729,TORN-M4,S,2,2025-07-22
5730,TORN-M6,S,2,2025-07-22
5731,TORN-M8,S,28,2025-07-22
5732,TURC-M6,S,26,2025-07-22
5733,TURC-M8,S,4,2025-07-22
5734,CINT-5M,E,22,2025-07-23
5735,ESMER-1,E,6,2025-07-23
5736,BROD-4P,S,2,2025-07-23
5737,CINT-5M,S,2,2025-07-23
5738,CLAV-3P,S,2,2025-07-23
5739,CODE-1P,S,16,2025-07-23
5740,CODE-2P,S,1,2025-07-23
5741,DEST-PH2,S,1,2025-07-23
5742,ESMA-NG,S,2,2025-07-23
5743,FOCOS-L15,S,2,2025-07-23
5744,FOCOS-L9,S,3,2025-07-23
5745,LIJAD-1,S,1,2025-07-23
5746,MART-2A,S,1,2025-07-23
5747,PINT-BL,S,1,2025-07-23
5748,PINT-GR,S,2,2025-07-23
5749,ROND-M6,S,11,2025-07-23
5750,ROND-M8,S,13,2025-07-23
5751,TOMA-SNC,S,25,2025-07-23
5752,TORN-M10,S,33,2025-07-23
5753,TORN-M4,S,6,2025-07-23
5754,TORN-M6,S,4,2025-07-23
5755,TORN-M8,S,24,2025-07-23
5756,TURC-M6,S,72,2025-07-23
5757,TURC-M8,S,12,2025-07-23
5758,TALDR-1,E,6,2025-07-24
5759,TURC-M6,E,2900,2025-07-24
5760,CINT-5M,S,1,2025-07-24
5761,CLAV-3P,S,1,2025-07-24
5762,CODE-1P,S,11,2025-07-24
5763,ESMA-NG,S,2,2025-07-24
5764,FOCOS-L15,S,1,2025-07-24
5765,LIJAD-1,S,1,2025-07-24
5766,MART-2A,S,2,2025-07-24
5767,PINT-BG,S,6,2025-07-24
5768,PINT-BL,S,2,2025-07-24
5769,ROND-M6,S,27,2025-07-24
5770,ROND-M8,S,9,2025-07-24
5771,SELL-TF,S,1,2025-07-24
5772,TOMA-SNC,S,17,2025-07-24
5773,TORN-M10,S,3,2025-07-24
5774,TORN-M4,S,12,2025-07-24
5775,TORN-M6,S,1,2025-07-24
5776,TURC-M6,S,56,2025-07-24
5777,TURC-M8,S,22,2025-07-24
5778,CLAV-3P,S,5,2025-07-25
5779,CODE-1P,S,10,2025-07-25
5780,CODE-2P,S,2,2025-07-25
5781,ESMA-NG,S,1,2025-07-25
5782,FOCOS-L15,S,1,2025-07-25
5783,FOCOS-L9,S,3,2025-07-25
5784,LIAV-10,S,2,2025-07-25
5785,LIJAD-1,S,2,2025-07-25
5786,LLAV-12,S,1,2025-07-25
5787,NIVE-60,S,1,2025-07-25
5788,PINT-BL,S,1,2025-07-25
5789,PLIE-8P,S,1,2025-07-25
5790,ROND-M6,S,3,2025-07-25
5791,ROND-M8,S,12,2025-07-25
5792,SELL-TF,S,1,2025-07-25
5793,SIER-HK,S,2,2025-07-25
5794,SOPLA-1,S,1,2025-07-25
5795,TOMA-SNC,S,3,2025-07-25
5796,TORN-M10,S,6,2025-07-25
5797,TORN-M4,S,2,2025-07-25
5798,TORN-M6,S,14,2025-07-25
5799,TORN-M8,S,35,2025-07-25
5800,TURC-M6,S,52,2025-07-25
5801,TURC-M8,S,10,2025-07-25
5802,FOCOS-L15,E,105,2025-07-26
5803,CLAV-3P,S,5,2025-07-26
5804,CODE-1P,S,6,2025-07-26
5805,CODE-2P,S,3,2025-07-26
5806,ESMA-NG,S,1,2025-07-26
5807,ESMER-1,S,1,2025-07-26
5808,FOCOS-L15,S,1,2025-07-26
5809,FOCOS-L9,S,1,2025-07-26
5810,LIJAD-1,S,1,2025-07-26
5811,LLAV-12,S,1,2025-07-26
5812,PINT-BL,S,1,2025-07-26
5813,ROND-M6,S,23,2025-07-26
5814,ROND-M8,S,31,2025-07-26
5815,TABL-1P,S,1,2025-07-26
5816,TOMA-DBL,S,1,2025-07-26
5817,TOMA-SNC,S,6,2025-07-26
5818,TORN-M10,S,7,2025-07-26
5819,TORN-M4,S,3,2025-07-26
5820,TORN-M6,S,3,2025-07-26
5821,TORN-M8,S,14,2025-07-26
5822,TUBO-1P,S,1,2025-07-26
5823,TURC-M6,S,17,2025-07-26
5824,TURC-M8,S,65,2025-07-26
5825,CLAV-3P,S,1,2025-07-28
5826,CODE-1P,S,2,2025-07-28
5827,CODE-2P,S,2,2025-07-28
5828,FOCOS-L9,S,1,2025-07-28
5829,LIJAD-1,S,3,2025-07-28
5830,LLAV-12,S,1,2025-07-28
5831,PINT-BG,S,2,2025-07-28
5832,PINT-BL,S,2,2025-07-28
5833,PINT-GR,S,1,2025-07-28
5834,ROND-M6,S,10,2025-07-28
5835,ROND-M8,S,15,2025-07-28
5836,SELL-TF,S,1,2025-07-28
5837,TOMA-SNC,S,17,2025-07-28
5838,TORN-M10,S,13,2025-07-28
5839,TORN-M4,S,1,2025-07-28
5840,TORN-M6,S,2,2025-07-28
5841,TORN-M8,S,4,2025-07-28
5842,TURC-M6,S,59,2025-07-28
5843,TURC-M8,S,33,2025-07-28
5844,CABL-14,E,11,2025-07-29
5845,TORN-M8,E,750,2025-07-29
5846,CLAV-3P,S,2,2025-07-29
5847,CODE-1P,S,7,2025-07-29
5848,ESMA-NG,S,1,2025-07-29
5849,FOCOS-L15,S,1,2025-07-29
5850,LLAV-12,S,1,2025-07-29
5851,PINT-BL,S,9,2025-07-29
5852,PLIE-6P,S,1,2025-07-29
5853,ROND-M6,S,62,2025-07-29
5854,ROND-M8,S,12,2025-07-29
5855,TOMA-SNC,S,22,2025-07-29
5856,TORN-M10,S,5,2025-07-29
5857,TORN-M4,S,7,2025-07-29
5858,TORN-M6,S,2,2025-07-29
5859,TORN-M8,S,3,2025-07-29
5860,TURC-M6,S,101,2025-07-29
5861,TURC-M8,S,4,2025-07-29
5862,ESMA-NG,E,42,2025-07-30
5863,CLAV-3P,S,2,2025-07-30
5864,CODE-1P,S,29,2025-07-30
5865,ESMER-1,S,1,2025-07-30
5866,FOCOS-L15,S,1,2025-07-30
5867,FOCOS-L9,S,6,2025-07-30
5868,LIAV-10,S,1,2025-07-30
5869,LLAV-12,S,1,2025-07-30
5870,MART-1A,S,2,2025-07-30
5871,MART-2A,S,1,2025-07-30
5872,NIVE-60,S,1,2025-07-30
5873,PINT-BG,S,1,2025-07-30
5874,PINT-BL,S,3,2025-07-30
5875,ROND-M6,S,47,2025-07-30
5876,ROND-M8,S,5,2025-07-30
5877,SOPLA-1,S,1,2025-07-30
5878,TOMA-DBL,S,1,2025-07-30
5879,TOMA-SNC,S,13,2025-07-30
5880,TORN-M10,S,7,2025-07-30
5881,TORN-M8,S,16,2025-07-30
5882,TUBO-1P,S,1,2025-07-30
5883,TURC-M6,S,212,2025-07-30
5884,TURC-M8,S,12,2025-07-30
5885,CODE-1P,E,300,2025-07-31
5886,SIER-HK,E,17,2025-07-31
5887,CODE-1P,S,5,2025-07-31
5888,FOCOS-L9,S,2,2025-07-31
5889,LLAV-12,S,1,2025-07-31
5890,PINT-BG,S,1,2025-07-31
5891,PINT-BL,S,7,2025-07-31
5892,PLIE-8P,S,1,2025-07-31
5893,ROND-M6,S,22,2025-07-31
5894,ROND-M8,S,10,2025-07-31
5895,SIER-HK,S,1,2025-07-31
5896,TOMA-SNC,S,3,2025-07-31
5897,TORN-M10,S,16,2025-07-31
5898,TORN-M4,S,5,2025-07-31
5899,TORN-M6,S,5,2025-07-31
5900,TORN-M8,S,9,2025-07-31
5901,TURC-M6,S,14,2025-07-31
5902,TURC-M8,S,47,2025-07-31
5903,ESMER-2,E,4,2025-08-01
5904,CINT-5M,S,1,2025-08-01
5905,CLAV-3P,S,2,2025-08-01
5906,CODE-1P,S,23,2025-08-01
5907,CODE-2P,S,3,2025-08-01
5908,DEST-PL6,S,1,2025-08-01
5909,ESMA-NG,S,1,2025-08-01
5910,LIJAD-1,S,1,2025-08-01
5911,MART-2A,S,1,2025-08-01
5912,PINT-BL,S,3,2025-08-01
5913,ROLLO-1,S,1,2025-08-01
5914,ROND-M6,S,6,2025-08-01
5915,ROND-M8,S,26,2025-08-01
5916,TOMA-DBL,S,1,2025-08-01
5917,TOMA-SNC,S,16,2025-08-01
5918,TORN-M10,S,6,2025-08-01
5919,TORN-M4,S,5,2025-08-01
5920,TORN-M6,S,5,2025-08-01
5921,TORN-M8,S,27,2025-08-01
5922,TURC-M6,S,79,2025-08-01
5923,TURC-M8,S,32,2025-08-01
5924,BROD-4P,S,1,2025-08-02
5925,CODE-1P,S,2,2025-08-02
5926,CODE-2P,S,3,2025-08-02
5927,DEST-PL6,S,1,2025-08-02
5928,ESMA-NG,S,2,2025-08-02
5929,FOCOS-L9,S,2,2025-08-02
5930,LIJAD-1,S,4,2025-08-02
5931,LLAV-12,S,1,2025-08-02
5932,MART-2A,S,1,2025-08-02
5933,PINT-BG,S,1,2025-08-02
5934,PINT-BL,S,7,2025-08-02
5935,PLIE-6P,S,2,2025-08-02
5936,ROND-M6,S,41,2025-08-02
5937,ROND-M8,S,26,2025-08-02
5938,TOMA-SNC,S,4,2025-08-02
5939,TORN-M10,S,6,2025-08-02
5940,TORN-M4,S,5,2025-08-02
5941,TORN-M6,S,2,2025-08-02
5942,TORN-M8,S,10,2025-08-02
5943,TUBO-1P,S,1,2025-08-02
5944,TUBO-2P,S,24,2025-08-02
5945,TURC-M6,S,46,2025-08-02
5946,TURC-M8,S,14,2025-08-02
5947,TORN-M10,E,450,2025-08-04
5948,CLAV-2P,S,1,2025-08-04
5949,CLAV-3P,S,4,2025-08-04
5950,CODE-1P,S,9,2025-08-04
5951,DEST-PH2,S,1,2025-08-04
5952,FOCOS-L15,S,3,2025-08-04
5953,FOCOS-L9,S,1,2025-08-04
5954,LIJAD-1,S,5,2025-08-04
5955,LLAV-12,S,1,2025-08-04
5956,MART-2A,S,3,2025-08-04
5957,ROND-M6,S,12,2025-08-04
5958,ROND-M8,S,39,2025-08-04
5959,SELL-TF,S,1,2025-08-04
5960,TOMA-SNC,S,2,2025-08-04
5961,TORN-M10,S,11,2025-08-04
5962,TORN-M4,S,3,2025-08-04
5963,TORN-M6,S,7,2025-08-04
5964,TORN-M8,S,24,2025-08-04
5965,TUBO-1P,S,1,2025-08-04
5966,TURC-M6,S,50,2025-08-04
5967,TURC-M8,S,54,2025-08-04
5968,CLAV-3P,S,8,2025-08-05
5969,CODE-1P,S,3,2025-08-05
5970,ESMA-BL,S,1,2025-08-05
5971,ESMA-NG,S,1,2025-08-05
5972,FOCOS-L9,S,1,2025-08-05
5973,LIAV-10,S,1,2025-08-05
5974,LLAV-12,S,2,2025-08-05
5975,PINT-BG,S,1,2025-08-05
5976,PINT-BL,S,1,2025-08-05
5977,ROND-M6,S,25,2025-08-05
5978,ROND-M8,S,31,2025-08-05
5979,SIER-HK,S,1,2025-08-05
5980,TOMA-SNC,S,18,2025-08-05
5981,TORN-M10,S,16,2025-08-05
5982,TORN-M4,S,2,2025-08-05
5983,TORN-M6,S,2,2025-08-05
5984,TORN-M8,S,12,2025-08-05
5985,TURC-M6,S,35,2025-08-05
5986,TURC-M8,S,16,2025-08-05
5987,BROD-4P,S,1,2025-08-06
5988,CABL-12,S,10,2025-08-06
5989,CLAV-2P,S,2,2025-08-06
5990,CLAV-3P,S,2,2025-08-06
5991,CODE-1P,S,1,2025-08-06
5992,ESMA-NG,S,1,2025-08-06
5993,ESMER-1,S,1,2025-08-06
5994,LIJAD-1,S,1,2025-08-06
5995,MART-2A,S,2,2025-08-06
5996,ROND-M6,S,42,2025-08-06
5997,ROND-M8,S,21,2025-08-06
5998,TOMA-SNC,S,30,2025-08-06
5999,TORN-M10,S,17,2025-08-06
6000,TORN-M4,S,4,2025-08-06
6001,TORN-M6,S,14,2025-08-06
6002,TURC-M6,S,15,2025-08-06
6003,TURC-M8,S,40,2025-08-06
6004,CLAV-3P,S,1,2025-08-07
6005,CODE-1P,S,10,2025-08-07
6006,DEST-PL6,S,1,2025-08-07
6007,FOCOS-L9,S,3,2025-08-07
6008,LLAV-12,S,1,2025-08-07
6009,MART-2A,S,1,2025-08-07
6010,PINT-BG,S,1,2025-08-07
6011,PINT-BL,S,4,2025-08-07
6012,ROND-M6,S,11,2025-08-07
6013,ROND-M8,S,35,2025-08-07
6014,SELL-TF,S,1,2025-08-07
6015,TOMA-SNC,S,5,2025-08-07
6016,TORN-M10,S,6,2025-08-07
6017,TORN-M4,S,1,2025-08-07
6018,TORN-M6,S,9,2025-08-07
6019,TORN-M8,S,7,2025-08-07
6020,TURC-M6,S,98,2025-08-07
6021,TURC-M8,S,3,2025-08-07
6022,LIAV-10,E,16,2025-08-08
6023,CLAV-2P,S,1,2025-08-08
6024,CLAV-3P,S,7,2025-08-08
6025,CODE-1P,S,9,2025-08-08
6026,CODE-2P,S,1,2025-08-08
6027,ESMA-BL,S,1,2025-08-08
6028,ESMA-NG,S,1,2025-08-08
6029,FOCOS-L9,S,1,2025-08-08
6030,LLAV-12,S,2,2025-08-08
6031,MART-1A,S,1,2025-08-08
6032,MART-2A,S,1,2025-08-08
6033,PINT-BG,S,1,2025-08-08
6034,PINT-BL,S,5,2025-08-08
6035,ROND-M6,S,18,2025-08-08
6036,ROND-M8,S,20,2025-08-08
6037,SELL-TF,S,2,2025-08-08
6038,SIER-C1,S,1,2025-08-08
6039,TOMA-SNC,S,1,2025-08-08
6040,TORN-M10,S,8,2025-08-08
6041,TORN-M4,S,6,2025-08-08
6042,TORN-M8,S,14,2025-08-08
6043,TURC-M6,S,13,2025-08-08
6044,TURC-M8,S,33,2025-08-08
6045,CLAV-2P,S,1,2025-08-09
6046,CODE-1P,S,1,2025-08-09
6047,CODE-2P,S,1,2025-08-09
6048,FOCOS-L15,S,3,2025-08-09
6049,FOCOS-L9,S,3,2025-08-09
6050,LIAV-10,S,1,2025-08-09
6051,LLAV-12,S,3,2025-08-09
6052,MART-2A,S,1,2025-08-09
6053,NIVE-60,S,1,2025-08-09
6054,PINT-BG,S,1,2025-08-09
6055,PINT-BL,S,3,2025-08-09
6056,ROND-M6,S,20,2025-08-09
6057,ROND-M8,S,13,2025-08-09
6058,SELL-TF,S,2,2025-08-09
6059,TOMA-SNC,S,5,2025-08-09
6060,TORN-M10,S,6,2025-08-09
6061,TORN-M4,S,1,2025-08-09
6062,TORN-M6,S,3,2025-08-09
6063,TORN-M8,S,6,2025-08-09
6064,TURC-M6,S,14,2025-08-09
6065,TURC-M8,S,60,2025-08-09
6066,LIJAD-1,E,41,2025-08-11
6067,CODE-1P,S,17,2025-08-11
6068,CODE-2P,S,1,2025-08-11
6069,DEST-PL6,S,1,2025-08-11
6070,FOCOS-L15,S,1,2025-08-11
6071,FOCOS-L9,S,4,2025-08-11
6072,LIJAD-1,S,3,2025-08-11
6073,LLAV-12,S,1,2025-08-11
6074,NIVE-60,S,1,2025-08-11
6075,PINT-BG,S,3,2025-08-11
6076,PINT-BL,S,5,2025-08-11
6077,PLIE-6P,S,1,2025-08-11
6078,ROND-M6,S,9,2025-08-11
6079,ROND-M8,S,4,2025-08-11
6080,TOMA-SNC,S,11,2025-08-11
6081,TORN-M10,S,10,2025-08-11
6082,TORN-M4,S,8,2025-08-11
6083,TORN-M6,S,2,2025-08-11
6084,TORN-M8,S,5,2025-08-11
6085,TURC-M6,S,45,2025-08-11
6086,TURC-M8,S,5,2025-08-11
6087,CLAV-3P,S,2,2025-08-12
6088,CODE-2P,S,1,2025-08-12
6089,FOCOS-L9,S,3,2025-08-12
6090,LIJAD-1,S,1,2025-08-12
6091,PINT-BL,S,6,2025-08-12
6092,ROND-M6,S,10,2025-08-12
6093,ROND-M8,S,2,2025-08-12
6094,SELL-TF,S,1,2025-08-12
6095,TOMA-SNC,S,9,2025-08-12
6096,TORN-M10,S,5,2025-08-12
6097,TORN-M4,S,3,2025-08-12
6098,TORN-M6,S,3,2025-08-12
6099,TORN-M8,S,10,2025-08-12
6100,TUBO-1P,S,1,2025-08-12
6101,TUBO-2P,S,21,2025-08-12
6102,TURC-M6,S,41,2025-08-12
6103,TURC-M8,S,36,2025-08-12
6104,CLAV-2P,S,1,2025-08-13
6105,CLAV-3P,S,2,2025-08-13
6106,CODE-1P,S,6,2025-08-13
6107,CODE-2P,S,2,2025-08-13
6108,FOCOS-L9,S,7,2025-08-13
6109,LIJAD-1,S,2,2025-08-13
6110,LLAV-12,S,4,2025-08-13
6111,MART-2A,S,4,2025-08-13
6112,PINT-BL,S,4,2025-08-13
6113,ROND-M6,S,21,2025-08-13
6114,ROND-M8,S,15,2025-08-13
6115,SELL-TF,S,1,2025-08-13
6116,TOMA-SNC,S,11,2025-08-13
6117,TORN-M10,S,9,2025-08-13
6118,TORN-M4,S,4,2025-08-13
6119,TORN-M6,S,3,2025-08-13
6120,TORN-M8,S,1,2025-08-13
6121,TURC-M6,S,64,2025-08-13
6122,TURC-M8,S,24,2025-08-13
6123,ESMA-BL,E,20,2025-08-14
6124,CABL-14,S,14,2025-08-14
6125,CLAV-3P,S,5,2025-08-14
6126,CODE-1P,S,3,2025-08-14
6127,CODE-2P,S,2,2025-08-14
6128,FOCOS-L9,S,5,2025-08-14
6129,LIJAD-1,S,1,2025-08-14
6130,MART-2A,S,1,2025-08-14
6131,PINT-BL,S,3,2025-08-14
6132,PINT-GR,S,1,2025-08-14
6133,ROND-M6,S,32,2025-08-14
6134,ROND-M8,S,45,2025-08-14
6135,SELL-TF,S,1,2025-08-14
6136,TOMA-DBL,S,1,2025-08-14
6137,TOMA-SNC,S,3,2025-08-14
6138,TORN-M4,S,9,2025-08-14
6139,TORN-M6,S,7,2025-08-14
6140,TORN-M8,S,9,2025-08-14
6141,TURC-M6,S,42,2025-08-14
6142,TURC-M8,S,10,2025-08-14
6143,CLAV-3P,S,2,2025-08-15
6144,ESMER-1,S,1,2025-08-15
6145,FOCOS-L15,S,1,2025-08-15
6146,FOCOS-L9,S,1,2025-08-15
6147,LIJAD-1,S,1,2025-08-15
6148,LLAV-12,S,2,2025-08-15
6149,PINT-BL,S,5,2025-08-15
6150,ROND-M6,S,14,2025-08-15
6151,ROND-M8,S,30,2025-08-15
6152,SELL-TF,S,1,2025-08-15
6153,TOMA-DBL,S,1,2025-08-15
6154,TOMA-SNC,S,6,2025-08-15
6155,TORN-M10,S,5,2025-08-15
6156,TORN-M6,S,16,2025-08-15
6157,TORN-M8,S,7,2025-08-15
6158,TURC-M6,S,103,2025-08-15
6159,TURC-M8,S,30,2025-08-15
6160,CABL-12,S,15,2025-08-16
6161,CINT-5M,S,1,2025-08-16
6162,CLAV-2P,S,1,2025-08-16
6163,CLAV-3P,S,5,2025-08-16
6164,CODE-1P,S,2,2025-08-16
6165,LIJAD-1,S,1,2025-08-16
6166,MART-2A,S,1,2025-08-16
6167,PINT-BG,S,1,2025-08-16
6168,PINT-BL,S,1,2025-08-16
6169,ROND-M6,S,2,2025-08-16
6170,ROND-M8,S,39,2025-08-16
6171,TOMA-SNC,S,1,2025-08-16
6172,TORN-M10,S,6,2025-08-16
6173,TORN-M4,S,1,2025-08-16
6174,TORN-M6,S,3,2025-08-16
6175,TORN-M8,S,4,2025-08-16
6176,TURC-M6,S,59,2025-08-16
6177,TURC-M8,S,12,2025-08-16
6178,CLAV-3P,S,1,2025-08-18
6179,CODE-1P,S,10,2025-08-18
6180,CODE-2P,S,2,2025-08-18
6181,ESMA-NG,S,3,2025-08-18
6182,FOCOS-L9,S,7,2025-08-18
6183,LLAV-12,S,1,2025-08-18
6184,MART-2A,S,2,2025-08-18
6185,PINT-BL,S,2,2025-08-18
6186,ROND-M6,S,16,2025-08-18
6187,ROND-M8,S,32,2025-08-18
6188,SELL-TF,S,2,2025-08-18
6189,TALDR-2,S,1,2025-08-18
6190,TOMA-SNC,S,8,2025-08-18
6191,TORN-M10,S,4,2025-08-18
6192,TORN-M6,S,2,2025-08-18
6193,TORN-M8,S,4,2025-08-18
6194,TURC-M6,S,44,2025-08-18
6195,TURC-M8,S,41,2025-08-18
6196,BROD-4P,S,1,2025-08-19
6197,CLAV-3P,S,1,2025-08-19
6198,CODE-1P,S,6,2025-08-19
6199,CODE-2P,S,6,2025-08-19
6200,FOCOS-L9,S,3,2025-08-19
6201,LIJAD-1,S,1,2025-08-19
6202,LLAV-12,S,1,2025-08-19
6203,MART-2A,S,1,2025-08-19
6204,NIVE-60,S,1,2025-08-19
6205,PINT-BG,S,3,2025-08-19
6206,PINT-BL,S,5,2025-08-19
6207,ROND-M6,S,29,2025-08-19
6208,ROND-M8,S,18,2025-08-19
6209,SELL-TF,S,2,2025-08-19
6210,TOMA-SNC,S,16,2025-08-19
6211,TORN-M10,S,6,2025-08-19
6212,TORN-M4,S,15,2025-08-19
6213,TORN-M6,S,1,2025-08-19
6214,TORN-M8,S,14,2025-08-19
6215,TURC-M6,S,89,2025-08-19
6216,TURC-M8,S,11,2025-08-19
6217,LLAV-12,E,35,2025-08-20
6218,BROD-2P,S,1,2025-08-20
6219,CLAV-2P,S,2,2025-08-20
6220,CLAV-3P,S,1,2025-08-20
6221,CODE-1P,S,4,2025-08-20
6222,CODE-2P,S,1,2025-08-20
6223,FOCOS-L9,S,2,2025-08-20
6224,LIJAD-1,S,3,2025-08-20
6225,MART-2A,S,3,2025-08-20
6226,PINT-BL,S,3,2025-08-20
6227,ROND-M6,S,22,2025-08-20
6228,ROND-M8,S,5,2025-08-20
6229,SIER-HK,S,1,2025-08-20
6230,TALDR-1,S,1,2025-08-20
6231,TOMA-SNC,S,24,2025-08-20
6232,TORN-M10,S,6,2025-08-20
6233,TORN-M4,S,13,2025-08-20
6234,TORN-M6,S,10,2025-08-20
6235,TORN-M8,S,6,2025-08-20
6236,TURC-M6,S,200,2025-08-20
6237,TURC-M8,S,19,2025-08-20
6238,TUBO-2P,E,45,2025-08-21
6239,CLAV-3P,S,3,2025-08-21
6240,CODE-1P,S,12,2025-08-21
6241,CODE-2P,S,3,2025-08-21
6242,ESMA-NG,S,2,2025-08-21
6243,FOCOS-L9,S,2,2025-08-21
6244,LIJAD-1,S,2,2025-08-21
6245,LLAV-12,S,2,2025-08-21
6246,PINT-BL,S,6,2025-08-21
6247,ROLLO-1,S,1,2025-08-21
6248,ROND-M6,S,1,2025-08-21
6249,ROND-M8,S,42,2025-08-21
6250,SIER-HK,S,1,2025-08-21
6251,TOMA-SNC,S,7,2025-08-21
6252,TORN-M4,S,8,2025-08-21
6253,TORN-M6,S,5,2025-08-21
6254,TORN-M8,S,18,2025-08-21
6255,TUBO-1P,S,1,2025-08-21
6256,TURC-M6,S,141,2025-08-21
6257,TURC-M8,S,24,2025-08-21
6258,CABL-12,E,50,2025-08-22
6259,CABL-14,E,14,2025-08-22
6260,CLAV-2P,S,1,2025-08-22
6261,CLAV-3P,S,4,2025-08-22
6262,CODE-1P,S,18,2025-08-22
6263,FOCOS-L9,S,2,2025-08-22
6264,LLAV-12,S,1,2025-08-22
6265,PINT-BG,S,1,2025-08-22
6266,PINT-BL,S,3,2025-08-22
6267,PINT-GR,S,1,2025-08-22
6268,ROND-M6,S,12,2025-08-22
6269,ROND-M8,S,36,2025-08-22
6270,SIER-C1,S,1,2025-08-22
6271,TOMA-SNC,S,2,2025-08-22
6272,TORN-M10,S,3,2025-08-22
6273,TORN-M4,S,8,2025-08-22
6274,TORN-M6,S,1,2025-08-22
6275,TORN-M8,S,18,2025-08-22
6276,TURC-M6,S,22,2025-08-22
6277,TURC-M8,S,48,2025-08-22
6278,CLAV-3P,S,12,2025-08-23
6279,CODE-1P,S,2,2025-08-23
6280,CODE-2P,S,1,2025-08-23
6281,ESMA-NG,S,1,2025-08-23
6282,FOCOS-L9,S,2,2025-08-23
6283,MART-2A,S,2,2025-08-23
6284,PINT-BG,S,1,2025-08-23
6285,PINT-BL,S,6,2025-08-23
6286,PINT-GR,S,1,2025-08-23
6287,ROND-M6,S,2,2025-08-23
6288,ROND-M8,S,21,2025-08-23
6289,TOMA-SNC,S,20,2025-08-23
6290,TORN-M10,S,4,2025-08-23
6291,TORN-M4,S,6,2025-08-23
6292,TORN-M6,S,5,2025-08-23
6293,TORN-M8,S,25,2025-08-23
6294,TURC-M6,S,82,2025-08-23
6295,TURC-M8,S,27,2025-08-23
6296,CLAV-3P,E,140,2025-08-25
6297,CINT-5M,S,1,2025-08-25
6298,CLAV-3P,S,3,2025-08-25
6299,CODE-1P,S,10,2025-08-25
6300,FOCOS-L9,S,2,2025-08-25
6301,LLAV-12,S,2,2025-08-25
6302,MART-2A,S,1,2025-08-25
6303,NIVE-60,S,1,2025-08-25
6304,PLIE-8P,S,1,2025-08-25
6305,ROND-M6,S,18,2025-08-25
6306,ROND-M8,S,10,2025-08-25
6307,SELL-TF,S,1,2025-08-25
6308,TOMA-SNC,S,23,2025-08-25
6309,TORN-M4,S,1,2025-08-25
6310,TORN-M6,S,9,2025-08-25
6311,TORN-M8,S,10,2025-08-25
6312,TURC-M6,S,50,2025-08-25
6313,TURC-M8,S,65,2025-08-25
6314,BROD-4P,S,1,2025-08-26
6315,CABL-12,S,10,2025-08-26
6316,CLAV-2P,S,1,2025-08-26
6317,CLAV-3P,S,4,2025-08-26
6318,CODE-1P,S,15,2025-08-26
6319,CODE-2P,S,2,2025-08-26
6320,DEST-PH2,S,1,2025-08-26
6321,ESMA-NG,S,1,2025-08-26
6322,FOCOS-L15,S,1,2025-08-26
6323,FOCOS-L9,S,2,2025-08-26
6324,LIJAD-1,S,1,2025-08-26
6325,LLAV-12,S,3,2025-08-26
6326,MART-2A,S,1,2025-08-26
6327,NIVE-60,S,1,2025-08-26
6328,PINT-BL,S,5,2025-08-26
6329,ROND-M6,S,52,2025-08-26
6330,ROND-M8,S,33,2025-08-26
6331,TOMA-SNC,S,13,2025-08-26
6332,TORN-M10,S,3,2025-08-26
6333,TORN-M4,S,7,2025-08-26
6334,TORN-M6,S,3,2025-08-26
6335,TORN-M8,S,16,2025-08-26
6336,TUBO-2P,S,17,2025-08-26
6337,TURC-M6,S,68,2025-08-26
6338,TURC-M8,S,42,2025-08-26
6339,PINT-GR,E,30,2025-08-27
6340,SIER-C1,E,4,2025-08-27
6341,CODE-1P,S,7,2025-08-27
6342,CODE-2P,S,1,2025-08-27
6343,DEST-PH2,S,1,2025-08-27
6344,ESMA-NG,S,1,2025-08-27
6345,FOCOS-L15,S,4,2025-08-27
6346,FOCOS-L9,S,6,2025-08-27
6347,LIAV-10,S,1,2025-08-27
6348,LIJAD-1,S,2,2025-08-27
6349,MART-2A,S,1,2025-08-27
6350,NIVE-60,S,1,2025-08-27
6351,PINT-BL,S,3,2025-08-27
6352,ROND-M6,S,32,2025-08-27
6353,ROND-M8,S,42,2025-08-27
6354,TOMA-SNC,S,15,2025-08-27
6355,TORN-M10,S,1,2025-08-27
6356,TORN-M4,S,2,2025-08-27
6357,TORN-M6,S,10,2025-08-27
6358,TORN-M8,S,32,2025-08-27
6359,TURC-M6,S,51,2025-08-27
6360,TURC-M8,S,32,2025-08-27
6361,TOMA-SNC,E,495,2025-08-28
6362,CALAD-1,S,1,2025-08-28
6363,CLAV-3P,S,5,2025-08-28
6364,CODE-1P,S,1,2025-08-28
6365,CODE-2P,S,1,2025-08-28
6366,FOCOS-L9,S,1,2025-08-28
6367,LLAV-12,S,1,2025-08-28
6368,PINT-BG,S,2,2025-08-28
6369,PINT-BL,S,5,2025-08-28
6370,PINT-GR,S,1,2025-08-28
6371,ROLLO-1,S,1,2025-08-28
6372,ROND-M6,S,16,2025-08-28
6373,ROND-M8,S,10,2025-08-28
6374,SELL-TF,S,4,2025-08-28
6375,TALDR-1,S,1,2025-08-28
6376,TOMA-SNC,S,22,2025-08-28
6377,TORN-M10,S,2,2025-08-28
6378,TORN-M4,S,4,2025-08-28
6379,TORN-M6,S,6,2025-08-28
6380,TORN-M8,S,23,2025-08-28
6381,TURC-M6,S,32,2025-08-28
6382,TURC-M8,S,64,2025-08-28
6383,CLAV-3P,S,1,2025-08-29
6384,CODE-1P,S,1,2025-08-29
6385,CODE-2P,S,5,2025-08-29
6386,FOCOS-L9,S,2,2025-08-29
6387,LIJAD-1,S,1,2025-08-29
6388,MART-2A,S,2,2025-08-29
6389,PINT-BG,S,1,2025-08-29
6390,PINT-BL,S,1,2025-08-29
6391,PLIE-8P,S,1,2025-08-29
6392,ROND-M6,S,12,2025-08-29
6393,ROND-M8,S,45,2025-08-29
6394,TOMA-SNC,S,12,2025-08-29
6395,TORN-M10,S,6,2025-08-29
6396,TORN-M4,S,1,2025-08-29
6397,TORN-M6,S,1,2025-08-29
6398,TORN-M8,S,2,2025-08-29
6399,TURC-M6,S,24,2025-08-29
6400,TURC-M8,S,23,2025-08-29
6401,MART-2A,E,45,2025-08-30
6402,NIVE-60,E,20,2025-08-30
6403,BROD-4P,S,1,2025-08-30
6404,CINT-5M,S,1,2025-08-30
6405,CLAV-3P,S,1,2025-08-30
6406,CODE-1P,S,17,2025-08-30
6407,CODE-2P,S,3,2025-08-30
6408,FOCOS-L15,S,1,2025-08-30
6409,LIAV-10,S,1,2025-08-30
6410,LIJAD-1,S,1,2025-08-30
6411,LLAV-12,S,1,2025-08-30
6412,PINT-BL,S,3,2025-08-30
6413,ROND-M6,S,16,2025-08-30
6414,ROND-M8,S,58,2025-08-30
6415,SELL-TF,S,1,2025-08-30
6416,TOMA-SNC,S,9,2025-08-30
6417,TORN-M10,S,3,2025-08-30
6418,TORN-M6,S,10,2025-08-30
6419,TORN-M8,S,9,2025-08-30
6420,TURC-M6,S,49,2025-08-30
6421,TURC-M8,S,57,2025-08-30
6422,CABL-12,S,12,2025-09-01
6423,CLAV-3P,S,2,2025-09-01
6424,CODE-1P,S,20,2025-09-01
6425,FOCOS-L9,S,2,2025-09-01
6426,INTE-SNC,S,1,2025-09-01
6427,LIJAD-1,S,2,2025-09-01
6428,LLAV-12,S,1,2025-09-01
6429,MART-2A,S,1,2025-09-01
6430,PINT-BG,S,1,2025-09-01
6431,PINT-BL,S,3,2025-09-01
6432,ROND-M6,S,23,2025-09-01
6433,ROND-M8,S,40,2025-09-01
6434,SELL-TF,S,3,2025-09-01
6435,TOMA-SNC,S,5,2025-09-01
6436,TORN-M10,S,5,2025-09-01
6437,TORN-M4,S,12,2025-09-01
6438,TORN-M6,S,4,2025-09-01
6439,TORN-M8,S,13,2025-09-01
6440,TURC-M6,S,58,2025-09-01
6441,TURC-M8,S,24,2025-09-01
6442,CABL-12,S,6,2025-09-02
6443,CINT-5M,S,1,2025-09-02
6444,CLAV-2P,S,1,2025-09-02
6445,CLAV-3P,S,2,2025-09-02
6446,CODE-1P,S,15,2025-09-02
6447,CODE-2P,S,1,2025-09-02
6448,ESMA-NG,S,2,2025-09-02
6449,FOCOS-L15,S,1,2025-09-02
6450,FOCOS-L9,S,1,2025-09-02
6451,LIJAD-1,S,1,2025-09-02
6452,LLAV-12,S,1,2025-09-02
6453,MART-2A,S,1,2025-09-02
6454,NIVE-60,S,1,2025-09-02
6455,PINT-BG,S,2,2025-09-02
6456,PINT-BL,S,5,2025-09-02
6457,PINT-GR,S,1,2025-09-02
6458,ROND-M6,S,2,2025-09-02
6459,ROND-M8,S,76,2025-09-02
6460,SELL-TF,S,1,2025-09-02
6461,SIER-HK,S,1,2025-09-02
6462,TOMA-SNC,S,2,2025-09-02
6463,TORN-M10,S,8,2025-09-02
6464,TORN-M4,S,5,2025-09-02
6465,TORN-M6,S,11,2025-09-02
6466,TORN-M8,S,21,2025-09-02
6467,TURC-M6,S,145,2025-09-02
6468,TURC-M8,S,1,2025-09-02
6469,FOCOS-L9,E,125,2025-09-03
6470,CALAD-1,S,1,2025-09-03
6471,CLAV-2P,S,1,2025-09-03
6472,CLAV-3P,S,2,2025-09-03
6473,CODE-1P,S,1,2025-09-03
6474,CODE-2P,S,2,2025-09-03
6475,FOCOS-L9,S,1,2025-09-03
6476,LIAV-10,S,1,2025-09-03
6477,LIJAD-1,S,2,2025-09-03
6478,LLAV-12,S,1,2025-09-03
6479,NIVE-60,S,1,2025-09-03
6480,PINT-BG,S,2,2025-09-03
6481,PINT-BL,S,9,2025-09-03
6482,ROND-M6,S,18,2025-09-03
6483,ROND-M8,S,10,2025-09-03
6484,TOMA-DBL,S,1,2025-09-03
6485,TOMA-SNC,S,4,2025-09-03
6486,TORN-M10,S,3,2025-09-03
6487,TORN-M4,S,2,2025-09-03
6488,TORN-M6,S,1,2025-09-03
6489,TORN-M8,S,1,2025-09-03
6490,TURC-M6,S,99,2025-09-03
6491,TURC-M8,S,29,2025-09-03
6492,PINT-BL,E,195,2025-09-04
6493,CINT-5M,S,1,2025-09-04
6494,CLAV-3P,S,3,2025-09-04
6495,CODE-1P,S,1,2025-09-04
6496,CODE-2P,S,2,2025-09-04
6497,ESMA-NG,S,1,2025-09-04
6498,FOCOS-L9,S,4,2025-09-04
6499,PINT-BL,S,7,2025-09-04
6500,ROND-M6,S,12,2025-09-04
6501,ROND-M8,S,29,2025-09-04
6502,SELL-TF,S,1,2025-09-04
6503,SIER-HK,S,2,2025-09-04
6504,TOMA-DBL,S,1,2025-09-04
6505,TOMA-SNC,S,6,2025-09-04
6506,TORN-M10,S,6,2025-09-04
6507,TORN-M4,S,9,2025-09-04
6508,TORN-M6,S,1,2025-09-04
6509,TORN-M8,S,19,2025-09-04
6510,TURC-M6,S,31,2025-09-04
6511,TURC-M8,S,40,2025-09-04
6512,CINT-5M,S,1,2025-09-05
6513,CLAV-3P,S,1,2025-09-05
6514,CODE-1P,S,5,2025-09-05
6515,CODE-2P,S,1,2025-09-05
6516,FOCOS-L15,S,4,2025-09-05
6517,FOCOS-L9,S,1,2025-09-05
6518,INTE-SNC,S,1,2025-09-05
6519,LLAV-12,S,2,2025-09-05
6520,MART-2A,S,1,2025-09-05
6521,PINT-BG,S,2,2025-09-05
6522,PINT-BL,S,1,2025-09-05
6523,ROND-M6,S,33,2025-09-05
6524,ROND-M8,S,21,2025-09-05
6525,TOMA-DBL,S,1,2025-09-05
6526,TOMA-SNC,S,8,2025-09-05
6527,TORN-M10,S,15,2025-09-05
6528,TORN-M4,S,11,2025-09-05
6529,TORN-M6,S,2,2025-09-05
6530,TORN-M8,S,2,2025-09-05
6531,TURC-M6,S,126,2025-09-05
6532,TURC-M8,S,25,2025-09-05
6533,CODE-1P,S,4,2025-09-06
6534,CODE-2P,S,4,2025-09-06
6535,ESMA-NG,S,1,2025-09-06
6536,FOCOS-L15,S,2,2025-09-06
6537,LLAV-12,S,1,2025-09-06
6538,NIVE-60,S,1,2025-09-06
6539,PINT-BL,S,6,2025-09-06
6540,ROND-M6,S,11,2025-09-06
6541,ROND-M8,S,42,2025-09-06
6542,TOMA-SNC,S,12,2025-09-06
6543,TORN-M10,S,13,2025-09-06
6544,TORN-M4,S,4,2025-09-06
6545,TORN-M6,S,5,2025-09-06
6546,TORN-M8,S,19,2025-09-06
6547,TURC-M6,S,180,2025-09-06
6548,TURC-M8,S,15,2025-09-06
6549,PINT-BG,E,37,2025-09-08
6550,BROD-4P,S,1,2025-09-08
6551,CODE-1P,S,10,2025-09-08
6552,CODE-2P,S,1,2025-09-08
6553,DEST-PH2,S,2,2025-09-08
6554,DEST-PL6,S,1,2025-09-08
6555,ESMA-NG,S,3,2025-09-08
6556,FOCOS-L9,S,1,2025-09-08
6557,PINT-BG,S,1,2025-09-08
6558,PINT-BL,S,4,2025-09-08
6559,PLIE-8P,S,1,2025-09-08
6560,ROND-M6,S,37,2025-09-08
6561,ROND-M8,S,53,2025-09-08
6562,SELL-TF,S,1,2025-09-08
6563,TOMA-DBL,S,1,2025-09-08
6564,TOMA-SNC,S,7,2025-09-08
6565,TORN-M10,S,1,2025-09-08
6566,TORN-M6,S,7,2025-09-08
6567,TORN-M8,S,27,2025-09-08
6568,TURC-M6,S,22,2025-09-08
6569,TURC-M8,S,7,2025-09-08
6570,BROD-4P,S,1,2025-09-09
6571,CALAD-1,S,1,2025-09-09
6572,CLAV-3P,S,1,2025-09-09
6573,CODE-1P,S,3,2025-09-09
6574,CODE-2P,S,1,2025-09-09
6575,DEST-PH2,S,2,2025-09-09
6576,ESMA-NG,S,2,2025-09-09
6577,FOCOS-L9,S,2,2025-09-09
6578,PINT-BL,S,2,2025-09-09
6579,ROND-M6,S,64,2025-09-09
6580,ROND-M8,S,5,2025-09-09
6581,SELL-TF,S,1,2025-09-09
6582,SIER-HK,S,1,2025-09-09
6583,TALDR-1,S,1,2025-09-09
6584,TOMA-DBL,S,1,2025-09-09
6585,TOMA-SNC,S,43,2025-09-09
6586,TORN-M10,S,11,2025-09-09
6587,TORN-M4,S,10,2025-09-09
6588,TORN-M6,S,3,2025-09-09
6589,TORN-M8,S,13,2025-09-09
6590,TUBO-1P,S,1,2025-09-09
6591,TURC-M6,S,23,2025-09-09
6592,TURC-M8,S,92,2025-09-09
6593,CODE-1P,E,300,2025-09-10
6594,BROD-2P,S,1,2025-09-10
6595,BROD-4P,S,1,2025-09-10
6596,CINT-5M,S,1,2025-09-10
6597,CLAV-3P,S,7,2025-09-10
6598,CODE-1P,S,4,2025-09-10
6599,CODE-2P,S,2,2025-09-10
6600,FOCOS-L15,S,2,2025-09-10
6601,FOCOS-L9,S,1,2025-09-10
6602,LIJAD-1,S,1,2025-09-10
6603,NIVE-60,S,1,2025-09-10
6604,PINT-BL,S,3,2025-09-10
6605,ROND-M6,S,15,2025-09-10
6606,ROND-M8,S,5,2025-09-10
6607,SELL-TF,S,1,2025-09-10
6608,TOMA-SNC,S,7,2025-09-10
6609,TORN-M10,S,17,2025-09-10
6610,TORN-M4,S,9,2025-09-10
6611,TORN-M6,S,6,2025-09-10
6612,TORN-M8,S,3,2025-09-10
6613,TUBO-1P,S,1,2025-09-10
6614,TURC-M6,S,51,2025-09-10
6615,TURC-M8,S,11,2025-09-10
6616,BROD-4P,S,1,2025-09-11
6617,CODE-1P,S,2,2025-09-11
6618,CODE-2P,S,6,2025-09-11
6619,ESMA-NG,S,1,2025-09-11
6620,FOCOS-L9,S,1,2025-09-11
6621,LIJAD-1,S,2,2025-09-11
6622,LLAV-12,S,3,2025-09-11
6623,MART-2A,S,3,2025-09-11
6624,PINT-BL,S,2,2025-09-11
6625,ROND-M6,S,24,2025-09-11
6626,ROND-M8,S,27,2025-09-11
6627,TOMA-SNC,S,3,2025-09-11
6628,TORN-M10,S,12,2025-09-11
6629,TORN-M4,S,4,2025-09-11
6630,TORN-M6,S,3,2025-09-11
6631,TORN-M8,S,27,2025-09-11
6632,TURC-M6,S,109,2025-09-11
6633,TURC-M8,S,61,2025-09-11
6634,BROD-4P,S,1,2025-09-12
6635,CABL-12,S,13,2025-09-12
6636,CODE-1P,S,9,2025-09-12
6637,CODE-2P,S,2,2025-09-12
6638,DEST-PL6,S,1,2025-09-12
6639,ESMA-NG,S,1,2025-09-12
6640,FOCOS-L15,S,1,2025-09-12
6641,MART-2A,S,2,2025-09-12
6642,NIVE-60,S,1,2025-09-12
6643,PINT-BG,S,1,2025-09-12
6644,ROND-M6,S,33,2025-09-12
6645,ROND-M8,S,14,2025-09-12
6646,TALDR-1,S,1,2025-09-12
6647,TOMA-SNC,S,31,2025-09-12
6648,TORN-M10,S,19,2025-09-12
6649,TORN-M4,S,8,2025-09-12
6650,TORN-M6,S,10,2025-09-12
6651,TORN-M8,S,4,2025-09-12
6652,TURC-M6,S,17,2025-09-12
6653,TURC-M8,S,5,2025-09-12
6654,CLAV-3P,S,7,2025-09-13
6655,CODE-1P,S,2,2025-09-13
6656,CODE-2P,S,1,2025-09-13
6657,DEST-PH2,S,1,2025-09-13
6658,ESMA-NG,S,1,2025-09-13
6659,FOCOS-L15,S,1,2025-09-13
6660,FOCOS-L9,S,4,2025-09-13
6661,PINT-BL,S,1,2025-09-13
6662,ROND-M6,S,6,2025-09-13
6663,ROND-M8,S,10,2025-09-13
6664,SELL-TF,S,2,2025-09-13
6665,SIER-HK,S,1,2025-09-13
6666,TOMA-SNC,S,1,2025-09-13
6667,TORN-M10,S,4,2025-09-13
6668,TORN-M4,S,11,2025-09-13
6669,TORN-M6,S,4,2025-09-13
6670,TORN-M8,S,12,2025-09-13
6671,TURC-M6,S,32,2025-09-13
6672,TURC-M8,S,14,2025-09-13
6673,CABL-12,S,9,2025-09-15
6674,CLAV-2P,S,2,2025-09-15
6675,CODE-1P,S,6,2025-09-15
6676,ESMA-NG,S,1,2025-09-15
6677,LIJAD-1,S,2,2025-09-15
6678,LLAV-12,S,1,2025-09-15
6679,MART-2A,S,1,2025-09-15
6680,PINT-BL,S,1,2025-09-15
6681,PLIE-8P,S,1,2025-09-15
6682,ROND-M6,S,25,2025-09-15
6683,ROND-M8,S,36,2025-09-15
6684,SELL-TF,S,1,2025-09-15
6685,TOMA-DBL,S,1,2025-09-15
6686,TOMA-SNC,S,21,2025-09-15
6687,TORN-M10,S,7,2025-09-15
6688,TORN-M4,S,3,2025-09-15
6689,TORN-M8,S,5,2025-09-15
6690,TURC-M6,S,163,2025-09-15
6691,TURC-M8,S,58,2025-09-15
6692,TORN-M4,E,1000,2025-09-16
6693,TURC-M6,E,2900,2025-09-16
6694,CLAV-3P,S,1,2025-09-16
6695,CODE-1P,S,3,2025-09-16
6696,CODE-2P,S,2,2025-09-16
6697,DEST-PH2,S,1,2025-09-16
6698,FOCOS-L9,S,2,2025-09-16
6699,INTE-SNC,S,1,2025-09-16
6700,LIJAD-1,S,2,2025-09-16
6701,LLAV-12,S,1,2025-09-16
6702,PINT-BG,S,2,2025-09-16
6703,PINT-BL,S,1,2025-09-16
6704,PLIE-6P,S,1,2025-09-16
6705,ROLLO-1,S,1,2025-09-16
6706,ROND-M6,S,33,2025-09-16
6707,ROND-M8,S,29,2025-09-16
6708,TOMA-DBL,S,1,2025-09-16
6709,TOMA-SNC,S,15,2025-09-16
6710,TORN-M10,S,7,2025-09-16
6711,TORN-M6,S,3,2025-09-16
6712,TORN-M8,S,6,2025-09-16
6713,TURC-M6,S,18,2025-09-16
6714,TURC-M8,S,16,2025-09-16
6715,CODE-1P,S,5,2025-09-17
6716,CODE-2P,S,2,2025-09-17
6717,ESMA-NG,S,1,2025-09-17
6718,FOCOS-L15,S,1,2025-09-17
6719,FOCOS-L9,S,2,2025-09-17
6720,PINT-BG,S,1,2025-09-17
6721,PINT-BL,S,2,2025-09-17
6722,PLIE-8P,S,2,2025-09-17
6723,ROND-M6,S,36,2025-09-17
6724,ROND-M8,S,15,2025-09-17
6725,SIER-HK,S,1,2025-09-17
6726,TOMA-SNC,S,20,2025-09-17
6727,TORN-M10,S,3,2025-09-17
6728,TORN-M4,S,7,2025-09-17
6729,TORN-M6,S,12,2025-09-17
6730,TORN-M8,S,8,2025-09-17
6731,TURC-M6,S,107,2025-09-17
6732,TURC-M8,S,34,2025-09-17
6733,BROD-4P,S,1,2025-09-18
6734,CODE-1P,S,5,2025-09-18
6735,CODE-2P,S,4,2025-09-18
6736,ESMA-NG,S,1,2025-09-18
6737,FOCOS-L15,S,3,2025-09-18
6738,FOCOS-L9,S,4,2025-09-18
6739,LIAV-10,S,1,2025-09-18
6740,LIJAD-1,S,1,2025-09-18
6741,LLAV-12,S,1,2025-09-18
6742,MART-1A,S,1,2025-09-18
6743,PINT-BL,S,2,2025-09-18
6744,ROND-M6,S,70,2025-09-18
6745,ROND-M8,S,14,2025-09-18
6746,SIER-C1,S,1,2025-09-18
6747,TOMA-SNC,S,9,2025-09-18
6748,TORN-M10,S,2,2025-09-18
6749,TORN-M4,S,1,2025-09-18
6750,TORN-M6,S,3,2025-09-18
6751,TORN-M8,S,29,2025-09-18
6752,TURC-M6,S,75,2025-09-18
6753,TURC-M8,S,13,2025-09-18
6754,CLAV-2P,S,1,2025-09-19
6755,CLAV-3P,S,4,2025-09-19
6756,CODE-1P,S,15,2025-09-19
6757,ESMA-NG,S,2,2025-09-19
6758,FOCOS-L15,S,1,2025-09-19
6759,FOCOS-L9,S,5,2025-09-19
6760,LIJAD-1,S,1,2025-09-19
6761,LLAV-12,S,1,2025-09-19
6762,MART-2A,S,1,2025-09-19
6763,PINT-BL,S,5,2025-09-19
6764,PINT-GR,S,1,2025-09-19
6765,PLIE-6P,S,1,2025-09-19
6766,ROND-M6,S,26,2025-09-19
6767,ROND-M8,S,4,2025-09-19
6768,SELL-TF,S,1,2025-09-19
6769,TOMA-DBL,S,1,2025-09-19
6770,TOMA-SNC,S,11,2025-09-19
6771,TORN-M10,S,6,2025-09-19
6772,TORN-M4,S,5,2025-09-19
6773,TORN-M8,S,8,2025-09-19
6774,TURC-M6,S,23,2025-09-19
6775,TURC-M8,S,23,2025-09-19
6776,CLAV-3P,S,4,2025-09-20
6777,CODE-1P,S,13,2025-09-20
6778,CODE-2P,S,3,2025-09-20
6779,FOCOS-L15,S,2,2025-09-20
6780,INTE-SNC,S,1,2025-09-20
6781,NIVE-60,S,1,2025-09-20
6782,PINT-BG,S,1,2025-09-20
6783,PINT-BL,S,3,2025-09-20
6784,ROND-M6,S,7,2025-09-20
6785,ROND-M8,S,26,2025-09-20
6786,TOMA-SNC,S,32,2025-09-20
6787,TORN-M10,S,8,2025-09-20
6788,TORN-M4,S,3,2025-09-20
6789,TORN-M6,S,2,2025-09-20
6790,TORN-M8,S,28,2025-09-20
6791,TUBO-1P,S,1,2025-09-20
6792,TURC-M6,S,119,2025-09-20
6793,TURC-M8,S,26,2025-09-20
6794,ROND-M6,E,2050,2025-09-22
6795,ROND-M8,E,1850,2025-09-22
6796,TURC-M8,E,1450,2025-09-22
6797,CLAV-2P,S,2,2025-09-22
6798,CLAV-3P,S,8,2025-09-22
6799,CODE-1P,S,9,2025-09-22
6800,FOCOS-L15,S,2,2025-09-22
6801,FOCOS-L9,S,1,2025-09-22
6802,LIJAD-1,S,2,2025-09-22
6803,LLAV-12,S,2,2025-09-22
6804,MART-2A,S,1,2025-09-22
6805,PINT-BG,S,1,2025-09-22
6806,PINT-BL,S,3,2025-09-22
6807,ROND-M6,S,32,2025-09-22
6808,ROND-M8,S,14,2025-09-22
6809,SELL-TF,S,3,2025-09-22
6810,TALDR-1,S,1,2025-09-22
6811,TOMA-SNC,S,23,2025-09-22
6812,TORN-M10,S,4,2025-09-22
6813,TORN-M4,S,2,2025-09-22
6814,TORN-M8,S,20,2025-09-22
6815,TURC-M6,S,21,2025-09-22
6816,TURC-M8,S,7,2025-09-22
6817,CABL-12,E,50,2025-09-23
6818,PLIE-8P,E,12,2025-09-23
6819,BROD-4P,S,1,2025-09-23
6820,CLAV-2P,S,2,2025-09-23
6821,CLAV-3P,S,8,2025-09-23
6822,CODE-1P,S,6,2025-09-23
6823,CODE-2P,S,1,2025-09-23
6824,ESMA-BL,S,1,2025-09-23
6825,ESMA-NG,S,2,2025-09-23
6826,FOCOS-L15,S,3,2025-09-23
6827,LIAV-10,S,1,2025-09-23
6828,LIJAD-1,S,1,2025-09-23
6829,MART-2A,S,2,2025-09-23
6830,NIVE-60,S,1,2025-09-23
6831,PINT-BL,S,2,2025-09-23
6832,ROND-M6,S,34,2025-09-23
6833,ROND-M8,S,49,2025-09-23
6834,TOMA-SNC,S,14,2025-09-23
6835,TORN-M10,S,9,2025-09-23
6836,TORN-M4,S,5,2025-09-23
6837,TORN-M6,S,1,2025-09-23
6838,TORN-M8,S,6,2025-09-23
6839,TURC-M6,S,66,2025-09-23
6840,TURC-M8,S,88,2025-09-23
6841,BROD-4P,S,1,2025-09-24
6842,CODE-1P,S,2,2025-09-24
6843,CODE-2P,S,2,2025-09-24
6844,DEST-PH2,S,1,2025-09-24
6845,FOCOS-L9,S,3,2025-09-24
6846,INTE-SNC,S,1,2025-09-24
6847,NIVE-60,S,1,2025-09-24
6848,PINT-BG,S,3,2025-09-24
6849,PINT-BL,S,2,2025-09-24
6850,ROND-M6,S,8,2025-09-24
6851,ROND-M8,S,5,2025-09-24
6852,TOMA-SNC,S,9,2025-09-24
6853,TORN-M10,S,3,2025-09-24
6854,TORN-M4,S,4,2025-09-24
6855,TORN-M6,S,1,2025-09-24
6856,TORN-M8,S,4,2025-09-24
6857,TURC-M6,S,11,2025-09-24
6858,TURC-M8,S,2,2025-09-24
6859,CLAV-2P,S,1,2025-09-25
6860,CLAV-3P,S,3,2025-09-25
6861,CODE-1P,S,9,2025-09-25
6862,FOCOS-L9,S,3,2025-09-25
6863,LIJAD-1,S,2,2025-09-25
6864,LLAV-12,S,1,2025-09-25
6865,PINT-BG,S,1,2025-09-25
6866,PINT-BL,S,10,2025-09-25
6867,PINT-GR,S,2,2025-09-25
6868,ROND-M6,S,44,2025-09-25
6869,ROND-M8,S,7,2025-09-25
6870,SELL-TF,S,1,2025-09-25
6871,SOPLA-1,S,1,2025-09-25
6872,TOMA-SNC,S,14,2025-09-25
6873,TORN-M4,S,5,2025-09-25
6874,TORN-M6,S,7,2025-09-25
6875,TORN-M8,S,8,2025-09-25
6876,TURC-M6,S,14,2025-09-25
6877,TURC-M8,S,25,2025-09-25
6878,CLAV-2P,S,1,2025-09-26
6879,CLAV-3P,S,8,2025-09-26
6880,CODE-1P,S,2,2025-09-26
6881,ESMA-NG,S,3,2025-09-26
6882,FOCOS-L15,S,1,2025-09-26
6883,FOCOS-L9,S,2,2025-09-26
6884,LIAV-10,S,1,2025-09-26
6885,LIJAD-1,S,1,2025-09-26
6886,LLAV-12,S,1,2025-09-26
6887,PINT-BL,S,6,2025-09-26
6888,PINT-GR,S,1,2025-09-26
6889,ROND-M6,S,17,2025-09-26
6890,ROND-M8,S,8,2025-09-26
6891,SELL-TF,S,3,2025-09-26
6892,TOMA-DBL,S,1,2025-09-26
6893,TOMA-SNC,S,6,2025-09-26
6894,TORN-M10,S,1,2025-09-26
6895,TORN-M4,S,3,2025-09-26
6896,TORN-M6,S,13,2025-09-26
6897,TORN-M8,S,19,2025-09-26
6898,TURC-M6,S,47,2025-09-26
6899,TURC-M8,S,29,2025-09-26
6900,LIJAD-1,E,39,2025-09-27
6901,CLAV-2P,S,1,2025-09-27
6902,CLAV-3P,S,3,2025-09-27
6903,CODE-2P,S,1,2025-09-27
6904,ESMA-NG,S,3,2025-09-27
6905,FOCOS-L15,S,2,2025-09-27
6906,FOCOS-L9,S,1,2025-09-27
6907,LIJAD-1,S,1,2025-09-27
6908,NIVE-60,S,1,2025-09-27
6909,PINT-BL,S,13,2025-09-27
6910,ROLLO-1,S,1,2025-09-27
6911,ROND-M6,S,92,2025-09-27
6912,ROND-M8,S,63,2025-09-27
6913,SELL-TF,S,1,2025-09-27
6914,TOMA-DBL,S,2,2025-09-27
6915,TOMA-SNC,S,9,2025-09-27
6916,TORN-M10,S,15,2025-09-27
6917,TORN-M4,S,1,2025-09-27
6918,TORN-M8,S,10,2025-09-27
6919,TUBO-1P,S,2,2025-09-27
6920,TURC-M6,S,68,2025-09-27
6921,TURC-M8,S,8,2025-09-27
6922,BROD-4P,S,1,2025-09-29
6923,CLAV-3P,S,6,2025-09-29
6924,CODE-1P,S,21,2025-09-29
6925,CODE-2P,S,2,2025-09-29
6926,ESMA-NG,S,3,2025-09-29
6927,FOCOS-L15,S,1,2025-09-29
6928,LIJAD-1,S,1,2025-09-29
6929,PINT-BL,S,5,2025-09-29
6930,ROND-M6,S,18,2025-09-29
6931,ROND-M8,S,44,2025-09-29
6932,SELL-TF,S,2,2025-09-29
6933,TOMA-SNC,S,11,2025-09-29
6934,TORN-M10,S,1,2025-09-29
6935,TORN-M4,S,7,2025-09-29
6936,TORN-M6,S,3,2025-09-29
6937,TORN-M8,S,65,2025-09-29
6938,TURC-M6,S,21,2025-09-29
6939,TURC-M8,S,60,2025-09-29
6940,ESMA-NG,E,44,2025-09-30
6941,LLAV-12,E,35,2025-09-30
6942,CINT-5M,S,1,2025-09-30
6943,CLAV-3P,S,3,2025-09-30
6944,CODE-1P,S,11,2025-09-30
6945,CODE-2P,S,1,2025-09-30
6946,ESMA-NG,S,1,2025-09-30
6947,FOCOS-L9,S,6,2025-09-30
6948,LIJAD-1,S,1,2025-09-30
6949,LLAV-12,S,1,2025-09-30
6950,NIVE-60,S,1,2025-09-30
6951,PINT-BL,S,9,2025-09-30
6952,PINT-GR,S,2,2025-09-30
6953,PLIE-6P,S,2,2025-09-30
6954,ROND-M6,S,23,2025-09-30
6955,ROND-M8,S,7,2025-09-30
6956,SELL-TF,S,1,2025-09-30
6957,TOMA-DBL,S,1,2025-09-30
6958,TOMA-SNC,S,9,2025-09-30
6959,TORN-M10,S,2,2025-09-30
6960,TORN-M4,S,3,2025-09-30
6961,TORN-M6,S,2,2025-09-30
6962,TORN-M8,S,5,2025-09-30
6963,TUBO-1P,S,1,2025-09-30
6964,TURC-M6,S,14,2025-09-30
6965,TURC-M8,S,56,2025-09-30
6966,CINT-5M,S,1,2025-10-01
6967,CLAV-3P,S,5,2025-10-01
6968,CODE-1P,S,7,2025-10-01
6969,CODE-2P,S,2,2025-10-01
6970,FOCOS-L9,S,2,2025-10-01
6971,LIJAD-1,S,4,2025-10-01
6972,MART-2A,S,1,2025-10-01
6973,NIVE-60,S,1,2025-10-01
6974,PINT-BG,S,2,2025-10-01
6975,PINT-BL,S,1,2025-10-01
6976,PLIE-6P,S,1,2025-10-01
6977,ROND-M6,S,25,2025-10-01
6978,ROND-M8,S,9,2025-10-01
6979,SELL-TF,S,2,2025-10-01
6980,SIER-HK,S,1,2025-10-01
6981,TOMA-SNC,S,1,2025-10-01
6982,TORN-M10,S,6,2025-10-01
6983,TORN-M4,S,3,2025-10-01
6984,TORN-M6,S,2,2025-10-01
6985,TORN-M8,S,14,2025-10-01
6986,TURC-M6,S,32,2025-10-01
6987,TURC-M8,S,51,2025-10-01
6988,CINT-5M,S,2,2025-10-02
6989,CLAV-3P,S,4,2025-10-02
6990,CODE-1P,S,12,2025-10-02
6991,CODE-2P,S,2,2025-10-02
6992,FOCOS-L15,S,1,2025-10-02
6993,FOCOS-L9,S,1,2025-10-02
6994,INTE-SNC,S,2,2025-10-02
6995,MART-2A,S,2,2025-10-02
6996,NIVE-60,S,1,2025-10-02
6997,PINT-BG,S,2,2025-10-02
6998,PINT-BL,S,2,2025-10-02
6999,ROND-M6,S,44,2025-10-02
7000,ROND-M8,S,21,2025-10-02
7001,SIER-C1,S,1,2025-10-02
7002,TOMA-SNC,S,5,2025-10-02
7003,TORN-M10,S,3,2025-10-02
7004,TORN-M4,S,1,2025-10-02
7005,TORN-M6,S,9,2025-10-02
7006,TORN-M8,S,7,2025-10-02
7007,TUBO-1P,S,1,2025-10-02
7008,TURC-M6,S,131,2025-10-02
7009,TURC-M8,S,2,2025-10-02
7010,BROD-4P,S,1,2025-10-03
7011,CABL-12,S,9,2025-10-03
7012,CLAV-2P,S,1,2025-10-03
7013,CLAV-3P,S,2,2025-10-03
7014,CODE-1P,S,5,2025-10-03
7015,ESMA-NG,S,1,2025-10-03
7016,FOCOS-L15,S,1,2025-10-03
7017,FOCOS-L9,S,5,2025-10-03
7018,LLAV-12,S,1,2025-10-03
7019,NIVE-60,S,1,2025-10-03
7020,PINT-BL,S,3,2025-10-03
7021,ROND-M6,S,16,2025-10-03
7022,ROND-M8,S,39,2025-10-03
7023,SELL-TF,S,1,2025-10-03
7024,TOMA-DBL,S,2,2025-10-03
7025,TOMA-SNC,S,26,2025-10-03
7026,TORN-M10,S,8,2025-10-03
7027,TORN-M4,S,5,2025-10-03
7028,TORN-M6,S,7,2025-10-03
7029,TORN-M8,S,2,2025-10-03
7030,TURC-M6,S,32,2025-10-03
7031,TURC-M8,S,70,2025-10-03
7032,CINT-5M,S,1,2025-10-04
7033,CLAV-3P,S,3,2025-10-04
7034,CODE-1P,S,10,2025-10-04
7035,CODE-2P,S,2,2025-10-04
7036,FOCOS-L15,S,1,2025-10-04
7037,FOCOS-L9,S,2,2025-10-04
7038,MART-2A,S,1,2025-10-04
7039,PINT-BL,S,3,2025-10-04
7040,PLIE-6P,S,1,2025-10-04
7041,ROND-M6,S,11,2025-10-04
7042,ROND-M8,S,38,2025-10-04
7043,SIER-HK,S,1,2025-10-04
7044,TOMA-SNC,S,21,2025-10-04
7045,TORN-M10,S,1,2025-10-04
7046,TORN-M4,S,3,2025-10-04
7047,TORN-M6,S,4,2025-10-04
7048,TORN-M8,S,18,2025-10-04
7049,TURC-M6,S,64,2025-10-04
7050,TURC-M8,S,16,2025-10-04
7051,TALDR-1,E,6,2025-10-06
7052,CLAV-3P,S,1,2025-10-06
7053,CODE-1P,S,5,2025-10-06
7054,CODE-2P,S,1,2025-10-06
7055,ESMA-NG,S,1,2025-10-06
7056,FOCOS-L15,S,2,2025-10-06
7057,FOCOS-L9,S,3,2025-10-06
7058,INTE-SNC,S,1,2025-10-06
7059,MART-2A,S,1,2025-10-06
7060,PINT-BL,S,2,2025-10-06
7061,ROND-M6,S,24,2025-10-06
7062,ROND-M8,S,29,2025-10-06
7063,TOMA-SNC,S,5,2025-10-06
7064,TORN-M10,S,9,2025-10-06
7065,TORN-M4,S,4,2025-10-06
7066,TORN-M6,S,3,2025-10-06
7067,TORN-M8,S,17,2025-10-06
7068,TURC-M6,S,145,2025-10-06
7069,TURC-M8,S,40,2025-10-06
7070,TORN-M8,E,700,2025-10-07
7071,BROD-2P,S,1,2025-10-07
7072,BROD-4P,S,1,2025-10-07
7073,CINT-5M,S,2,2025-10-07
7074,CLAV-3P,S,3,2025-10-07
7075,CODE-1P,S,2,2025-10-07
7076,FOCOS-L9,S,2,2025-10-07
7077,LIJAD-1,S,1,2025-10-07
7078,LLAV-12,S,1,2025-10-07
7079,MART-2A,S,1,2025-10-07
7080,PINT-BL,S,1,2025-10-07
7081,ROND-M6,S,101,2025-10-07
7082,ROND-M8,S,28,2025-10-07
7083,SELL-TF,S,1,2025-10-07
7084,TOMA-SNC,S,1,2025-10-07
7085,TORN-M10,S,2,2025-10-07
7086,TORN-M4,S,1,2025-10-07
7087,TORN-M6,S,18,2025-10-07
7088,TORN-M8,S,26,2025-10-07
7089,TURC-M6,S,159,2025-10-07
7090,TURC-M8,S,71,2025-10-07
7091,TOMA-DBL,E,65,2025-10-08
7092,CLAV-3P,S,3,2025-10-08
7093,CODE-1P,S,13,2025-10-08
7094,ESMA-NG,S,3,2025-10-08
7095,FOCOS-L15,S,5,2025-10-08
7096,FOCOS-L9,S,4,2025-10-08
7097,LIJAD-1,S,1,2025-10-08
7098,LLAV-12,S,1,2025-10-08
7099,MART-2A,S,1,2025-10-08
7100,PINT-BL,S,9,2025-10-08
7101,PLIE-6P,S,1,2025-10-08
7102,ROND-M6,S,10,2025-10-08
7103,ROND-M8,S,31,2025-10-08
7104,TALDR-1,S,1,2025-10-08
7105,TOMA-SNC,S,10,2025-10-08
7106,TORN-M10,S,10,2025-10-08
7107,TORN-M4,S,4,2025-10-08
7108,TORN-M6,S,7,2025-10-08
7109,TORN-M8,S,18,2025-10-08
7110,TURC-M6,S,18,2025-10-08
7111,TURC-M8,S,40,2025-10-08
7112,CLAV-2P,S,2,2025-10-09
7113,CLAV-3P,S,2,2025-10-09
7114,CODE-1P,S,12,2025-10-09
7115,CODE-2P,S,1,2025-10-09
7116,ESMA-NG,S,1,2025-10-09
7117,FOCOS-L15,S,1,2025-10-09
7118,FOCOS-L9,S,1,2025-10-09
7119,PINT-BG,S,1,2025-10-09
7120,PINT-BL,S,5,2025-10-09
7121,PLIE-6P,S,3,2025-10-09
7122,ROND-M6,S,38,2025-10-09
7123,ROND-M8,S,3,2025-10-09
7124,SELL-TF,S,2,2025-10-09
7125,TOMA-SNC,S,33,2025-10-09
7126,TORN-M10,S,7,2025-10-09
7127,TORN-M4,S,2,2025-10-09
7128,TORN-M6,S,7,2025-10-09
7129,TORN-M8,S,2,2025-10-09
7130,TURC-M6,S,241,2025-10-09
7131,TURC-M8,S,118,2025-10-09
7132,TOMA-SNC,E,510,2025-10-10
7133,BROD-4P,S,1,2025-10-10
7134,CINT-5M,S,1,2025-10-10
7135,CLAV-2P,S,1,2025-10-10
7136,CLAV-3P,S,1,2025-10-10
7137,CODE-1P,S,7,2025-10-10
7138,CODE-2P,S,3,2025-10-10
7139,DEST-PL6,S,1,2025-10-10
7140,ESMER-2,S,1,2025-10-10
7141,INTE-SNC,S,1,2025-10-10
7142,LIJAD-1,S,1,2025-10-10
7143,LLAV-12,S,1,2025-10-10
7144,MART-2A,S,1,2025-10-10
7145,PINT-BG,S,3,2025-10-10
7146,PINT-BL,S,1,2025-10-10
7147,PLIE-6P,S,1,2025-10-10
7148,ROND-M6,S,16,2025-10-10
7149,ROND-M8,S,65,2025-10-10
7150,SELL-TF,S,2,2025-10-10
7151,TABL-1P,S,1,2025-10-10
7152,TOMA-SNC,S,11,2025-10-10
7153,TORN-M10,S,11,2025-10-10
7154,TORN-M4,S,3,2025-10-10
7155,TORN-M6,S,2,2025-10-10
7156,TORN-M8,S,26,2025-10-10
7157,TURC-M6,S,72,2025-10-10
7158,TURC-M8,S,103,2025-10-10
7159,CINT-5M,S,2,2025-10-11
7160,CLAV-2P,S,3,2025-10-11
7161,CODE-1P,S,6,2025-10-11
7162,CODE-2P,S,2,2025-10-11
7163,DEST-PH2,S,2,2025-10-11
7164,ESMA-NG,S,1,2025-10-11
7165,FOCOS-L15,S,1,2025-10-11
7166,FOCOS-L9,S,3,2025-10-11
7167,MART-2A,S,1,2025-10-11
7168,NIVE-60,S,1,2025-10-11
7169,PINT-BL,S,1,2025-10-11
7170,PINT-GR,S,1,2025-10-11
7171,ROND-M6,S,39,2025-10-11
7172,ROND-M8,S,9,2025-10-11
7173,TOMA-SNC,S,35,2025-10-11
7174,TORN-M4,S,4,2025-10-11
7175,TORN-M6,S,1,2025-10-11
7176,TORN-M8,S,6,2025-10-11
7177,TUBO-1P,S,1,2025-10-11
7178,TURC-M6,S,11,2025-10-11
7179,TURC-M8,S,8,2025-10-11
7180,SOPLA-1,E,4,2025-10-13
7181,ESMA-NG,S,2,2025-10-13
7182,FOCOS-L15,S,1,2025-10-13
7183,FOCOS-L9,S,2,2025-10-13
7184,LIJAD-1,S,2,2025-10-13
7185,NIVE-60,S,1,2025-10-13
7186,PINT-BG,S,2,2025-10-13
7187,PINT-BL,S,1,2025-10-13
7188,ROND-M6,S,20,2025-10-13
7189,ROND-M8,S,13,2025-10-13
7190,SELL-TF,S,1,2025-10-13
7191,TOMA-DBL,S,1,2025-10-13
7192,TOMA-SNC,S,13,2025-10-13
7193,TORN-M10,S,17,2025-10-13
7194,TORN-M4,S,4,2025-10-13
7195,TORN-M6,S,8,2025-10-13
7196,TORN-M8,S,17,2025-10-13
7197,TUBO-1P,S,1,2025-10-13
7198,TURC-M6,S,49,2025-10-13
7199,TURC-M8,S,26,2025-10-13
7200,CLAV-3P,S,4,2025-10-14
7201,CODE-1P,S,2,2025-10-14
7202,CODE-2P,S,2,2025-10-14
7203,DEST-PH2,S,1,2025-10-14
7204,ESMA-NG,S,1,2025-10-14
7205,FOCOS-L15,S,1,2025-10-14
7206,FOCOS-L9,S,1,2025-10-14
7207,LIJAD-1,S,1,2025-10-14
7208,MART-2A,S,2,2025-10-14
7209,PINT-BL,S,3,2025-10-14
7210,ROND-M6,S,35,2025-10-14
7211,ROND-M8,S,30,2025-10-14
7212,SELL-TF,S,1,2025-10-14
7213,TOMA-SNC,S,10,2025-10-14
7214,TORN-M10,S,2,2025-10-14
7215,TORN-M4,S,4,2025-10-14
7216,TORN-M6,S,5,2025-10-14
7217,TORN-M8,S,23,2025-10-14
7218,TURC-M6,S,10,2025-10-14
7219,TURC-M8,S,7,2025-10-14
7220,PLIE-6P,E,16,2025-10-15
7221,TUBO-1P,E,30,2025-10-15
7222,CINT-5M,S,4,2025-10-15
7223,CLAV-2P,S,1,2025-10-15
7224,CLAV-3P,S,1,2025-10-15
7225,CODE-1P,S,13,2025-10-15
7226,CODE-2P,S,1,2025-10-15
7227,ESMA-NG,S,2,2025-10-15
7228,FOCOS-L15,S,1,2025-10-15
7229,FOCOS-L9,S,2,2025-10-15
7230,INTE-SNC,S,1,2025-10-15
7231,LIAV-10,S,1,2025-10-15
7232,LIJAD-1,S,1,2025-10-15
7233,LLAV-12,S,1,2025-10-15
7234,PINT-BG,S,3,2025-10-15
7235,PINT-BL,S,6,2025-10-15
7236,ROND-M6,S,21,2025-10-15
7237,ROND-M8,S,45,2025-10-15
7238,SELL-TF,S,2,2025-10-15
7239,SIER-C1,S,1,2025-10-15
7240,TOMA-SNC,S,18,2025-10-15
7241,TORN-M10,S,3,2025-10-15
7242,TORN-M4,S,4,2025-10-15
7243,TORN-M8,S,33,2025-10-15
7244,TURC-M6,S,110,2025-10-15
7245,TURC-M8,S,29,2025-10-15
7246,CINT-5M,E,20,2025-10-16
7247,CLAV-2P,S,3,2025-10-16
7248,CLAV-3P,S,1,2025-10-16
7249,CODE-1P,S,5,2025-10-16
7250,CODE-2P,S,4,2025-10-16
7251,DEST-PH2,S,1,2025-10-16
7252,ESMA-NG,S,2,2025-10-16
7253,FOCOS-L9,S,1,2025-10-16
7254,LIJAD-1,S,2,2025-10-16
7255,NIVE-60,S,1,2025-10-16
7256,PINT-BG,S,2,2025-10-16
7257,PINT-BL,S,5,2025-10-16
7258,ROND-M6,S,3,2025-10-16
7259,ROND-M8,S,24,2025-10-16
7260,SOPLA-1,S,1,2025-10-16
7261,TOMA-DBL,S,1,2025-10-16
7262,TOMA-SNC,S,18,2025-10-16
7263,TORN-M10,S,8,2025-10-16
7264,TORN-M4,S,2,2025-10-16
7265,TORN-M6,S,8,2025-10-16
7266,TORN-M8,S,11,2025-10-16
7267,TURC-M6,S,61,2025-10-16
7268,TURC-M8,S,93,2025-10-16
7269,CINT-5M,S,1,2025-10-17
7270,CLAV-3P,S,1,2025-10-17
7271,ESMA-NG,S,1,2025-10-17
7272,FOCOS-L9,S,4,2025-10-17
7273,LIJAD-1,S,1,2025-10-17
7274,PINT-BL,S,1,2025-10-17
7275,PINT-GR,S,2,2025-10-17
7276,ROND-M6,S,17,2025-10-17
7277,ROND-M8,S,35,2025-10-17
7278,SELL-TF,S,1,2025-10-17
7279,TORN-M4,S,11,2025-10-17
7280,TORN-M6,S,8,2025-10-17
7281,TORN-M8,S,16,2025-10-17
7282,TURC-M6,S,58,2025-10-17
7283,TURC-M8,S,33,2025-10-17
7284,BROD-2P,S,1,2025-10-18
7285,CODE-1P,S,16,2025-10-18
7286,CODE-2P,S,4,2025-10-18
7287,ESMA-NG,S,3,2025-10-18
7288,FOCOS-L9,S,1,2025-10-18
7289,LIJAD-1,S,1,2025-10-18
7290,MART-2A,S,1,2025-10-18
7291,PINT-BL,S,9,2025-10-18
7292,ROLLO-1,S,3,2025-10-18
7293,ROND-M6,S,17,2025-10-18
7294,ROND-M8,S,7,2025-10-18
7295,SELL-TF,S,2,2025-10-18
7296,SIER-HK,S,1,2025-10-18
7297,TOMA-SNC,S,7,2025-10-18
7298,TORN-M10,S,12,2025-10-18
7299,TORN-M4,S,15,2025-10-18
7300,TORN-M6,S,2,2025-10-18
7301,TORN-M8,S,4,2025-10-18
7302,TURC-M6,S,87,2025-10-18
7303,TURC-M8,S,26,2025-10-18
7304,CLAV-2P,S,1,2025-10-20
7305,CLAV-3P,S,2,2025-10-20
7306,CODE-1P,S,6,2025-10-20
7307,CODE-2P,S,1,2025-10-20
7308,FOCOS-L9,S,1,2025-10-20
7309,LIJAD-1,S,3,2025-10-20
7310,LLAV-12,S,1,2025-10-20
7311,PINT-BL,S,3,2025-10-20
7312,ROND-M6,S,17,2025-10-20
7313,ROND-M8,S,8,2025-10-20
7314,TOMA-SNC,S,7,2025-10-20
7315,TORN-M10,S,9,2025-10-20
7316,TORN-M8,S,19,2025-10-20
7317,TURC-M6,S,41,2025-10-20
7318,TURC-M8,S,52,2025-10-20
7319,BROD-4P,S,1,2025-10-21
7320,CLAV-3P,S,6,2025-10-21
7321,CODE-1P,S,5,2025-10-21
7322,CODE-2P,S,1,2025-10-21
7323,ESMA-BL,S,1,2025-10-21
7324,ESMER-2,S,1,2025-10-21
7325,FOCOS-L15,S,2,2025-10-21
7326,INTE-SNC,S,1,2025-10-21
7327,LIJAD-1,S,1,2025-10-21
7328,LLAV-12,S,1,2025-10-21
7329,NIVE-60,S,1,2025-10-21
7330,PINT-BL,S,7,2025-10-21
7331,PINT-GR,S,1,2025-10-21
7332,PLIE-6P,S,2,2025-10-21
7333,ROND-M6,S,28,2025-10-21
7334,ROND-M8,S,37,2025-10-21
7335,SELL-TF,S,1,2025-10-21
7336,TOMA-DBL,S,1,2025-10-21
7337,TOMA-SNC,S,12,2025-10-21
7338,TORN-M10,S,6,2025-10-21
7339,TORN-M4,S,3,2025-10-21
7340,TORN-M6,S,2,2025-10-21
7341,TORN-M8,S,11,2025-10-21
7342,TURC-M6,S,32,2025-10-21
7343,TURC-M8,S,34,2025-10-21
7344,CLAV-3P,S,2,2025-10-22
7345,CODE-1P,S,12,2025-10-22
7346,CODE-2P,S,1,2025-10-22
7347,DEST-PH2,S,1,2025-10-22
7348,ESMA-NG,S,1,2025-10-22
7349,ESMER-1,S,1,2025-10-22
7350,FOCOS-L15,S,1,2025-10-22
7351,LIJAD-1,S,1,2025-10-22
7352,LLAV-12,S,1,2025-10-22
7353,PINT-BG,S,1,2025-10-22
7354,PINT-BL,S,3,2025-10-22
7355,ROND-M6,S,37,2025-10-22
7356,ROND-M8,S,6,2025-10-22
7357,SIER-HK,S,1,2025-10-22
7358,TORN-M10,S,11,2025-10-22
7359,TORN-M4,S,8,2025-10-22
7360,TORN-M6,S,3,2025-10-22
7361,TORN-M8,S,13,2025-10-22
7362,TURC-M6,S,7,2025-10-22
7363,TURC-M8,S,59,2025-10-22
7364,CODE-2P,E,120,2025-10-23
7365,TORN-M10,E,450,2025-10-23
7366,BROD-4P,S,3,2025-10-23
7367,CLAV-2P,S,2,2025-10-23
7368,CLAV-3P,S,2,2025-10-23
7369,CODE-1P,S,6,2025-10-23
7370,FOCOS-L15,S,1,2025-10-23
7371,FOCOS-L9,S,1,2025-10-23
7372,LIAV-10,S,1,2025-10-23
7373,LIJAD-1,S,1,2025-10-23
7374,MART-2A,S,1,2025-10-23
7375,PINT-BL,S,1,2025-10-23
7376,ROND-M6,S,26,2025-10-23
7377,ROND-M8,S,14,2025-10-23
7378,SELL-TF,S,2,2025-10-23
7379,TOMA-SNC,S,3,2025-10-23
7380,TORN-M10,S,3,2025-10-23
7381,TORN-M4,S,4,2025-10-23
7382,TORN-M6,S,5,2025-10-23
7383,TORN-M8,S,3,2025-10-23
7384,TURC-M6,S,60,2025-10-23
7385,TURC-M8,S,28,2025-10-23
7386,CLAV-2P,S,2,2025-10-24
7387,CLAV-3P,S,5,2025-10-24
7388,CODE-1P,S,18,2025-10-24
7389,CODE-2P,S,4,2025-10-24
7390,DEST-PL6,S,2,2025-10-24
7391,ESMA-NG,S,1,2025-10-24
7392,FOCOS-L15,S,1,2025-10-24
7393,FOCOS-L9,S,1,2025-10-24
7394,LIJAD-1,S,1,2025-10-24
7395,LLAV-12,S,3,2025-10-24
7396,PINT-BG,S,1,2025-10-24
7397,PINT-BL,S,3,2025-10-24
7398,ROND-M6,S,29,2025-10-24
7399,ROND-M8,S,30,2025-10-24
7400,SELL-TF,S,2,2025-10-24
7401,SIER-HK,S,1,2025-10-24
7402,TOMA-SNC,S,9,2025-10-24
7403,TORN-M10,S,10,2025-10-24
7404,TORN-M4,S,1,2025-10-24
7405,TORN-M6,S,4,2025-10-24
7406,TORN-M8,S,15,2025-10-24
7407,TURC-M6,S,16,2025-10-24
7408,TURC-M8,S,23,2025-10-24
7409,SIER-C1,E,4,2025-10-25
7410,CLAV-3P,S,3,2025-10-25
7411,CODE-1P,S,7,2025-10-25
7412,FOCOS-L15,S,1,2025-10-25
7413,FOCOS-L9,S,2,2025-10-25
7414,INTE-SNC,S,1,2025-10-25
7415,LIJAD-1,S,1,2025-10-25
7416,LLAV-12,S,1,2025-10-25
7417,NIVE-60,S,1,2025-10-25
7418,PINT-BG,S,3,2025-10-25
7419,PINT-BL,S,4,2025-10-25
7420,PLIE-8P,S,1,2025-10-25
7421,ROND-M6,S,33,2025-10-25
7422,ROND-M8,S,32,2025-10-25
7423,SELL-TF,S,3,2025-10-25
7424,TORN-M10,S,20,2025-10-25
7425,TORN-M4,S,12,2025-10-25
7426,TORN-M6,S,11,2025-10-25
7427,TORN-M8,S,4,2025-10-25
7428,TUBO-1P,S,1,2025-10-25
7429,TURC-M6,S,34,2025-10-25
7430,TURC-M8,S,16,2025-10-25
7431,CLAV-3P,E,140,2025-10-27
7432,BROD-4P,S,1,2025-10-27
7433,CINT-5M,S,2,2025-10-27
7434,CLAV-3P,S,2,2025-10-27
7435,CODE-1P,S,8,2025-10-27
7436,DEST-PL6,S,1,2025-10-27
7437,ESMA-NG,S,2,2025-10-27
7438,FOCOS-L9,S,1,2025-10-27
7439,PINT-BG,S,2,2025-10-27
7440,PINT-BL,S,2,2025-10-27
7441,ROND-M6,S,47,2025-10-27
7442,ROND-M8,S,27,2025-10-27
7443,SIER-HK,S,1,2025-10-27
7444,TOMA-DBL,S,2,2025-10-27
7445,TOMA-SNC,S,17,2025-10-27
7446,TORN-M10,S,1,2025-10-27
7447,TORN-M4,S,2,2025-10-27
7448,TORN-M6,S,13,2025-10-27
7449,TORN-M8,S,13,2025-10-27
7450,TURC-M6,S,75,2025-10-27
7451,TURC-M8,S,25,2025-10-27
7452,CODE-1P,E,300,2025-10-28
7453,BROD-4P,S,1,2025-10-28
7454,CLAV-3P,S,4,2025-10-28
7455,CODE-1P,S,3,2025-10-28
7456,CODE-2P,S,1,2025-10-28
7457,DEST-PL6,S,1,2025-10-28
7458,ESMA-NG,S,1,2025-10-28
7459,FOCOS-L15,S,1,2025-10-28
7460,FOCOS-L9,S,2,2025-10-28
7461,LIJAD-1,S,1,2025-10-28
7462,LLAV-12,S,1,2025-10-28
7463,PINT-BG,S,1,2025-10-28
7464,PINT-BL,S,4,2025-10-28
7465,PINT-GR,S,1,2025-10-28
7466,ROLLO-1,S,1,2025-10-28
7467,ROND-M6,S,13,2025-10-28
7468,ROND-M8,S,27,2025-10-28
7469,SELL-TF,S,2,2025-10-28
7470,TALDR-1,S,1,2025-10-28
7471,TOMA-SNC,S,11,2025-10-28
7472,TORN-M10,S,11,2025-10-28
7473,TORN-M4,S,6,2025-10-28
7474,TORN-M6,S,8,2025-10-28
7475,TORN-M8,S,8,2025-10-28
7476,TURC-M6,S,113,2025-10-28
7477,TURC-M8,S,19,2025-10-28
7478,BROD-2P,S,1,2025-10-29
7479,CLAV-2P,S,1,2025-10-29
7480,CLAV-3P,S,1,2025-10-29
7481,CODE-1P,S,1,2025-10-29
7482,CODE-2P,S,1,2025-10-29
7483,DEST-PH2,S,1,2025-10-29
7484,DEST-PL6,S,3,2025-10-29
7485,FOCOS-L15,S,1,2025-10-29
7486,INTE-SNC,S,2,2025-10-29
7487,LIJAD-1,S,2,2025-10-29
7488,PINT-BG,S,2,2025-10-29
7489,PINT-BL,S,3,2025-10-29
7490,PINT-GR,S,1,2025-10-29
7491,ROND-M6,S,14,2025-10-29
7492,ROND-M8,S,20,2025-10-29
7493,SELL-TF,S,3,2025-10-29
7494,TOMA-SNC,S,1,2025-10-29
7495,TORN-M10,S,1,2025-10-29
7496,TORN-M6,S,9,2025-10-29
7497,TORN-M8,S,32,2025-10-29
7498,TURC-M6,S,30,2025-10-29
7499,TURC-M8,S,14,2025-10-29
7500,CINT-5M,S,1,2025-10-30
7501,CLAV-2P,S,1,2025-10-30
7502,CLAV-3P,S,2,2025-10-30
7503,CODE-1P,S,3,2025-10-30
7504,CODE-2P,S,2,2025-10-30
7505,ESMA-BL,S,1,2025-10-30
7506,PLIE-6P,S,1,2025-10-30
7507,ROND-M6,S,42,2025-10-30
7508,ROND-M8,S,9,2025-10-30
7509,SELL-TF,S,2,2025-10-30
7510,TOMA-SNC,S,22,2025-10-30
7511,TORN-M10,S,9,2025-10-30
7512,TORN-M4,S,6,2025-10-30
7513,TORN-M8,S,7,2025-10-30
7514,TUBO-2P,S,21,2025-10-30
7515,TURC-M6,S,141,2025-10-30
7516,TURC-M8,S,57,2025-10-30
7517,BROD-4P,S,1,2025-10-31
7518,CALAD-1,S,1,2025-10-31
7519,CLAV-3P,S,4,2025-10-31
7520,CODE-2P,S,1,2025-10-31
7521,ESMA-NG,S,2,2025-10-31
7522,FOCOS-L15,S,2,2025-10-31
7523,LIJAD-1,S,3,2025-10-31
7524,LLAV-12,S,1,2025-10-31
7525,MART-2A,S,2,2025-10-31
7526,PINT-BG,S,2,2025-10-31
7527,PINT-BL,S,9,2025-10-31
7528,ROND-M6,S,29,2025-10-31
7529,ROND-M8,S,20,2025-10-31
7530,TOMA-SNC,S,33,2025-10-31
7531,TORN-M10,S,3,2025-10-31
7532,TORN-M6,S,9,2025-10-31
7533,TORN-M8,S,8,2025-10-31
7534,TURC-M6,S,30,2025-10-31
7535,TURC-M8,S,31,2025-10-31
7536,CABL-14,S,6,2025-11-01
7537,CLAV-3P,S,1,2025-11-01
7538,CODE-1P,S,10,2025-11-01
7539,FOCOS-L15,S,2,2025-11-01
7540,FOCOS-L9,S,11,2025-11-01
7541,INTE-SNC,S,1,2025-11-01
7542,LLAV-12,S,2,2025-11-01
7543,PINT-BG,S,2,2025-11-01
7544,PINT-BL,S,8,2025-11-01
7545,PINT-GR,S,1,2025-11-01
7546,ROND-M6,S,37,2025-11-01
7547,ROND-M8,S,37,2025-11-01
7548,TOMA-SNC,S,12,2025-11-01
7549,TORN-M10,S,15,2025-11-01
7550,TORN-M4,S,1,2025-11-01
7551,TORN-M6,S,1,2025-11-01
7552,TORN-M8,S,15,2025-11-01
7553,TURC-M6,S,48,2025-11-01
7554,TURC-M8,S,27,2025-11-01
7555,BROD-4P,E,30,2025-11-03
7556,NIVE-60,E,20,2025-11-03
7557,TUBO-2P,E,38,2025-11-03
7558,CABL-12,S,11,2025-11-03
7559,DEST-PL6,S,1,2025-11-03
7560,LIJAD-1,S,3,2025-11-03
7561,MART-2A,S,2,2025-11-03
7562,PINT-BL,S,4,2025-11-03
7563,PINT-GR,S,1,2025-11-03
7564,ROND-M6,S,29,2025-11-03
7565,ROND-M8,S,8,2025-11-03
7566,TORN-M10,S,6,2025-11-03
7567,TORN-M4,S,3,2025-11-03
7568,TORN-M6,S,6,2025-11-03
7569,TORN-M8,S,9,2025-11-03
7570,TURC-M6,S,147,2025-11-03
7571,TURC-M8,S,26,2025-11-03
7572,SIER-HK,E,16,2025-11-04
7573,BROD-2P,S,1,2025-11-04
7574,CLAV-3P,S,1,2025-11-04
7575,CODE-1P,S,3,2025-11-04
7576,CODE-2P,S,1,2025-11-04
7577,DEST-PL6,S,1,2025-11-04
7578,ESMA-NG,S,1,2025-11-04
7579,FOCOS-L9,S,1,2025-11-04
7580,LIJAD-1,S,1,2025-11-04
7581,PINT-GR,S,2,2025-11-04
7582,ROND-M6,S,12,2025-11-04
7583,ROND-M8,S,24,2025-11-04
7584,TOMA-SNC,S,27,2025-11-04
7585,TORN-M10,S,4,2025-11-04
7586,TORN-M4,S,4,2025-11-04
7587,TORN-M6,S,1,2025-11-04
7588,TUBO-2P,S,17,2025-11-04
7589,TURC-M6,S,31,2025-11-04
7590,TURC-M8,S,4,2025-11-04
7591,TURC-M8,E,1450,2025-11-05
7592,BROD-4P,S,1,2025-11-05
7593,CLAV-3P,S,1,2025-11-05
7594,CODE-1P,S,6,2025-11-05
7595,CODE-2P,S,4,2025-11-05
7596,DEST-PH2,S,2,2025-11-05
7597,ESMA-NG,S,1,2025-11-05
7598,FOCOS-L15,S,2,2025-11-05
7599,INTE-SNC,S,1,2025-11-05
7600,LIAV-10,S,1,2025-11-05
7601,LIJAD-1,S,3,2025-11-05
7602,LLAV-12,S,4,2025-11-05
7603,PINT-BL,S,11,2025-11-05
7604,ROND-M6,S,39,2025-11-05
7605,ROND-M8,S,3,2025-11-05
7606,SIER-HK,S,1,2025-11-05
7607,TOMA-SNC,S,23,2025-11-05
7608,TORN-M10,S,1,2025-11-05
7609,TORN-M6,S,6,2025-11-05
7610,TORN-M8,S,3,2025-11-05
7611,TUBO-2P,S,13,2025-11-05
7612,TURC-M6,S,65,2025-11-05
7613,TURC-M8,S,13,2025-11-05
7614,TURC-M6,E,3000,2025-11-06
7615,CLAV-2P,S,1,2025-11-06
7616,CLAV-3P,S,1,2025-11-06
7617,CODE-1P,S,8,2025-11-06
7618,ESMA-NG,S,1,2025-11-06
7619,FOCOS-L9,S,2,2025-11-06
7620,LIJAD-1,S,1,2025-11-06
7621,LLAV-12,S,1,2025-11-06
7622,MART-2A,S,6,2025-11-06
7623,PINT-BL,S,4,2025-11-06
7624,PLIE-8P,S,3,2025-11-06
7625,ROND-M6,S,21,2025-11-06
7626,ROND-M8,S,36,2025-11-06
7627,TOMA-SNC,S,4,2025-11-06
7628,TORN-M10,S,4,2025-11-06
7629,TORN-M4,S,5,2025-11-06
7630,TORN-M6,S,8,2025-11-06
7631,TORN-M8,S,4,2025-11-06
7632,TUBO-2P,S,16,2025-11-06
7633,TURC-M6,S,136,2025-11-06
7634,TURC-M8,S,46,2025-11-06
7635,ROLLO-1,E,20,2025-11-07
7636,BROD-2P,S,1,2025-11-07
7637,CLAV-3P,S,1,2025-11-07
7638,CODE-1P,S,5,2025-11-07
7639,CODE-2P,S,1,2025-11-07
7640,FOCOS-L15,S,1,2025-11-07
7641,LIJAD-1,S,1,2025-11-07
7642,MART-1A,S,1,2025-11-07
7643,MART-2A,S,1,2025-11-07
7644,NIVE-60,S,1,2025-11-07
7645,PINT-BG,S,1,2025-11-07
7646,PINT-BL,S,4,2025-11-07
7647,PINT-GR,S,1,2025-11-07
7648,ROND-M6,S,28,2025-11-07
7649,ROND-M8,S,32,2025-11-07
7650,SELL-TF,S,1,2025-11-07
7651,SOPLA-1,S,1,2025-11-07
7652,TOMA-SNC,S,3,2025-11-07
7653,TORN-M10,S,5,2025-11-07
7654,TORN-M4,S,3,2025-11-07
7655,TORN-M8,S,23,2025-11-07
7656,TURC-M6,S,95,2025-11-07
7657,TURC-M8,S,76,2025-11-07
7658,DEST-PH2,E,30,2025-11-08
7659,CABL-12,S,9,2025-11-08
7660,CLAV-3P,S,2,2025-11-08
7661,CODE-1P,S,4,2025-11-08
7662,CODE-2P,S,1,2025-11-08
7663,ESMA-NG,S,1,2025-11-08
7664,LLAV-12,S,1,2025-11-08
7665,PINT-BL,S,10,2025-11-08
7666,PINT-GR,S,3,2025-11-08
7667,ROND-M6,S,23,2025-11-08
7668,ROND-M8,S,15,2025-11-08
7669,SELL-TF,S,4,2025-11-08
7670,TOMA-DBL,S,1,2025-11-08
7671,TOMA-SNC,S,10,2025-11-08
7672,TORN-M10,S,2,2025-11-08
7673,TORN-M6,S,1,2025-11-08
7674,TORN-M8,S,16,2025-11-08
7675,TURC-M6,S,22,2025-11-08
7676,TURC-M8,S,39,2025-11-08
7677,PINT-BG,E,38,2025-11-10
7678,PINT-BL,E,200,2025-11-10
7679,CABL-12,S,5,2025-11-10
7680,CABL-14,S,9,2025-11-10
7681,CLAV-3P,S,1,2025-11-10
7682,CODE-1P,S,8,2025-11-10
7683,CODE-2P,S,6,2025-11-10
7684,DEST-PL6,S,1,2025-11-10
7685,ESMA-BL,S,1,2025-11-10
7686,FOCOS-L9,S,2,2025-11-10
7687,PINT-BL,S,1,2025-11-10
7688,PINT-GR,S,2,2025-11-10
7689,ROND-M6,S,34,2025-11-10
7690,ROND-M8,S,25,2025-11-10
7691,SELL-TF,S,1,2025-11-10
7692,TOMA-SNC,S,12,2025-11-10
7693,TORN-M10,S,1,2025-11-10
7694,TORN-M6,S,9,2025-11-10
7695,TORN-M8,S,51,2025-11-10
7696,TURC-M6,S,151,2025-11-10
7697,TURC-M8,S,44,2025-11-10
7698,TUBO-2P,E,46,2025-11-11
7699,CODE-2P,S,2,2025-11-11
7700,FOCOS-L15,S,3,2025-11-11
7701,FOCOS-L9,S,2,2025-11-11
7702,LIJAD-1,S,2,2025-11-11
7703,LLAV-12,S,1,2025-11-11
7704,MART-2A,S,1,2025-11-11
7705,PINT-BL,S,3,2025-11-11
7706,PLIE-6P,S,2,2025-11-11
7707,ROND-M6,S,16,2025-11-11
7708,ROND-M8,S,8,2025-11-11
7709,TOMA-SNC,S,2,2025-11-11
7710,TORN-M10,S,5,2025-11-11
7711,TORN-M4,S,3,2025-11-11
7712,TORN-M8,S,31,2025-11-11
7713,TURC-M6,S,52,2025-11-11
7714,TURC-M8,S,28,2025-11-11
7715,CALAD-1,E,8,2025-11-12
7716,CINT-5M,S,1,2025-11-12
7717,CLAV-3P,S,2,2025-11-12
7718,CODE-1P,S,2,2025-11-12
7719,CODE-2P,S,1,2025-11-12
7720,DEST-PL6,S,1,2025-11-12
7721,ESMA-NG,S,2,2025-11-12
7722,ESMER-2,S,1,2025-11-12
7723,FOCOS-L15,S,1,2025-11-12
7724,FOCOS-L9,S,4,2025-11-12
7725,LIAV-10,S,2,2025-11-12
7726,LIJAD-1,S,6,2025-11-12
7727,LLAV-12,S,3,2025-11-12
7728,NIVE-60,S,2,2025-11-12
7729,PINT-BG,S,1,2025-11-12
7730,PINT-BL,S,6,2025-11-12
7731,PLIE-6P,S,1,2025-11-12
7732,ROND-M6,S,20,2025-11-12
7733,ROND-M8,S,11,2025-11-12
7734,TOMA-SNC,S,12,2025-11-12
7735,TORN-M10,S,1,2025-11-12
7736,TORN-M4,S,3,2025-11-12
7737,TORN-M6,S,11,2025-11-12
7738,TORN-M8,S,8,2025-11-12
7739,TURC-M6,S,29,2025-11-12
7740,TURC-M8,S,59,2025-11-12
7741,BROD-4P,S,2,2025-11-13
7742,CLAV-3P,S,3,2025-11-13
7743,CODE-1P,S,1,2025-11-13
7744,CODE-2P,S,2,2025-11-13
7745,DEST-PL6,S,2,2025-11-13
7746,FOCOS-L9,S,1,2025-11-13
7747,LLAV-12,S,2,2025-11-13
7748,MART-1A,S,1,2025-11-13
7749,NIVE-60,S,1,2025-11-13
7750,PINT-BL,S,1,2025-11-13
7751,PINT-GR,S,1,2025-11-13
7752,PLIE-8P,S,1,2025-11-13
7753,ROND-M6,S,19,2025-11-13
7754,ROND-M8,S,24,2025-11-13
7755,SELL-TF,S,2,2025-11-13
7756,TOMA-SNC,S,8,2025-11-13
7757,TORN-M10,S,5,2025-11-13
7758,TORN-M4,S,13,2025-11-13
7759,TORN-M6,S,3,2025-11-13
7760,TORN-M8,S,17,2025-11-13
7761,TURC-M6,S,80,2025-11-13
7762,TURC-M8,S,14,2025-11-13
7763,CINT-5M,S,1,2025-11-14
7764,CLAV-2P,S,2,2025-11-14
7765,CLAV-3P,S,1,2025-11-14
7766,CODE-1P,S,16,2025-11-14
7767,CODE-2P,S,1,2025-11-14
7768,ESMA-NG,S,1,2025-11-14
7769,ESMER-1,S,1,2025-11-14
7770,FOCOS-L15,S,1,2025-11-14
7771,FOCOS-L9,S,1,2025-11-14
7772,LLAV-12,S,1,2025-11-14
7773,PINT-BL,S,9,2025-11-14
7774,ROND-M6,S,5,2025-11-14
7775,ROND-M8,S,31,2025-11-14
7776,SIER-C1,S,1,2025-11-14
7777,TOMA-SNC,S,4,2025-11-14
7778,TORN-M10,S,10,2025-11-14
7779,TORN-M4,S,2,2025-11-14
7780,TORN-M6,S,9,2025-11-14
7781,TORN-M8,S,19,2025-11-14
7782,TURC-M6,S,97,2025-11-14
7783,TURC-M8,S,3,2025-11-14
7784,CLAV-3P,S,2,2025-11-15
7785,CODE-1P,S,5,2025-11-15
7786,CODE-2P,S,1,2025-11-15
7787,ESMA-NG,S,3,2025-11-15
7788,FOCOS-L9,S,5,2025-11-15
7789,MART-2A,S,2,2025-11-15
7790,PINT-BG,S,1,2025-11-15
7791,PINT-BL,S,12,2025-11-15
7792,ROND-M6,S,69,2025-11-15
7793,ROND-M8,S,46,2025-11-15
7794,SELL-TF,S,1,2025-11-15
7795,TALDR-1,S,1,2025-11-15
7796,TOMA-SNC,S,16,2025-11-15
7797,TORN-M10,S,16,2025-11-15
7798,TORN-M4,S,14,2025-11-15
7799,TORN-M6,S,9,2025-11-15
7800,TORN-M8,S,8,2025-11-15
7801,TURC-M6,S,46,2025-11-15
7802,TURC-M8,S,64,2025-11-15
7803,LIJAD-1,E,39,2025-11-17
7804,CINT-5M,S,1,2025-11-17
7805,CLAV-2P,S,1,2025-11-17
7806,CLAV-3P,S,1,2025-11-17
7807,CODE-1P,S,4,2025-11-17
7808,FOCOS-L9,S,6,2025-11-17
7809,MART-1A,S,1,2025-11-17
7810,MART-2A,S,1,2025-11-17
7811,PINT-BG,S,2,2025-11-17
7812,ROND-M6,S,40,2025-11-17
7813,ROND-M8,S,3,2025-11-17
7814,TABL-1P,S,1,2025-11-17
7815,TOMA-DBL,S,1,2025-11-17
7816,TOMA-SNC,S,22,2025-11-17
7817,TORN-M10,S,15,2025-11-17
7818,TORN-M4,S,19,2025-11-17
7819,TORN-M6,S,8,2025-11-17
7820,TORN-M8,S,4,2025-11-17
7821,TURC-M6,S,10,2025-11-17
7822,TURC-M8,S,27,2025-11-17
7823,CLAV-2P,S,1,2025-11-18
7824,CLAV-3P,S,7,2025-11-18
7825,CODE-1P,S,10,2025-11-18
7826,CODE-2P,S,3,2025-11-18
7827,ESMA-NG,S,4,2025-11-18
7828,FOCOS-L15,S,1,2025-11-18
7829,INTE-SNC,S,1,2025-11-18
7830,LIJAD-1,S,5,2025-11-18
7831,ROND-M6,S,20,2025-11-18
7832,ROND-M8,S,10,2025-11-18
7833,SELL-TF,S,1,2025-11-18
7834,TOMA-SNC,S,13,2025-11-18
7835,TORN-M10,S,4,2025-11-18
7836,TORN-M4,S,4,2025-11-18
7837,TORN-M6,S,4,2025-11-18
7838,TORN-M8,S,18,2025-11-18
7839,TURC-M6,S,38,2025-11-18
7840,TURC-M8,S,57,2025-11-18
7841,CABL-14,E,15,2025-11-19
7842,CLAV-2P,S,1,2025-11-19
7843,CLAV-3P,S,1,2025-11-19
7844,CODE-1P,S,4,2025-11-19
7845,ESMA-NG,S,1,2025-11-19
7846,LIJAD-1,S,2,2025-11-19
7847,MART-2A,S,1,2025-11-19
7848,NIVE-60,S,1,2025-11-19
7849,PINT-BL,S,12,2025-11-19
7850,PLIE-6P,S,1,2025-11-19
7851,ROLLO-1,S,1,2025-11-19
7852,ROND-M6,S,34,2025-11-19
7853,ROND-M8,S,68,2025-11-19
7854,SELL-TF,S,3,2025-11-19
7855,TABL-1P,S,1,2025-11-19
7856,TOMA-SNC,S,2,2025-11-19
7857,TORN-M10,S,7,2025-11-19
7858,TORN-M4,S,2,2025-11-19
7859,TORN-M6,S,6,2025-11-19
7860,TORN-M8,S,4,2025-11-19
7861,TUBO-1P,S,1,2025-11-19
7862,TURC-M6,S,60,2025-11-19
7863,TURC-M8,S,39,2025-11-19
7864,CLAV-3P,S,1,2025-11-20
7865,CODE-1P,S,1,2025-11-20
7866,CODE-2P,S,1,2025-11-20
7867,ESMA-NG,S,3,2025-11-20
7868,FOCOS-L15,S,1,2025-11-20
7869,FOCOS-L9,S,1,2025-11-20
7870,LIAV-10,S,1,2025-11-20
7871,LIJAD-1,S,1,2025-11-20
7872,PINT-BG,S,4,2025-11-20
7873,PINT-BL,S,5,2025-11-20
7874,PLIE-8P,S,1,2025-11-20
7875,ROND-M6,S,35,2025-11-20
7876,ROND-M8,S,15,2025-11-20
7877,SELL-TF,S,1,2025-11-20
7878,SOPLA-1,S,1,2025-11-20
7879,TOMA-SNC,S,28,2025-11-20
7880,TORN-M10,S,6,2025-11-20
7881,TORN-M4,S,2,2025-11-20
7882,TORN-M6,S,3,2025-11-20
7883,TORN-M8,S,7,2025-11-20
7884,TURC-M6,S,83,2025-11-20
7885,TURC-M8,S,36,2025-11-20
7886,BROD-2P,S,1,2025-11-21
7887,BROD-4P,S,1,2025-11-21
7888,CLAV-3P,S,7,2025-11-21
7889,CODE-1P,S,4,2025-11-21
7890,DEST-PH2,S,1,2025-11-21
7891,ESMA-NG,S,1,2025-11-21
7892,FOCOS-L15,S,1,2025-11-21
7893,FOCOS-L9,S,2,2025-11-21
7894,INTE-SNC,S,1,2025-11-21
7895,LLAV-12,S,2,2025-11-21
7896,MART-2A,S,1,2025-11-21
7897,PINT-BL,S,5,2025-11-21
7898,ROLLO-1,S,1,2025-11-21
7899,ROND-M6,S,17,2025-11-21
7900,ROND-M8,S,49,2025-11-21
7901,TOMA-DBL,S,1,2025-11-21
7902,TOMA-SNC,S,20,2025-11-21
7903,TORN-M10,S,2,2025-11-21
7904,TORN-M4,S,1,2025-11-21
7905,TORN-M6,S,2,2025-11-21
7906,TORN-M8,S,8,2025-11-21
7907,TURC-M6,S,26,2025-11-21
7908,TURC-M8,S,11,2025-11-21
7909,FOCOS-L9,E,120,2025-11-22
7910,BROD-4P,S,1,2025-11-22
7911,CODE-1P,S,2,2025-11-22
7912,CODE-2P,S,2,2025-11-22
7913,DEST-PH2,S,2,2025-11-22
7914,ESMA-NG,S,3,2025-11-22
7915,LIJAD-1,S,2,2025-11-22
7916,PINT-BG,S,1,2025-11-22
7917,PINT-BL,S,3,2025-11-22
7918,PINT-GR,S,2,2025-11-22
7919,PLIE-6P,S,1,2025-11-22
7920,ROND-M6,S,15,2025-11-22
7921,ROND-M8,S,81,2025-11-22
7922,TOMA-SNC,S,13,2025-11-22
7923,TORN-M10,S,2,2025-11-22
7924,TORN-M4,S,4,2025-11-22
7925,TORN-M6,S,7,2025-11-22
7926,TORN-M8,S,2,2025-11-22
7927,TURC-M6,S,28,2025-11-22
7928,TURC-M8,S,86,2025-11-22
7929,CLAV-2P,E,60,2025-11-24
7930,ESMA-NG,E,43,2025-11-24
7931,BROD-4P,S,1,2025-11-24
7932,CLAV-3P,S,4,2025-11-24
7933,CODE-1P,S,16,2025-11-24
7934,CODE-2P,S,1,2025-11-24
7935,DEST-PL6,S,1,2025-11-24
7936,ESMA-NG,S,1,2025-11-24
7937,FOCOS-L15,S,1,2025-11-24
7938,INTE-SNC,S,2,2025-11-24
7939,LLAV-12,S,1,2025-11-24
7940,MART-2A,S,1,2025-11-24
7941,NIVE-60,S,1,2025-11-24
7942,PINT-BG,S,1,2025-11-24
7943,PINT-BL,S,1,2025-11-24
7944,PINT-GR,S,2,2025-11-24
7945,PLIE-6P,S,1,2025-11-24
7946,ROND-M6,S,27,2025-11-24
7947,ROND-M8,S,4,2025-11-24
7948,TALDR-2,S,1,2025-11-24
7949,TOMA-SNC,S,5,2025-11-24
7950,TORN-M10,S,3,2025-11-24
7951,TORN-M4,S,11,2025-11-24
7952,TORN-M6,S,3,2025-11-24
7953,TORN-M8,S,17,2025-11-24
7954,TUBO-1P,S,1,2025-11-24
7955,TURC-M6,S,178,2025-11-24
7956,TURC-M8,S,73,2025-11-24
7957,MART-2A,E,45,2025-11-25
7958,CLAV-2P,S,2,2025-11-25
7959,CODE-1P,S,4,2025-11-25
7960,CODE-2P,S,3,2025-11-25
7961,FOCOS-L15,S,1,2025-11-25
7962,FOCOS-L9,S,3,2025-11-25
7963,PINT-BG,S,1,2025-11-25
7964,PINT-BL,S,17,2025-11-25
7965,ROND-M6,S,38,2025-11-25
7966,ROND-M8,S,18,2025-11-25
7967,SIER-C1,S,1,2025-11-25
7968,TOMA-SNC,S,23,2025-11-25
7969,TORN-M10,S,15,2025-11-25
7970,TORN-M4,S,5,2025-11-25
7971,TORN-M6,S,11,2025-11-25
7972,TUBO-1P,S,2,2025-11-25
7973,TURC-M6,S,84,2025-11-25
7974,TURC-M8,S,44,2025-11-25
7975,CLAV-3P,S,2,2025-11-26
7976,CODE-1P,S,3,2025-11-26
7977,DEST-PH2,S,1,2025-11-26
7978,ESMA-NG,S,4,2025-11-26
7979,FOCOS-L9,S,1,2025-11-26
7980,INTE-SNC,S,1,2025-11-26
7981,LIJAD-1,S,2,2025-11-26
7982,MART-1A,S,1,2025-11-26
7983,PINT-BG,S,1,2025-11-26
7984,PLIE-6P,S,1,2025-11-26
7985,ROND-M6,S,28,2025-11-26
7986,ROND-M8,S,22,2025-11-26
7987,SOPLA-1,S,1,2025-11-26
7988,TOMA-DBL,S,1,2025-11-26
7989,TOMA-SNC,S,3,2025-11-26
7990,TORN-M10,S,8,2025-11-26
7991,TORN-M4,S,1,2025-11-26
7992,TORN-M8,S,32,2025-11-26
7993,TUBO-1P,S,1,2025-11-26
7994,TURC-M6,S,50,2025-11-26
7995,TURC-M8,S,22,2025-11-26
7996,BROD-2P,S,1,2025-11-27
7997,CLAV-3P,S,2,2025-11-27
7998,CODE-1P,S,6,2025-11-27
7999,CODE-2P,S,1,2025-11-27
8000,ESMA-NG,S,4,2025-11-27
8001,ESMER-1,S,1,2025-11-27
8002,ESMER-2,S,1,2025-11-27
8003,FOCOS-L15,S,1,2025-11-27
8004,LIJAD-1,S,1,2025-11-27
8005,LLAV-12,S,1,2025-11-27
8006,PINT-BL,S,4,2025-11-27
8007,PINT-GR,S,1,2025-11-27
8008,ROND-M6,S,6,2025-11-27
8009,ROND-M8,S,19,2025-11-27
8010,SIER-HK,S,3,2025-11-27
8011,TALDR-1,S,2,2025-11-27
8012,TOMA-SNC,S,4,2025-11-27
8013,TORN-M10,S,1,2025-11-27
8014,TORN-M4,S,5,2025-11-27
8015,TORN-M6,S,1,2025-11-27
8016,TORN-M8,S,25,2025-11-27
8017,TUBO-1P,S,1,2025-11-27
8018,TURC-M6,S,40,2025-11-27
8019,TURC-M8,S,1,2025-11-27
8020,TOMA-SNC,E,490,2025-11-28
8021,BROD-4P,S,1,2025-11-28
8022,CLAV-3P,S,1,2025-11-28
8023,CODE-1P,S,7,2025-11-28
8024,CODE-2P,S,3,2025-11-28
8025,ESMA-NG,S,2,2025-11-28
8026,FOCOS-L15,S,1,2025-11-28
8027,FOCOS-L9,S,5,2025-11-28
8028,LIJAD-1,S,2,2025-11-28
8029,LLAV-12,S,3,2025-11-28
8030,ROLLO-1,S,1,2025-11-28
8031,ROND-M6,S,17,2025-11-28
8032,ROND-M8,S,9,2025-11-28
8033,SELL-TF,S,2,2025-11-28
8034,TOMA-DBL,S,1,2025-11-28
8035,TOMA-SNC,S,7,2025-11-28
8036,TORN-M10,S,4,2025-11-28
8037,TORN-M4,S,5,2025-11-28
8038,TORN-M6,S,1,2025-11-28
8039,TORN-M8,S,12,2025-11-28
8040,TURC-M6,S,401,2025-11-28
8041,TURC-M8,S,52,2025-11-28
8042,TORN-M8,E,700,2025-11-29
8043,BROD-4P,S,2,2025-11-29
8044,CODE-1P,S,5,2025-11-29
8045,CODE-2P,S,3,2025-11-29
8046,DEST-PL6,S,1,2025-11-29
8047,FOCOS-L9,S,1,2025-11-29
8048,INTE-SNC,S,1,2025-11-29
8049,LLAV-12,S,2,2025-11-29
8050,MART-2A,S,1,2025-11-29
8051,PINT-GR,S,1,2025-11-29
8052,ROND-M6,S,27,2025-11-29
8053,ROND-M8,S,2,2025-11-29
8054,SELL-TF,S,6,2025-11-29
8055,TOMA-SNC,S,6,2025-11-29
8056,TORN-M10,S,13,2025-11-29
8057,TORN-M4,S,4,2025-11-29
8058,TORN-M6,S,3,2025-11-29
8059,TORN-M8,S,5,2025-11-29
8060,TURC-M6,S,100,2025-11-29
8061,TURC-M8,S,33,2025-11-29
8062,TORN-M6,E,850,2025-12-01
8063,CLAV-2P,S,2,2025-12-01
8064,CLAV-3P,S,1,2025-12-01
8065,CODE-1P,S,5,2025-12-01
8066,CODE-2P,S,1,2025-12-01
8067,DEST-PH2,S,1,2025-12-01
8068,DEST-PL6,S,1,2025-12-01
8069,FOCOS-L9,S,3,2025-12-01
8070,LLAV-12,S,2,2025-12-01
8071,PINT-BL,S,1,2025-12-01
8072,ROLLO-1,S,1,2025-12-01
8073,ROND-M6,S,33,2025-12-01
8074,ROND-M8,S,14,2025-12-01
8075,SELL-TF,S,1,2025-12-01
8076,TOMA-SNC,S,14,2025-12-01
8077,TORN-M10,S,12,2025-12-01
8078,TORN-M4,S,3,2025-12-01
8079,TORN-M6,S,1,2025-12-01
8080,TORN-M8,S,1,2025-12-01
8081,TURC-M6,S,78,2025-12-01
8082,TURC-M8,S,4,2025-12-01
8083,BROD-4P,S,4,2025-12-02
8084,CLAV-3P,S,1,2025-12-02
8085,CODE-1P,S,2,2025-12-02
8086,DEST-PL6,S,2,2025-12-02
8087,ESMA-NG,S,3,2025-12-02
8088,ESMER-1,S,1,2025-12-02
8089,FOCOS-L9,S,1,2025-12-02
8090,LIJAD-1,S,3,2025-12-02
8091,LLAV-12,S,2,2025-12-02
8092,MART-2A,S,1,2025-12-02
8093,PINT-BG,S,4,2025-12-02
8094,PINT-BL,S,4,2025-12-02
8095,ROND-M6,S,22,2025-12-02
8096,ROND-M8,S,23,2025-12-02
8097,TOMA-DBL,S,1,2025-12-02
8098,TOMA-SNC,S,1,2025-12-02
8099,TORN-M4,S,4,2025-12-02
8100,TORN-M6,S,8,2025-12-02
8101,TORN-M8,S,15,2025-12-02
8102,TURC-M6,S,124,2025-12-02
8103,TURC-M8,S,8,2025-12-02
8104,ESMER-1,E,6,2025-12-03
8105,CINT-5M,S,1,2025-12-03
8106,CLAV-2P,S,1,2025-12-03
8107,CLAV-3P,S,1,2025-12-03
8108,CODE-1P,S,3,2025-12-03
8109,FOCOS-L15,S,1,2025-12-03
8110,FOCOS-L9,S,6,2025-12-03
8111,INTE-SNC,S,1,2025-12-03
8112,LIJAD-1,S,2,2025-12-03
8113,NIVE-60,S,1,2025-12-03
8114,PINT-BL,S,2,2025-12-03
8115,PINT-GR,S,1,2025-12-03
8116,PLIE-6P,S,1,2025-12-03
8117,ROND-M6,S,12,2025-12-03
8118,ROND-M8,S,4,2025-12-03
8119,SELL-TF,S,1,2025-12-03
8120,SIER-C1,S,1,2025-12-03
8121,TOMA-SNC,S,17,2025-12-03
8122,TORN-M10,S,6,2025-12-03
8123,TORN-M4,S,2,2025-12-03
8124,TORN-M6,S,1,2025-12-03
8125,TORN-M8,S,1,2025-12-03
8126,TURC-M6,S,108,2025-12-03
8127,TURC-M8,S,36,2025-12-03
8128,PINT-GR,E,30,2025-12-04
8129,CLAV-3P,S,2,2025-12-04
8130,CODE-1P,S,9,2025-12-04
8131,ESMA-NG,S,2,2025-12-04
8132,FOCOS-L15,S,1,2025-12-04
8133,LIJAD-1,S,1,2025-12-04
8134,MART-2A,S,1,2025-12-04
8135,NIVE-60,S,1,2025-12-04
8136,PINT-BL,S,2,2025-12-04
8137,ROND-M6,S,29,2025-12-04
8138,ROND-M8,S,23,2025-12-04
8139,SELL-TF,S,1,2025-12-04
8140,TOMA-SNC,S,18,2025-12-04
8141,TORN-M10,S,4,2025-12-04
8142,TORN-M4,S,2,2025-12-04
8143,TORN-M6,S,1,2025-12-04
8144,TORN-M8,S,3,2025-12-04
8145,TURC-M6,S,101,2025-12-04
8146,TURC-M8,S,10,2025-12-04
8147,LLAV-12,E,37,2025-12-05
8148,BROD-4P,S,1,2025-12-05
8149,CLAV-3P,S,2,2025-12-05
8150,CODE-1P,S,7,2025-12-05
8151,DEST-PL6,S,1,2025-12-05
8152,FOCOS-L15,S,2,2025-12-05
8153,FOCOS-L9,S,4,2025-12-05
8154,LIAV-10,S,1,2025-12-05
8155,LLAV-12,S,4,2025-12-05
8156,MART-2A,S,3,2025-12-05
8157,NIVE-60,S,1,2025-12-05
8158,PINT-BG,S,2,2025-12-05
8159,PINT-BL,S,1,2025-12-05
8160,ROND-M6,S,10,2025-12-05
8161,ROND-M8,S,20,2025-12-05
8162,TABL-1P,S,1,2025-12-05
8163,TOMA-SNC,S,2,2025-12-05
8164,TORN-M10,S,6,2025-12-05
8165,TORN-M4,S,12,2025-12-05
8166,TORN-M6,S,9,2025-12-05
8167,TORN-M8,S,6,2025-12-05
8168,TURC-M6,S,38,2025-12-05
8169,TURC-M8,S,64,2025-12-05
8170,CINT-5M,S,1,2025-12-06
8171,CLAV-3P,S,4,2025-12-06
8172,CODE-1P,S,1,2025-12-06
8173,ESMA-NG,S,3,2025-12-06
8174,FOCOS-L15,S,2,2025-12-06
8175,FOCOS-L9,S,3,2025-12-06
8176,INTE-SNC,S,1,2025-12-06
8177,LIJAD-1,S,2,2025-12-06
8178,MART-2A,S,1,2025-12-06
8179,PINT-BL,S,3,2025-12-06
8180,PINT-GR,S,1,2025-12-06
8181,ROND-M6,S,34,2025-12-06
8182,ROND-M8,S,21,2025-12-06
8183,TOMA-SNC,S,9,2025-12-06
8184,TORN-M10,S,9,2025-12-06
8185,TORN-M4,S,1,2025-12-06
8186,TORN-M6,S,9,2025-12-06
8187,TORN-M8,S,2,2025-12-06
8188,TURC-M6,S,1,2025-12-06
8189,TURC-M8,S,36,2025-12-06
8190,CLAV-3P,S,6,2025-12-08
8191,CODE-1P,S,8,2025-12-08
8192,CODE-2P,S,4,2025-12-08
8193,ESMA-NG,S,3,2025-12-08
8194,FOCOS-L15,S,1,2025-12-08
8195,FOCOS-L9,S,1,2025-12-08
8196,LIJAD-1,S,3,2025-12-08
8197,LLAV-12,S,2,2025-12-08
8198,MART-2A,S,1,2025-12-08
8199,PINT-BG,S,2,2025-12-08
8200,PINT-BL,S,1,2025-12-08
8201,PINT-GR,S,2,2025-12-08
8202,ROND-M6,S,9,2025-12-08
8203,ROND-M8,S,10,2025-12-08
8204,TOMA-SNC,S,18,2025-12-08
8205,TORN-M10,S,29,2025-12-08
8206,TORN-M4,S,10,2025-12-08
8207,TORN-M6,S,3,2025-12-08
8208,TORN-M8,S,4,2025-12-08
8209,TURC-M6,S,16,2025-12-08
8210,TURC-M8,S,28,2025-12-08
8211,ESMER-2,E,4,2025-12-09
8212,CLAV-3P,S,2,2025-12-09
8213,CODE-1P,S,10,2025-12-09
8214,CODE-2P,S,2,2025-12-09
8215,ESMA-NG,S,1,2025-12-09
8216,FOCOS-L9,S,2,2025-12-09
8217,MART-2A,S,3,2025-12-09
8218,PINT-BL,S,8,2025-12-09
8219,PINT-GR,S,1,2025-12-09
8220,ROND-M6,S,26,2025-12-09
8221,ROND-M8,S,27,2025-12-09
8222,SELL-TF,S,3,2025-12-09
8223,TOMA-SNC,S,27,2025-12-09
8224,TORN-M10,S,5,2025-12-09
8225,TORN-M6,S,3,2025-12-09
8226,TORN-M8,S,25,2025-12-09
8227,TURC-M6,S,196,2025-12-09
8228,TURC-M8,S,66,2025-12-09
8229,BROD-4P,S,1,2025-12-10
8230,CINT-5M,S,1,2025-12-10
8231,CLAV-3P,S,2,2025-12-10
8232,CODE-1P,S,2,2025-12-10
8233,CODE-2P,S,1,2025-12-10
8234,DEST-PL6,S,1,2025-12-10
8235,FOCOS-L9,S,3,2025-12-10
8236,MART-2A,S,1,2025-12-10
8237,PINT-BL,S,2,2025-12-10
8238,ROLLO-1,S,1,2025-12-10
8239,ROND-M6,S,2,2025-12-10
8240,ROND-M8,S,12,2025-12-10
8241,TABL-1P,S,1,2025-12-10
8242,TOMA-SNC,S,29,2025-12-10
8243,TORN-M10,S,1,2025-12-10
8244,TORN-M4,S,9,2025-12-10
8245,TORN-M8,S,7,2025-12-10
8246,TURC-M6,S,35,2025-12-10
8247,TURC-M8,S,51,2025-12-10
8248,BROD-2P,S,1,2025-12-11
8249,CINT-5M,S,1,2025-12-11
8250,CLAV-3P,S,5,2025-12-11
8251,CODE-1P,S,6,2025-12-11
8252,DEST-PL6,S,1,2025-12-11
8253,ESMA-NG,S,2,2025-12-11
8254,FOCOS-L15,S,3,2025-12-11
8255,LIJAD-1,S,1,2025-12-11
8256,PINT-BG,S,1,2025-12-11
8257,PINT-BL,S,3,2025-12-11
8258,ROND-M6,S,13,2025-12-11
8259,ROND-M8,S,21,2025-12-11
8260,SIER-C1,S,1,2025-12-11
8261,TOMA-SNC,S,10,2025-12-11
8262,TORN-M10,S,19,2025-12-11
8263,TORN-M4,S,4,2025-12-11
8264,TORN-M6,S,3,2025-12-11
8265,TORN-M8,S,2,2025-12-11
8266,TUBO-1P,S,1,2025-12-11
8267,TURC-M6,S,37,2025-12-11
8268,TURC-M8,S,37,2025-12-11
8269,LIJAD-1,E,40,2025-12-12
8270,TALDR-2,E,4,2025-12-12
8271,CODE-1P,S,1,2025-12-12
8272,ESMA-NG,S,1,2025-12-12
8273,FOCOS-L15,S,1,2025-12-12
8274,FOCOS-L9,S,3,2025-12-12
8275,LIAV-10,S,2,2025-12-12
8276,LIJAD-1,S,1,2025-12-12
8277,MART-2A,S,1,2025-12-12
8278,NIVE-60,S,2,2025-12-12
8279,PINT-BG,S,2,2025-12-12
8280,PINT-BL,S,7,2025-12-12
8281,ROND-M6,S,7,2025-12-12
8282,ROND-M8,S,13,2025-12-12
8283,SELL-TF,S,1,2025-12-12
8284,TOMA-SNC,S,30,2025-12-12
8285,TORN-M10,S,14,2025-12-12
8286,TORN-M4,S,2,2025-12-12
8287,TORN-M6,S,2,2025-12-12
8288,TORN-M8,S,4,2025-12-12
8289,TURC-M6,S,24,2025-12-12
8290,TURC-M8,S,11,2025-12-12
8291,CLAV-2P,S,1,2025-12-13
8292,CLAV-3P,S,6,2025-12-13
8293,FOCOS-L15,S,2,2025-12-13
8294,FOCOS-L9,S,1,2025-12-13
8295,LIJAD-1,S,1,2025-12-13
8296,MART-2A,S,1,2025-12-13
8297,PINT-BG,S,1,2025-12-13
8298,PINT-BL,S,8,2025-12-13
8299,PINT-GR,S,1,2025-12-13
8300,ROND-M6,S,12,2025-12-13
8301,ROND-M8,S,10,2025-12-13
8302,TOMA-SNC,S,15,2025-12-13
8303,TORN-M10,S,6,2025-12-13
8304,TORN-M4,S,6,2025-12-13
8305,TORN-M6,S,1,2025-12-13
8306,TORN-M8,S,3,2025-12-13
8307,TURC-M6,S,1,2025-12-13
8308,TURC-M8,S,35,2025-12-13
8309,SOPLA-1,E,4,2025-12-15
8310,BROD-4P,S,1,2025-12-15
8311,CINT-5M,S,1,2025-12-15
8312,CLAV-2P,S,1,2025-12-15
8313,CODE-1P,S,5,2025-12-15
8314,DEST-PL6,S,1,2025-12-15
8315,ESMA-NG,S,1,2025-12-15
8316,FOCOS-L15,S,2,2025-12-15
8317,INTE-SNC,S,2,2025-12-15
8318,MART-1A,S,1,2025-12-15
8319,MART-2A,S,1,2025-12-15
8320,PINT-BL,S,6,2025-12-15
8321,ROND-M6,S,49,2025-12-15
8322,ROND-M8,S,5,2025-12-15
8323,SELL-TF,S,1,2025-12-15
8324,TOMA-DBL,S,1,2025-12-15
8325,TOMA-SNC,S,8,2025-12-15
8326,TORN-M10,S,3,2025-12-15
8327,TORN-M6,S,14,2025-12-15
8328,TORN-M8,S,28,2025-12-15
8329,TURC-M6,S,96,2025-12-15
8330,TURC-M8,S,13,2025-12-15
8331,BROD-4P,S,1,2025-12-16
8332,CLAV-2P,S,1,2025-12-16
8333,CODE-1P,S,2,2025-12-16
8334,CODE-2P,S,1,2025-12-16
8335,ESMA-NG,S,1,2025-12-16
8336,FOCOS-L9,S,3,2025-12-16
8337,INTE-SNC,S,1,2025-12-16
8338,LIJAD-1,S,2,2025-12-16
8339,LLAV-12,S,1,2025-12-16
8340,MART-2A,S,1,2025-12-16
8341,PLIE-8P,S,1,2025-12-16
8342,ROND-M6,S,19,2025-12-16
8343,ROND-M8,S,9,2025-12-16
8344,SIER-HK,S,1,2025-12-16
8345,TABL-1P,S,1,2025-12-16
8346,TOMA-SNC,S,18,2025-12-16
8347,TORN-M10,S,8,2025-12-16
8348,TORN-M4,S,2,2025-12-16
8349,TORN-M6,S,12,2025-12-16
8350,TORN-M8,S,5,2025-12-16
8351,TURC-M6,S,123,2025-12-16
8352,TURC-M8,S,25,2025-12-16
8353,BROD-4P,S,1,2025-12-17
8354,CABL-12,S,13,2025-12-17
8355,CLAV-2P,S,2,2025-12-17
8356,CLAV-3P,S,2,2025-12-17
8357,CODE-1P,S,1,2025-12-17
8358,ESMA-NG,S,3,2025-12-17
8359,FOCOS-L15,S,3,2025-12-17
8360,FOCOS-L9,S,7,2025-12-17
8361,INTE-SNC,S,1,2025-12-17
8362,LIJAD-1,S,2,2025-12-17
8363,LLAV-12,S,1,2025-12-17
8364,NIVE-60,S,1,2025-12-17
8365,PINT-BG,S,3,2025-12-17
8366,PINT-BL,S,6,2025-12-17
8367,ROND-M6,S,35,2025-12-17
8368,ROND-M8,S,11,2025-12-17
8369,SIER-C1,S,1,2025-12-17
8370,TOMA-DBL,S,2,2025-12-17
8371,TOMA-SNC,S,9,2025-12-17
8372,TORN-M10,S,1,2025-12-17
8373,TORN-M4,S,4,2025-12-17
8374,TORN-M6,S,2,2025-12-17
8375,TORN-M8,S,15,2025-12-17
8376,TURC-M6,S,45,2025-12-17
8377,TURC-M8,S,16,2025-12-17
8378,DEST-PL6,E,30,2025-12-18
8379,CLAV-2P,S,1,2025-12-18
8380,CLAV-3P,S,2,2025-12-18
8381,CODE-1P,S,2,2025-12-18
8382,ESMA-BL,S,1,2025-12-18
8383,FOCOS-L9,S,2,2025-12-18
8384,LIAV-10,S,1,2025-12-18
8385,LIJAD-1,S,1,2025-12-18
8386,MART-2A,S,1,2025-12-18
8387,PINT-BG,S,2,2025-12-18
8388,ROND-M6,S,12,2025-12-18
8389,ROND-M8,S,11,2025-12-18
8390,SELL-TF,S,4,2025-12-18
8391,TOMA-SNC,S,38,2025-12-18
8392,TORN-M10,S,5,2025-12-18
8393,TORN-M4,S,3,2025-12-18
8394,TORN-M6,S,1,2025-12-18
8395,TORN-M8,S,45,2025-12-18
8396,TURC-M6,S,99,2025-12-18
8397,TURC-M8,S,59,2025-12-18
8398,LIAV-10,E,16,2025-12-19
8399,TURC-M8,E,1450,2025-12-19
8400,BROD-4P,S,1,2025-12-19
8401,CLAV-3P,S,1,2025-12-19
8402,CODE-1P,S,4,2025-12-19
8403,ESMA-NG,S,4,2025-12-19
8404,ESMER-1,S,2,2025-12-19
8405,FOCOS-L15,S,1,2025-12-19
8406,FOCOS-L9,S,13,2025-12-19
8407,INTE-SNC,S,1,2025-12-19
8408,MART-2A,S,1,2025-12-19
8409,NIVE-60,S,1,2025-12-19
8410,PINT-BG,S,1,2025-12-19
8411,PINT-BL,S,2,2025-12-19
8412,PINT-GR,S,1,2025-12-19
8413,ROND-M6,S,8,2025-12-19
8414,ROND-M8,S,6,2025-12-19
8415,SELL-TF,S,2,2025-12-19
8416,TOMA-DBL,S,1,2025-12-19
8417,TOMA-SNC,S,2,2025-12-19
8418,TORN-M10,S,5,2025-12-19
8419,TORN-M4,S,6,2025-12-19
8420,TORN-M6,S,1,2025-12-19
8421,TORN-M8,S,9,2025-12-19
8422,TURC-M6,S,119,2025-12-19
8423,TURC-M8,S,29,2025-12-19
8424,TABL-1P,E,6,2025-12-20
8425,CLAV-3P,S,3,2025-12-20
8426,CODE-1P,S,2,2025-12-20
8427,CODE-2P,S,1,2025-12-20
8428,ESMA-BL,S,1,2025-12-20
8429,ESMA-NG,S,1,2025-12-20
8430,FOCOS-L15,S,1,2025-12-20
8431,FOCOS-L9,S,3,2025-12-20
8432,MART-2A,S,2,2025-12-20
8433,NIVE-60,S,1,2025-12-20
8434,PINT-BL,S,4,2025-12-20
8435,PLIE-6P,S,1,2025-12-20
8436,ROND-M6,S,14,2025-12-20
8437,ROND-M8,S,8,2025-12-20
8438,SELL-TF,S,2,2025-12-20
8439,SIER-C1,S,1,2025-12-20
8440,TOMA-DBL,S,3,2025-12-20
8441,TOMA-SNC,S,26,2025-12-20
8442,TORN-M10,S,4,2025-12-20
8443,TORN-M4,S,11,2025-12-20
8444,TORN-M6,S,3,2025-12-20
8445,TORN-M8,S,10,2025-12-20
8446,TURC-M6,S,95,2025-12-20
8447,TURC-M8,S,28,2025-12-20
8448,FOCOS-L15,E,105,2025-12-22
8449,BROD-4P,S,1,2025-12-22
8450,CLAV-3P,S,4,2025-12-22
8451,CODE-1P,S,3,2025-12-22
8452,FOCOS-L15,S,2,2025-12-22
8453,FOCOS-L9,S,2,2025-12-22
8454,LIJAD-1,S,1,2025-12-22
8455,MART-2A,S,1,2025-12-22
8456,PINT-BL,S,5,2025-12-22
8457,ROND-M6,S,48,2025-12-22
8458,ROND-M8,S,16,2025-12-22
8459,SELL-TF,S,1,2025-12-22
8460,TABL-2P,S,7,2025-12-22
8461,TOMA-SNC,S,8,2025-12-22
8462,TORN-M10,S,27,2025-12-22
8463,TORN-M4,S,1,2025-12-22
8464,TORN-M8,S,51,2025-12-22
8465,TURC-M6,S,31,2025-12-22
8466,TURC-M8,S,38,2025-12-22
8467,CABL-14,S,9,2025-12-23
8468,CLAV-3P,S,1,2025-12-23
8469,CODE-1P,S,5,2025-12-23
8470,CODE-2P,S,2,2025-12-23
8471,ESMA-NG,S,2,2025-12-23
8472,FOCOS-L9,S,4,2025-12-23
8473,LIJAD-1,S,1,2025-12-23
8474,LLAV-12,S,4,2025-12-23
8475,MART-2A,S,1,2025-12-23
8476,PINT-BL,S,3,2025-12-23
8477,PINT-GR,S,3,2025-12-23
8478,ROLLO-1,S,1,2025-12-23
8479,ROND-M6,S,60,2025-12-23
8480,ROND-M8,S,90,2025-12-23
8481,SELL-TF,S,1,2025-12-23
8482,SIER-HK,S,2,2025-12-23
8483,TOMA-SNC,S,15,2025-12-23
8484,TORN-M10,S,4,2025-12-23
8485,TORN-M6,S,7,2025-12-23
8486,TORN-M8,S,2,2025-12-23
8487,TURC-M6,S,22,2025-12-23
8488,TURC-M8,S,12,2025-12-23
8489,CINT-5M,S,1,2025-12-24
8490,CLAV-3P,S,1,2025-12-24
8491,CODE-1P,S,6,2025-12-24
8492,ESMA-NG,S,4,2025-12-24
8493,FOCOS-L15,S,2,2025-12-24
8494,INTE-SNC,S,2,2025-12-24
8495,MART-2A,S,1,2025-12-24
8496,PINT-BL,S,14,2025-12-24
8497,ROND-M6,S,46,2025-12-24
8498,ROND-M8,S,36,2025-12-24
8499,TOMA-DBL,S,1,2025-12-24
8500,TOMA-SNC,S,20,2025-12-24
8501,TORN-M10,S,5,2025-12-24
8502,TORN-M4,S,3,2025-12-24
8503,TORN-M6,S,5,2025-12-24
8504,TORN-M8,S,15,2025-12-24
8505,TURC-M6,S,11,2025-12-24
8506,TURC-M8,S,9,2025-12-24
8507,ROND-M6,E,2050,2025-12-25
8508,CLAV-2P,S,4,2025-12-25
8509,CLAV-3P,S,2,2025-12-25
8510,CODE-1P,S,3,2025-12-25
8511,DEST-PL6,S,1,2025-12-25
8512,ESMA-NG,S,2,2025-12-25
8513,ESMER-1,S,1,2025-12-25
8514,FOCOS-L15,S,2,2025-12-25
8515,LIJAD-1,S,2,2025-12-25
8516,LLAV-12,S,1,2025-12-25
8517,MART-2A,S,1,2025-12-25
8518,PINT-BG,S,1,2025-12-25
8519,PINT-BL,S,1,2025-12-25
8520,PINT-GR,S,2,2025-12-25
8521,ROND-M6,S,10,2025-12-25
8522,ROND-M8,S,46,2025-12-25
8523,TOMA-DBL,S,1,2025-12-25
8524,TOMA-SNC,S,3,2025-12-25
8525,TORN-M10,S,4,2025-12-25
8526,TORN-M4,S,8,2025-12-25
8527,TORN-M6,S,3,2025-12-25
8528,TORN-M8,S,17,2025-12-25
8529,TURC-M6,S,107,2025-12-25
8530,TURC-M8,S,25,2025-12-25
8531,ESMA-NG,E,43,2025-12-26
8532,TURC-M6,E,2900,2025-12-26
8533,BROD-4P,S,1,2025-12-26
8534,CLAV-3P,S,1,2025-12-26
8535,CODE-1P,S,13,2025-12-26
8536,CODE-2P,S,1,2025-12-26
8537,DEST-PH2,S,1,2025-12-26
8538,ESMA-NG,S,1,2025-12-26
8539,ESMER-1,S,1,2025-12-26
8540,FOCOS-L15,S,5,2025-12-26
8541,LIJAD-1,S,2,2025-12-26
8542,NIVE-60,S,1,2025-12-26
8543,PINT-BG,S,1,2025-12-26
8544,PINT-BL,S,2,2025-12-26
8545,PLIE-6P,S,1,2025-12-26
8546,ROLLO-1,S,1,2025-12-26
8547,ROND-M6,S,9,2025-12-26
8548,ROND-M8,S,48,2025-12-26
8549,TOMA-SNC,S,6,2025-12-26
8550,TORN-M10,S,9,2025-12-26
8551,TORN-M4,S,2,2025-12-26
8552,TORN-M6,S,5,2025-12-26
8553,TORN-M8,S,13,2025-12-26
8554,TURC-M6,S,55,2025-12-26
8555,TURC-M8,S,6,2025-12-26
8556,CINT-5M,S,1,2025-12-27
8557,CLAV-2P,S,1,2025-12-27
8558,CLAV-3P,S,1,2025-12-27
8559,CODE-1P,S,4,2025-12-27
8560,CODE-2P,S,1,2025-12-27
8561,DEST-PH2,S,1,2025-12-27
8562,FOCOS-L15,S,1,2025-12-27
8563,FOCOS-L9,S,5,2025-12-27
8564,INTE-SNC,S,1,2025-12-27
8565,MART-2A,S,1,2025-12-27
8566,PINT-BG,S,2,2025-12-27
8567,PINT-BL,S,9,2025-12-27
8568,ROND-M6,S,25,2025-12-27
8569,ROND-M8,S,25,2025-12-27
8570,SELL-TF,S,3,2025-12-27
8571,TOMA-SNC,S,12,2025-12-27
8572,TORN-M10,S,2,2025-12-27
8573,TORN-M6,S,9,2025-12-27
8574,TORN-M8,S,15,2025-12-27
8575,TURC-M6,S,56,2025-12-27
8576,TURC-M8,S,28,2025-12-27
8577,TABL-2P,E,15,2025-12-29
8578,BROD-2P,S,1,2025-12-29
8579,BROD-4P,S,1,2025-12-29
8580,CABL-12,S,8,2025-12-29
8581,CALAD-1,S,1,2025-12-29
8582,CLAV-3P,S,8,2025-12-29
8583,DEST-PH2,S,1,2025-12-29
8584,FOCOS-L15,S,3,2025-12-29
8585,FOCOS-L9,S,1,2025-12-29
8586,LIJAD-1,S,1,2025-12-29
8587,LLAV-12,S,3,2025-12-29
8588,MART-1A,S,2,2025-12-29
8589,MART-2A,S,1,2025-12-29
8590,NIVE-60,S,1,2025-12-29
8591,PINT-BG,S,2,2025-12-29
8592,PINT-BL,S,7,2025-12-29
8593,PINT-GR,S,1,2025-12-29
8594,PLIE-8P,S,1,2025-12-29
8595,ROND-M6,S,44,2025-12-29
8596,ROND-M8,S,56,2025-12-29
8597,SIER-HK,S,2,2025-12-29
8598,TALDR-1,S,1,2025-12-29
8599,TOMA-SNC,S,11,2025-12-29
8600,TORN-M10,S,4,2025-12-29
8601,TORN-M4,S,1,2025-12-29
8602,TORN-M6,S,3,2025-12-29
8603,TORN-M8,S,3,2025-12-29
8604,TURC-M6,S,42,2025-12-29
8605,TURC-M8,S,3,2025-12-29
8606,ROND-M8,E,1850,2025-12-30
8607,SIER-C1,E,4,2025-12-30
8608,CLAV-3P,S,2,2025-12-30
8609,CODE-1P,S,2,2025-12-30
8610,DEST-PL6,S,1,2025-12-30
8611,ESMA-NG,S,1,2025-12-30
8612,ESMER-1,S,1,2025-12-30
8613,FOCOS-L15,S,2,2025-12-30
8614,FOCOS-L9,S,1,2025-12-30
8615,LIJAD-1,S,2,2025-12-30
8616,MART-2A,S,1,2025-12-30
8617,PINT-BG,S,1,2025-12-30
8618,PINT-BL,S,5,2025-12-30
8619,ROND-M6,S,115,2025-12-30
8620,ROND-M8,S,25,2025-12-30
8621,TOMA-SNC,S,17,2025-12-30
8622,TORN-M10,S,3,2025-12-30
8623,TORN-M4,S,5,2025-12-30
8624,TORN-M8,S,14,2025-12-30
8625,TURC-M6,S,18,2025-12-30
8626,TURC-M8,S,21,2025-12-30
8627,CINT-5M,S,3,2025-12-31
8628,CLAV-3P,S,3,2025-12-31
8629,CODE-2P,S,2,2025-12-31
8630,DEST-PL6,S,2,2025-12-31
8631,FOCOS-L15,S,1,2025-12-31
8632,FOCOS-L9,S,3,2025-12-31
8633,LIAV-10,S,1,2025-12-31
8634,LIJAD-1,S,2,2025-12-31
8635,PINT-BG,S,1,2025-12-31
8636,PINT-BL,S,5,2025-12-31
8637,PINT-GR,S,1,2025-12-31
8638,ROND-M6,S,21,2025-12-31
8639,ROND-M8,S,9,2025-12-31
8640,TOMA-SNC,S,8,2025-12-31
8641,TORN-M10,S,25,2025-12-31
8642,TORN-M4,S,6,2025-12-31
8643,TORN-M6,S,2,2025-12-31
8644,TORN-M8,S,9,2025-12-31
8645,TURC-M6,S,26,2025-12-31
8646,TURC-M8,S,16,2025-12-31
8647,CINT-5M,E,20,2026-01-01
8648,PINT-BL,E,205,2026-01-01
8649,BROD-4P,S,1,2026-01-01
8650,CLAV-2P,S,1,2026-01-01
8651,CLAV-3P,S,6,2026-01-01
8652,CODE-1P,S,3,2026-01-01
8653,DEST-PH2,S,1,2026-01-01
8654,ESMA-NG,S,4,2026-01-01
8655,FOCOS-L15,S,1,2026-01-01
8656,FOCOS-L9,S,1,2026-01-01
8657,LIJAD-1,S,2,2026-01-01
8658,MART-2A,S,1,2026-01-01
8659,NIVE-60,S,1,2026-01-01
8660,PINT-BG,S,2,2026-01-01
8661,PINT-BL,S,2,2026-01-01
8662,PLIE-6P,S,1,2026-01-01
8663,ROLLO-1,S,1,2026-01-01
8664,ROND-M6,S,14,2026-01-01
8665,ROND-M8,S,9,2026-01-01
8666,TOMA-SNC,S,27,2026-01-01
8667,TORN-M4,S,3,2026-01-01
8668,TORN-M6,S,11,2026-01-01
8669,TUBO-1P,S,1,2026-01-01
8670,TURC-M6,S,29,2026-01-01
8671,TURC-M8,S,43,2026-01-01
8672,CLAV-2P,S,1,2026-01-02
8673,CLAV-3P,S,4,2026-01-02
8674,CODE-1P,S,9,2026-01-02
8675,FOCOS-L15,S,1,2026-01-02
8676,FOCOS-L9,S,3,2026-01-02
8677,LIJAD-1,S,1,2026-01-02
8678,PINT-BL,S,4,2026-01-02
8679,ROND-M6,S,65,2026-01-02
8680,ROND-M8,S,58,2026-01-02
8681,SELL-TF,S,1,2026-01-02
8682,SIER-C1,S,1,2026-01-02
8683,TABL-2P,S,5,2026-01-02
8684,TOMA-SNC,S,19,2026-01-02
8685,TORN-M10,S,1,2026-01-02
8686,TORN-M4,S,2,2026-01-02
8687,TORN-M6,S,13,2026-01-02
8688,TORN-M8,S,3,2026-01-02
8689,TURC-M6,S,41,2026-01-02
8690,TURC-M8,S,20,2026-01-02
8691,PINT-BG,E,37,2026-01-03
8692,TORN-M10,E,450,2026-01-03
8693,CLAV-2P,S,1,2026-01-03
8694,CLAV-3P,S,1,2026-01-03
8695,CODE-1P,S,3,2026-01-03
8696,DEST-PL6,S,1,2026-01-03
8697,ESMA-NG,S,1,2026-01-03
8698,FOCOS-L9,S,4,2026-01-03
8699,LIAV-10,S,1,2026-01-03
8700,MART-2A,S,1,2026-01-03
8701,PINT-BL,S,1,2026-01-03
8702,ROND-M6,S,6,2026-01-03
8703,ROND-M8,S,3,2026-01-03
8704,SELL-TF,S,2,2026-01-03
8705,TOMA-SNC,S,2,2026-01-03
8706,TORN-M10,S,2,2026-01-03
8707,TORN-M4,S,14,2026-01-03
8708,TORN-M6,S,3,2026-01-03
8709,TORN-M8,S,12,2026-01-03
8710,TURC-M6,S,37,2026-01-03
8711,TURC-M8,S,61,2026-01-03
8712,CLAV-3P,E,145,2026-01-05
8713,ESMER-1,E,6,2026-01-05
8714,CINT-5M,S,1,2026-01-05
8715,CLAV-3P,S,5,2026-01-05
8716,FOCOS-L9,S,2,2026-01-05
8717,MART-2A,S,1,2026-01-05
8718,PINT-BG,S,1,2026-01-05
8719,ROND-M6,S,18,2026-01-05
8720,ROND-M8,S,8,2026-01-05
8721,TOMA-SNC,S,9,2026-01-05
8722,TORN-M10,S,15,2026-01-05
8723,TORN-M4,S,4,2026-01-05
8724,TORN-M8,S,23,2026-01-05
8725,TURC-M6,S,57,2026-01-05
8726,TURC-M8,S,22,2026-01-05
8727,CINT-5M,S,1,2026-01-06
8728,CLAV-3P,S,1,2026-01-06
8729,CODE-1P,S,4,2026-01-06
8730,CODE-2P,S,1,2026-01-06
8731,DEST-PH2,S,1,2026-01-06
8732,ESMER-1,S,1,2026-01-06
8733,FOCOS-L15,S,1,2026-01-06
8734,FOCOS-L9,S,1,2026-01-06
8735,LIJAD-1,S,1,2026-01-06
8736,LLAV-12,S,2,2026-01-06
8737,MART-2A,S,1,2026-01-06
8738,NIVE-60,S,1,2026-01-06
8739,PINT-BL,S,4,2026-01-06
8740,ROND-M6,S,19,2026-01-06
8741,ROND-M8,S,29,2026-01-06
8742,SIER-HK,S,1,2026-01-06
8743,TABL-2P,S,6,2026-01-06
8744,TOMA-SNC,S,11,2026-01-06
8745,TORN-M10,S,9,2026-01-06
8746,TORN-M4,S,2,2026-01-06
8747,TORN-M6,S,4,2026-01-06
8748,TORN-M8,S,11,2026-01-06
8749,TURC-M6,S,30,2026-01-06
8750,TURC-M8,S,9,2026-01-06
8751,CLAV-3P,S,1,2026-01-07
8752,CODE-2P,S,5,2026-01-07
8753,FOCOS-L15,S,3,2026-01-07
8754,FOCOS-L9,S,2,2026-01-07
8755,LIJAD-1,S,3,2026-01-07
8756,LLAV-12,S,1,2026-01-07
8757,PINT-BG,S,2,2026-01-07
8758,ROND-M6,S,12,2026-01-07
8759,ROND-M8,S,28,2026-01-07
8760,SIER-C1,S,1,2026-01-07
8761,TOMA-DBL,S,1,2026-01-07
8762,TOMA-SNC,S,14,2026-01-07
8763,TORN-M10,S,31,2026-01-07
8764,TORN-M4,S,5,2026-01-07
8765,TORN-M6,S,3,2026-01-07
8766,TORN-M8,S,3,2026-01-07
8767,TURC-M6,S,80,2026-01-07
8768,TURC-M8,S,39,2026-01-07
8769,CABL-12,E,55,2026-01-08
8770,CLAV-3P,S,3,2026-01-08
8771,CODE-2P,S,5,2026-01-08
8772,FOCOS-L9,S,1,2026-01-08
8773,INTE-SNC,S,1,2026-01-08
8774,MART-2A,S,2,2026-01-08
8775,NIVE-60,S,1,2026-01-08
8776,PINT-BL,S,4,2026-01-08
8777,PINT-GR,S,1,2026-01-08
8778,ROND-M6,S,19,2026-01-08
8779,ROND-M8,S,29,2026-01-08
8780,SIER-HK,S,1,2026-01-08
8781,TOMA-DBL,S,1,2026-01-08
8782,TOMA-SNC,S,9,2026-01-08
8783,TORN-M10,S,2,2026-01-08
8784,TORN-M4,S,6,2026-01-08
8785,TORN-M6,S,3,2026-01-08
8786,TORN-M8,S,13,2026-01-08
8787,TURC-M6,S,61,2026-01-08
8788,TURC-M8,S,114,2026-01-08
8789,CLAV-3P,S,8,2026-01-09
8790,CODE-1P,S,4,2026-01-09
8791,ESMA-NG,S,1,2026-01-09
8792,FOCOS-L15,S,1,2026-01-09
8793,FOCOS-L9,S,1,2026-01-09
8794,LLAV-12,S,1,2026-01-09
8795,PINT-BG,S,2,2026-01-09
8796,PINT-BL,S,2,2026-01-09
8797,ROND-M6,S,44,2026-01-09
8798,ROND-M8,S,12,2026-01-09
8799,SELL-TF,S,1,2026-01-09
8800,TABL-1P,S,1,2026-01-09
8801,TOMA-SNC,S,12,2026-01-09
8802,TORN-M10,S,5,2026-01-09
8803,TORN-M4,S,4,2026-01-09
8804,TORN-M6,S,6,2026-01-09
8805,TORN-M8,S,1,2026-01-09
8806,TUBO-1P,S,1,2026-01-09
8807,TURC-M6,S,26,2026-01-09
8808,TURC-M8,S,8,2026-01-09
8809,CLAV-3P,S,6,2026-01-10
8810,CODE-2P,S,1,2026-01-10
8811,LLAV-12,S,1,2026-01-10
8812,MART-2A,S,2,2026-01-10
8813,NIVE-60,S,1,2026-01-10
8814,ROND-M6,S,16,2026-01-10
8815,ROND-M8,S,5,2026-01-10
8816,SELL-TF,S,1,2026-01-10
8817,TOMA-DBL,S,1,2026-01-10
8818,TOMA-SNC,S,3,2026-01-10
8819,TORN-M10,S,10,2026-01-10
8820,TORN-M4,S,7,2026-01-10
8821,TORN-M6,S,4,2026-01-10
8822,TORN-M8,S,6,2026-01-10
8823,TUBO-1P,S,2,2026-01-10
8824,TURC-M6,S,47,2026-01-10
8825,TURC-M8,S,17,2026-01-10
8826,TABL-2P,E,11,2026-01-12
8827,TALDR-1,E,6,2026-01-12
8828,TOMA-SNC,E,500,2026-01-12
8829,BROD-4P,S,1,2026-01-12
8830,CLAV-3P,S,2,2026-01-12
8831,CODE-1P,S,5,2026-01-12
8832,CODE-2P,S,4,2026-01-12
8833,DEST-PL6,S,2,2026-01-12
8834,FOCOS-L9,S,2,2026-01-12
8835,LIJAD-1,S,1,2026-01-12
8836,NIVE-60,S,1,2026-01-12
8837,PINT-BG,S,1,2026-01-12
8838,PINT-BL,S,9,2026-01-12
8839,ROND-M6,S,35,2026-01-12
8840,ROND-M8,S,29,2026-01-12
8841,TOMA-DBL,S,2,2026-01-12
8842,TOMA-SNC,S,9,2026-01-12
8843,TORN-M10,S,7,2026-01-12
8844,TORN-M4,S,1,2026-01-12
8845,TORN-M6,S,2,2026-01-12
8846,TORN-M8,S,15,2026-01-12
8847,TURC-M6,S,66,2026-01-12
8848,TURC-M8,S,12,2026-01-12
8849,CLAV-2P,S,3,2026-01-13
8850,CLAV-3P,S,4,2026-01-13
8851,CODE-1P,S,1,2026-01-13
8852,DEST-PL6,S,1,2026-01-13
8853,ESMA-NG,S,1,2026-01-13
8854,FOCOS-L9,S,2,2026-01-13
8855,LIJAD-1,S,1,2026-01-13
8856,PINT-BL,S,7,2026-01-13
8857,ROND-M6,S,8,2026-01-13
8858,ROND-M8,S,18,2026-01-13
8859,SELL-TF,S,1,2026-01-13
8860,TOMA-SNC,S,13,2026-01-13
8861,TORN-M10,S,2,2026-01-13
8862,TORN-M4,S,4,2026-01-13
8863,TORN-M6,S,3,2026-01-13
8864,TORN-M8,S,2,2026-01-13
8865,TURC-M6,S,52,2026-01-13
8866,TURC-M8,S,21,2026-01-13
8867,BROD-2P,S,1,2026-01-14
8868,CLAV-3P,S,3,2026-01-14
8869,CODE-1P,S,1,2026-01-14
8870,CODE-2P,S,3,2026-01-14
8871,ESMA-NG,S,1,2026-01-14
8872,FOCOS-L15,S,1,2026-01-14
8873,FOCOS-L9,S,2,2026-01-14
8874,LIJAD-1,S,5,2026-01-14
8875,MART-2A,S,3,2026-01-14
8876,PINT-BG,S,1,2026-01-14
8877,PINT-BL,S,7,2026-01-14
8878,ROND-M6,S,29,2026-01-14
8879,ROND-M8,S,39,2026-01-14
8880,SIER-HK,S,1,2026-01-14
8881,TOMA-SNC,S,21,2026-01-14
8882,TORN-M10,S,8,2026-01-14
8883,TORN-M4,S,2,2026-01-14
8884,TORN-M8,S,5,2026-01-14
8885,TURC-M6,S,51,2026-01-14
8886,TURC-M8,S,38,2026-01-14
8887,CODE-1P,E,300,2026-01-15
8888,CLAV-3P,S,2,2026-01-15
8889,CODE-2P,S,1,2026-01-15
8890,LIJAD-1,S,1,2026-01-15
8891,MART-1A,S,1,2026-01-15
8892,PINT-GR,S,1,2026-01-15
8893,ROND-M6,S,14,2026-01-15
8894,ROND-M8,S,10,2026-01-15
8895,TOMA-SNC,S,6,2026-01-15
8896,TORN-M10,S,2,2026-01-15
8897,TORN-M4,S,1,2026-01-15
8898,TORN-M6,S,3,2026-01-15
8899,TORN-M8,S,11,2026-01-15
8900,TURC-M6,S,128,2026-01-15
8901,TURC-M8,S,8,2026-01-15
8902,BROD-4P,S,1,2026-01-16
8903,CLAV-3P,S,2,2026-01-16
8904,CODE-1P,S,5,2026-01-16
8905,ESMA-BL,S,1,2026-01-16
8906,ESMA-NG,S,2,2026-01-16
8907,FOCOS-L9,S,7,2026-01-16
8908,NIVE-60,S,1,2026-01-16
8909,PINT-BL,S,2,2026-01-16
8910,ROND-M6,S,10,2026-01-16
8911,ROND-M8,S,29,2026-01-16
8912,SELL-TF,S,1,2026-01-16
8913,TOMA-SNC,S,8,2026-01-16
8914,TORN-M10,S,12,2026-01-16
8915,TORN-M4,S,4,2026-01-16
8916,TORN-M6,S,4,2026-01-16
8917,TORN-M8,S,12,2026-01-16
8918,TURC-M6,S,62,2026-01-16
8919,TURC-M8,S,12,2026-01-16
8920,NIVE-60,E,20,2026-01-17
8921,CABL-14,S,6,2026-01-17
8922,CLAV-3P,S,1,2026-01-17
8923,CODE-1P,S,1,2026-01-17
8924,CODE-2P,S,2,2026-01-17
8925,ESMA-NG,S,1,2026-01-17
8926,FOCOS-L9,S,2,2026-01-17
8927,INTE-SNC,S,1,2026-01-17
8928,LLAV-12,S,2,2026-01-17
8929,PINT-BG,S,1,2026-01-17
8930,PLIE-6P,S,1,2026-01-17
8931,ROND-M6,S,43,2026-01-17
8932,ROND-M8,S,10,2026-01-17
8933,TOMA-SNC,S,15,2026-01-17
8934,TORN-M10,S,1,2026-01-17
8935,TORN-M4,S,4,2026-01-17
8936,TORN-M6,S,9,2026-01-17
8937,TORN-M8,S,14,2026-01-17
8938,TURC-M6,S,83,2026-01-17
8939,TURC-M8,S,68,2026-01-17
8940,CABL-12,S,11,2026-01-19
8941,CLAV-3P,S,1,2026-01-19
8942,CODE-1P,S,5,2026-01-19
8943,CODE-2P,S,2,2026-01-19
8944,DEST-PL6,S,1,2026-01-19
8945,FOCOS-L9,S,5,2026-01-19
8946,LIJAD-1,S,2,2026-01-19
8947,PINT-BL,S,4,2026-01-19
8948,PINT-GR,S,1,2026-01-19
8949,ROND-M6,S,3,2026-01-19
8950,ROND-M8,S,15,2026-01-19
8951,TOMA-SNC,S,13,2026-01-19
8952,TORN-M10,S,4,2026-01-19
8953,TORN-M4,S,8,2026-01-19
8954,TORN-M6,S,6,2026-01-19
8955,TORN-M8,S,4,2026-01-19
8956,TURC-M6,S,24,2026-01-19
8957,TURC-M8,S,12,2026-01-19
8958,CABL-14,E,15,2026-01-20
8959,SIER-C1,E,4,2026-01-20
8960,CLAV-3P,S,1,2026-01-20
8961,CODE-1P,S,1,2026-01-20
8962,FOCOS-L15,S,3,2026-01-20
8963,FOCOS-L9,S,1,2026-01-20
8964,MART-2A,S,1,2026-01-20
8965,PINT-BL,S,2,2026-01-20
8966,ROND-M6,S,8,2026-01-20
8967,ROND-M8,S,24,2026-01-20
8968,TABL-1P,S,1,2026-01-20
8969,TOMA-SNC,S,17,2026-01-20
8970,TORN-M4,S,8,2026-01-20
8971,TORN-M6,S,5,2026-01-20
8972,TORN-M8,S,54,2026-01-20
8973,TUBO-1P,S,1,2026-01-20
8974,TURC-M6,S,54,2026-01-20
8975,TURC-M8,S,47,2026-01-20
8976,BROD-2P,S,1,2026-01-21
8977,CINT-5M,S,1,2026-01-21
8978,CLAV-2P,S,1,2026-01-21
8979,CODE-1P,S,5,2026-01-21
8980,CODE-2P,S,2,2026-01-21
8981,DEST-PL6,S,1,2026-01-21
8982,FOCOS-L15,S,1,2026-01-21
8983,FOCOS-L9,S,2,2026-01-21
8984,LLAV-12,S,3,2026-01-21
8985,MART-2A,S,2,2026-01-21
8986,PINT-BL,S,12,2026-01-21
8987,ROND-M6,S,16,2026-01-21
8988,ROND-M8,S,24,2026-01-21
8989,TOMA-DBL,S,1,2026-01-21
8990,TOMA-SNC,S,10,2026-01-21
8991,TORN-M10,S,18,2026-01-21
8992,TORN-M4,S,6,2026-01-21
8993,TORN-M6,S,2,2026-01-21
8994,TORN-M8,S,28,2026-01-21
8995,TURC-M6,S,19,2026-01-21
8996,TURC-M8,S,4,2026-01-21
8997,FOCOS-L9,E,120,2026-01-22
8998,BROD-2P,S,1,2026-01-22
8999,CABL-12,S,12,2026-01-22
9000,CLAV-2P,S,1,2026-01-22
9001,CLAV-3P,S,3,2026-01-22
9002,CODE-1P,S,3,2026-01-22
9003,ESMA-NG,S,1,2026-01-22
9004,FOCOS-L9,S,1,2026-01-22
9005,LIJAD-1,S,1,2026-01-22
9006,LLAV-12,S,1,2026-01-22
9007,PINT-BL,S,1,2026-01-22
9008,ROND-M6,S,99,2026-01-22
9009,ROND-M8,S,16,2026-01-22
9010,SELL-TF,S,1,2026-01-22
9011,SIER-HK,S,1,2026-01-22
9012,TOMA-SNC,S,3,2026-01-22
9013,TORN-M10,S,11,2026-01-22
9014,TORN-M4,S,4,2026-01-22
9015,TORN-M6,S,6,2026-01-22
9016,TORN-M8,S,10,2026-01-22
9017,TURC-M6,S,41,2026-01-22
9018,TURC-M8,S,27,2026-01-22
9019,BROD-4P,S,1,2026-01-23
9020,CLAV-3P,S,16,2026-01-23
9021,CODE-1P,S,5,2026-01-23
9022,CODE-2P,S,1,2026-01-23
9023,ESMA-NG,S,2,2026-01-23
9024,FOCOS-L15,S,1,2026-01-23
9025,FOCOS-L9,S,5,2026-01-23
9026,MART-2A,S,2,2026-01-23
9027,PINT-BG,S,1,2026-01-23
9028,ROND-M6,S,29,2026-01-23
9029,ROND-M8,S,11,2026-01-23
9030,TOMA-SNC,S,10,2026-01-23
9031,TORN-M10,S,5,2026-01-23
9032,TORN-M4,S,8,2026-01-23
9033,TORN-M6,S,9,2026-01-23
9034,TORN-M8,S,7,2026-01-23
9035,TUBO-1P,S,1,2026-01-23
9036,TURC-M6,S,6,2026-01-23
9037,TURC-M8,S,88,2026-01-23
9038,LIJAD-1,E,41,2026-01-24
9039,BROD-4P,S,2,2026-01-24
9040,CLAV-2P,S,1,2026-01-24
9041,CLAV-3P,S,2,2026-01-24
9042,CODE-1P,S,7,2026-01-24
9043,CODE-2P,S,1,2026-01-24
9044,ESMER-1,S,2,2026-01-24
9045,FOCOS-L15,S,4,2026-01-24
9046,FOCOS-L9,S,1,2026-01-24
9047,MART-2A,S,2,2026-01-24
9048,PINT-BG,S,2,2026-01-24
9049,ROND-M6,S,49,2026-01-24
9050,ROND-M8,S,14,2026-01-24
9051,SELL-TF,S,1,2026-01-24
9052,TOMA-SNC,S,5,2026-01-24
9053,TORN-M10,S,3,2026-01-24
9054,TORN-M4,S,2,2026-01-24
9055,TORN-M6,S,3,2026-01-24
9056,TORN-M8,S,2,2026-01-24
9057,TUBO-1P,S,1,2026-01-24
9058,TURC-M6,S,34,2026-01-24
9059,TURC-M8,S,42,2026-01-24
9060,CABL-12,S,11,2026-01-26
9061,CODE-2P,S,1,2026-01-26
9062,FOCOS-L15,S,4,2026-01-26
9063,LIAV-10,S,1,2026-01-26
9064,LIJAD-1,S,4,2026-01-26
9065,PINT-BL,S,1,2026-01-26
9066,ROND-M6,S,21,2026-01-26
9067,ROND-M8,S,23,2026-01-26
9068,SELL-TF,S,1,2026-01-26
9069,TOMA-DBL,S,1,2026-01-26
9070,TOMA-SNC,S,12,2026-01-26
9071,TORN-M10,S,15,2026-01-26
9072,TORN-M4,S,7,2026-01-26
9073,TORN-M6,S,6,2026-01-26
9074,TORN-M8,S,18,2026-01-26
9075,TUBO-1P,S,1,2026-01-26
9076,TURC-M6,S,56,2026-01-26
9077,TURC-M8,S,12,2026-01-26
9078,MART-2A,E,46,2026-01-27
9079,CODE-1P,S,6,2026-01-27
9080,CODE-2P,S,3,2026-01-27
9081,ESMA-BL,S,1,2026-01-27
9082,ESMA-NG,S,2,2026-01-27
9083,FOCOS-L9,S,1,2026-01-27
9084,LLAV-12,S,1,2026-01-27
9085,PINT-BG,S,1,2026-01-27
9086,PINT-BL,S,1,2026-01-27
9087,ROND-M6,S,43,2026-01-27
9088,ROND-M8,S,21,2026-01-27
9089,TOMA-SNC,S,11,2026-01-27
9090,TORN-M10,S,9,2026-01-27
9091,TORN-M4,S,8,2026-01-27
9092,TORN-M6,S,6,2026-01-27
9093,TORN-M8,S,19,2026-01-27
9094,TURC-M6,S,27,2026-01-27
9095,TURC-M8,S,18,2026-01-27
9096,BROD-4P,E,30,2026-01-28
9097,CLAV-3P,S,3,2026-01-28
9098,CODE-1P,S,7,2026-01-28
9099,CODE-2P,S,4,2026-01-28
9100,FOCOS-L15,S,1,2026-01-28
9101,FOCOS-L9,S,1,2026-01-28
9102,LLAV-12,S,2,2026-01-28
9103,MART-2A,S,2,2026-01-28
9104,PINT-BL,S,1,2026-01-28
9105,PINT-GR,S,1,2026-01-28
9106,PLIE-8P,S,1,2026-01-28
9107,ROND-M6,S,32,2026-01-28
9108,ROND-M8,S,20,2026-01-28
9109,TOMA-DBL,S,1,2026-01-28
9110,TOMA-SNC,S,7,2026-01-28
9111,TORN-M10,S,8,2026-01-28
9112,TORN-M4,S,5,2026-01-28
9113,TORN-M6,S,2,2026-01-28
9114,TORN-M8,S,9,2026-01-28
9115,TURC-M6,S,41,2026-01-28
9116,TURC-M8,S,84,2026-01-28
9117,CALAD-1,S,1,2026-01-29
9118,CLAV-3P,S,2,2026-01-29
9119,CODE-1P,S,1,2026-01-29
9120,CODE-2P,S,1,2026-01-29
9121,INTE-SNC,S,1,2026-01-29
9122,MART-1A,S,1,2026-01-29
9123,PINT-BL,S,1,2026-01-29
9124,PINT-GR,S,1,2026-01-29
9125,PLIE-8P,S,3,2026-01-29
9126,ROND-M6,S,59,2026-01-29
9127,ROND-M8,S,52,2026-01-29
9128,SELL-TF,S,1,2026-01-29
9129,SIER-HK,S,1,2026-01-29
9130,TOMA-SNC,S,6,2026-01-29
9131,TORN-M10,S,8,2026-01-29
9132,TORN-M4,S,8,2026-01-29
9133,TORN-M6,S,4,2026-01-29
9134,TORN-M8,S,17,2026-01-29
9135,TURC-M6,S,9,2026-01-29
9136,TURC-M8,S,13,2026-01-29
9137,CLAV-2P,S,2,2026-01-30
9138,CLAV-3P,S,3,2026-01-30
9139,CODE-2P,S,1,2026-01-30
9140,DEST-PL6,S,1,2026-01-30
9141,ESMA-NG,S,1,2026-01-30
9142,FOCOS-L15,S,1,2026-01-30
9143,FOCOS-L9,S,1,2026-01-30
9144,LIJAD-1,S,3,2026-01-30
9145,LLAV-12,S,1,2026-01-30
9146,MART-2A,S,1,2026-01-30
9147,PINT-BG,S,1,2026-01-30
9148,PINT-BL,S,4,2026-01-30
9149,PLIE-6P,S,1,2026-01-30
9150,ROND-M6,S,44,2026-01-30
9151,ROND-M8,S,23,2026-01-30
9152,TOMA-SNC,S,23,2026-01-30
9153,TORN-M10,S,19,2026-01-30
9154,TORN-M4,S,13,2026-01-30
9155,TORN-M6,S,2,2026-01-30
9156,TORN-M8,S,20,2026-01-30
9157,TURC-M6,S,60,2026-01-30
9158,TURC-M8,S,2,2026-01-30
9159,CLAV-3P,S,6,2026-01-31
9160,CODE-1P,S,22,2026-01-31
9161,FOCOS-L15,S,1,2026-01-31
9162,FOCOS-L9,S,3,2026-01-31
9163,LLAV-12,S,1,2026-01-31
9164,PINT-BL,S,5,2026-01-31
9165,PINT-GR,S,1,2026-01-31
9166,ROND-M6,S,25,2026-01-31
9167,ROND-M8,S,13,2026-01-31
9168,TABL-1P,S,1,2026-01-31
9169,TOMA-SNC,S,10,2026-01-31
9170,TORN-M10,S,11,2026-01-31
9171,TORN-M4,S,5,2026-01-31
9172,TORN-M6,S,10,2026-01-31
9173,TORN-M8,S,2,2026-01-31
9174,TURC-M6,S,59,2026-01-31
9175,TURC-M8,S,10,2026-01-31
9176,LLAV-12,E,36,2026-02-02
9177,PLIE-8P,E,12,2026-02-02
9178,CINT-5M,S,1,2026-02-02
9179,CLAV-3P,S,4,2026-02-02
9180,CODE-1P,S,4,2026-02-02
9181,CODE-2P,S,1,2026-02-02
9182,FOCOS-L9,S,2,2026-02-02
9183,LIJAD-1,S,2,2026-02-02
9184,LLAV-12,S,1,2026-02-02
9185,MART-1A,S,1,2026-02-02
9186,NIVE-60,S,1,2026-02-02
9187,PINT-GR,S,1,2026-02-02
9188,PLIE-8P,S,1,2026-02-02
9189,ROND-M6,S,46,2026-02-02
9190,ROND-M8,S,22,2026-02-02
9191,TOMA-SNC,S,2,2026-02-02
9192,TORN-M10,S,1,2026-02-02
9193,TORN-M4,S,8,2026-02-02
9194,TORN-M6,S,3,2026-02-02
9195,TORN-M8,S,9,2026-02-02
9196,TURC-M6,S,55,2026-02-02
9197,TURC-M8,S,14,2026-02-02
9198,BROD-4P,S,1,2026-02-03
9199,CLAV-3P,S,2,2026-02-03
9200,CODE-1P,S,1,2026-02-03
9201,DEST-PH2,S,2,2026-02-03
9202,ESMA-NG,S,1,2026-02-03
9203,FOCOS-L9,S,1,2026-02-03
9204,PINT-BL,S,8,2026-02-03
9205,ROND-M6,S,18,2026-02-03
9206,ROND-M8,S,11,2026-02-03
9207,TOMA-SNC,S,8,2026-02-03
9208,TORN-M10,S,14,2026-02-03
9209,TORN-M4,S,8,2026-02-03
9210,TORN-M6,S,4,2026-02-03
9211,TORN-M8,S,9,2026-02-03
9212,TURC-M6,S,32,2026-02-03
9213,TURC-M8,S,27,2026-02-03
9214,PLIE-6P,E,16,2026-02-04
9215,CABL-12,S,11,2026-02-04
9216,CLAV-3P,S,1,2026-02-04
9217,CODE-1P,S,9,2026-02-04
9218,CODE-2P,S,2,2026-02-04
9219,FOCOS-L15,S,1,2026-02-04
9220,FOCOS-L9,S,4,2026-02-04
9221,LIJAD-1,S,2,2026-02-04
9222,PINT-BG,S,1,2026-02-04
9223,PINT-BL,S,15,2026-02-04
9224,PINT-GR,S,1,2026-02-04
9225,ROND-M6,S,4,2026-02-04
9226,ROND-M8,S,10,2026-02-04
9227,SELL-TF,S,2,2026-02-04
9228,SIER-C1,S,2,2026-02-04
9229,TOMA-SNC,S,1,2026-02-04
9230,TORN-M10,S,6,2026-02-04
9231,TORN-M4,S,1,2026-02-04
9232,TORN-M6,S,6,2026-02-04
9233,TORN-M8,S,12,2026-02-04
9234,TURC-M6,S,122,2026-02-04
9235,TURC-M8,S,6,2026-02-04
9236,BROD-4P,S,1,2026-02-05
9237,CINT-5M,S,1,2026-02-05
9238,CLAV-2P,S,1,2026-02-05
9239,CODE-1P,S,2,2026-02-05
9240,CODE-2P,S,1,2026-02-05
9241,DEST-PH2,S,1,2026-02-05
9242,DEST-PL6,S,2,2026-02-05
9243,ESMA-NG,S,2,2026-02-05
9244,FOCOS-L15,S,1,2026-02-05
9245,FOCOS-L9,S,5,2026-02-05
9246,LIJAD-1,S,3,2026-02-05
9247,PINT-BG,S,1,2026-02-05
9248,PINT-BL,S,8,2026-02-05
9249,PLIE-6P,S,1,2026-02-05
9250,ROND-M6,S,46,2026-02-05
9251,ROND-M8,S,43,2026-02-05
9252,TOMA-SNC,S,16,2026-02-05
9253,TORN-M10,S,13,2026-02-05
9254,TORN-M4,S,6,2026-02-05
9255,TORN-M6,S,2,2026-02-05
9256,TORN-M8,S,4,2026-02-05
9257,TUBO-1P,S,1,2026-02-05
9258,TURC-M6,S,38,2026-02-05
9259,TURC-M8,S,25,2026-02-05
9260,BROD-4P,S,1,2026-02-06
9261,CLAV-3P,S,1,2026-02-06
9262,CODE-1P,S,1,2026-02-06
9263,FOCOS-L15,S,3,2026-02-06
9264,MART-2A,S,1,2026-02-06
9265,PINT-BL,S,11,2026-02-06
9266,PLIE-6P,S,1,2026-02-06
9267,ROND-M6,S,19,2026-02-06
9268,ROND-M8,S,23,2026-02-06
9269,TOMA-SNC,S,30,2026-02-06
9270,TORN-M4,S,4,2026-02-06
9271,TORN-M8,S,16,2026-02-06
9272,TURC-M6,S,15,2026-02-06
9273,TURC-M8,S,10,2026-02-06
9274,CLAV-3P,S,1,2026-02-07
9275,CODE-1P,S,4,2026-02-07
9276,CODE-2P,S,4,2026-02-07
9277,DEST-PL6,S,1,2026-02-07
9278,ESMA-NG,S,3,2026-02-07
9279,FOCOS-L15,S,1,2026-02-07
9280,FOCOS-L9,S,6,2026-02-07
9281,LIAV-10,S,1,2026-02-07
9282,LIJAD-1,S,1,2026-02-07
9283,MART-2A,S,2,2026-02-07
9284,PINT-BL,S,2,2026-02-07
9285,ROND-M6,S,12,2026-02-07
9286,ROND-M8,S,29,2026-02-07
9287,TABL-1P,S,1,2026-02-07
9288,TOMA-SNC,S,12,2026-02-07
9289,TORN-M10,S,6,2026-02-07
9290,TORN-M4,S,3,2026-02-07
9291,TORN-M6,S,1,2026-02-07
9292,TORN-M8,S,14,2026-02-07
9293,TURC-M6,S,116,2026-02-07
9294,TURC-M8,S,14,2026-02-07
9295,TORN-M8,E,700,2026-02-09
9296,CLAV-3P,S,1,2026-02-09
9297,CODE-1P,S,6,2026-02-09
9298,DEST-PH2,S,1,2026-02-09
9299,ESMA-NG,S,1,2026-02-09
9300,FOCOS-L15,S,2,2026-02-09
9301,FOCOS-L9,S,3,2026-02-09
9302,MART-2A,S,1,2026-02-09
9303,NIVE-60,S,1,2026-02-09
9304,PINT-BG,S,1,2026-02-09
9305,PINT-BL,S,1,2026-02-09
9306,ROND-M6,S,11,2026-02-09
9307,ROND-M8,S,40,2026-02-09
9308,TOMA-SNC,S,11,2026-02-09
9309,TORN-M10,S,3,2026-02-09
9310,TORN-M4,S,6,2026-02-09
9311,TORN-M6,S,9,2026-02-09
9312,TORN-M8,S,6,2026-02-09
9313,TURC-M6,S,64,2026-02-09
9314,TURC-M8,S,31,2026-02-09
9315,MART-1A,E,20,2026-02-10
9316,CLAV-2P,S,1,2026-02-10
9317,CLAV-3P,S,2,2026-02-10
9318,CODE-1P,S,2,2026-02-10
9319,CODE-2P,S,1,2026-02-10
9320,ESMA-NG,S,1,2026-02-10
9321,FOCOS-L9,S,5,2026-02-10
9322,INTE-SNC,S,1,2026-02-10
9323,MART-1A,S,1,2026-02-10
9324,PINT-BG,S,2,2026-02-10
9325,PINT-BL,S,8,2026-02-10
9326,ROND-M6,S,17,2026-02-10
9327,ROND-M8,S,55,2026-02-10
9328,SELL-TF,S,1,2026-02-10
9329,TOMA-SNC,S,21,2026-02-10
9330,TORN-M10,S,18,2026-02-10
9331,TORN-M4,S,13,2026-02-10
9332,TORN-M6,S,7,2026-02-10
9333,TORN-M8,S,17,2026-02-10
9334,TURC-M6,S,55,2026-02-10
9335,TURC-M8,S,5,2026-02-10
9336,CINT-5M,S,1,2026-02-11
9337,CLAV-3P,S,3,2026-02-11
9338,CODE-1P,S,1,2026-02-11
9339,CODE-2P,S,4,2026-02-11
9340,ESMA-BL,S,1,2026-02-11
9341,ESMA-NG,S,1,2026-02-11
9342,FOCOS-L15,S,3,2026-02-11
9343,INTE-SNC,S,1,2026-02-11
9344,MART-2A,S,1,2026-02-11
9345,PINT-BL,S,4,2026-02-11
9346,PINT-GR,S,1,2026-02-11
9347,ROND-M6,S,31,2026-02-11
9348,ROND-M8,S,32,2026-02-11
9349,SELL-TF,S,1,2026-02-11
9350,SIER-HK,S,1,2026-02-11
9351,TOMA-DBL,S,1,2026-02-11
9352,TOMA-SNC,S,5,2026-02-11
9353,TORN-M10,S,14,2026-02-11
9354,TORN-M4,S,8,2026-02-11
9355,TORN-M8,S,25,2026-02-11
9356,TURC-M6,S,80,2026-02-11
9357,TURC-M8,S,3,2026-02-11
9358,CINT-5M,S,1,2026-02-12
9359,CLAV-3P,S,5,2026-02-12
9360,CODE-1P,S,6,2026-02-12
9361,CODE-2P,S,1,2026-02-12
9362,FOCOS-L9,S,1,2026-02-12
9363,LIJAD-1,S,3,2026-02-12
9364,LLAV-12,S,3,2026-02-12
9365,NIVE-60,S,1,2026-02-12
9366,PINT-BL,S,11,2026-02-12
9367,ROND-M6,S,24,2026-02-12
9368,ROND-M8,S,12,2026-02-12
9369,SIER-C1,S,1,2026-02-12
9370,TOMA-SNC,S,14,2026-02-12
9371,TORN-M10,S,25,2026-02-12
9372,TORN-M4,S,2,2026-02-12
9373,TORN-M6,S,2,2026-02-12
9374,TORN-M8,S,25,2026-02-12
9375,TURC-M6,S,33,2026-02-12
9376,TURC-M8,S,38,2026-02-12
9377,CLAV-3P,S,1,2026-02-13
9378,CODE-1P,S,4,2026-02-13
9379,ESMA-NG,S,3,2026-02-13
9380,FOCOS-L15,S,1,2026-02-13
9381,FOCOS-L9,S,3,2026-02-13
9382,LIAV-10,S,2,2026-02-13
9383,LIJAD-1,S,1,2026-02-13
9384,LLAV-12,S,1,2026-02-13
9385,MART-2A,S,1,2026-02-13
9386,NIVE-60,S,1,2026-02-13
9387,PINT-BG,S,1,2026-02-13
9388,PINT-BL,S,1,2026-02-13
9389,ROND-M6,S,25,2026-02-13
9390,ROND-M8,S,14,2026-02-13
9391,TOMA-SNC,S,5,2026-02-13
9392,TORN-M10,S,18,2026-02-13
9393,TORN-M4,S,5,2026-02-13
9394,TORN-M6,S,8,2026-02-13
9395,TORN-M8,S,14,2026-02-13
9396,TURC-M6,S,70,2026-02-13
9397,TURC-M8,S,40,2026-02-13
9398,CABL-12,S,14,2026-02-14
9399,CLAV-2P,S,1,2026-02-14
9400,CLAV-3P,S,2,2026-02-14
9401,DEST-PL6,S,1,2026-02-14
9402,LIJAD-1,S,1,2026-02-14
9403,LLAV-12,S,1,2026-02-14
9404,MART-2A,S,1,2026-02-14
9405,PINT-BG,S,1,2026-02-14
9406,PINT-BL,S,6,2026-02-14
9407,ROND-M6,S,7,2026-02-14
9408,ROND-M8,S,18,2026-02-14
9409,SELL-TF,S,1,2026-02-14
9410,SIER-HK,S,1,2026-02-14
9411,TABL-1P,S,1,2026-02-14
9412,TOMA-SNC,S,6,2026-02-14
9413,TORN-M4,S,1,2026-02-14
9414,TORN-M6,S,1,2026-02-14
9415,TORN-M8,S,21,2026-02-14
9416,TURC-M6,S,24,2026-02-14
9417,TURC-M8,S,31,2026-02-14
9418,BROD-2P,S,1,2026-02-16
9419,CODE-1P,S,4,2026-02-16
9420,CODE-2P,S,3,2026-02-16
9421,FOCOS-L15,S,1,2026-02-16
9422,FOCOS-L9,S,3,2026-02-16
9423,LLAV-12,S,1,2026-02-16
9424,MART-2A,S,2,2026-02-16
9425,PINT-BL,S,5,2026-02-16
9426,ROND-M6,S,20,2026-02-16
9427,ROND-M8,S,20,2026-02-16
9428,SELL-TF,S,1,2026-02-16
9429,TOMA-SNC,S,6,2026-02-16
9430,TORN-M10,S,13,2026-02-16
9431,TORN-M4,S,1,2026-02-16
9432,TORN-M6,S,1,2026-02-16
9433,TORN-M8,S,5,2026-02-16
9434,TURC-M6,S,129,2026-02-16
9435,TURC-M8,S,37,2026-02-16
9436,CLAV-3P,S,5,2026-02-17
9437,CODE-1P,S,4,2026-02-17
9438,DEST-PL6,S,1,2026-02-17
9439,FOCOS-L9,S,2,2026-02-17
9440,PINT-BL,S,6,2026-02-17
9441,ROND-M6,S,9,2026-02-17
9442,ROND-M8,S,17,2026-02-17
9443,TOMA-SNC,S,8,2026-02-17
9444,TORN-M10,S,6,2026-02-17
9445,TORN-M4,S,3,2026-02-17
9446,TORN-M6,S,5,2026-02-17
9447,TORN-M8,S,11,2026-02-17
9448,TURC-M6,S,37,2026-02-17
9449,TURC-M8,S,13,2026-02-17
9450,CABL-12,E,59,2026-02-18
9451,TABL-1P,E,6,2026-02-18
9452,CLAV-3P,S,3,2026-02-18
9453,CODE-1P,S,4,2026-02-18
9454,FOCOS-L9,S,1,2026-02-18
9455,LIJAD-1,S,3,2026-02-18
9456,PINT-BG,S,1,2026-02-18
9457,PINT-BL,S,8,2026-02-18
9458,ROND-M6,S,3,2026-02-18
9459,ROND-M8,S,29,2026-02-18
9460,TOMA-SNC,S,1,2026-02-18
9461,TORN-M10,S,13,2026-02-18
9462,TORN-M4,S,7,2026-02-18
9463,TORN-M6,S,7,2026-02-18
9464,TORN-M8,S,20,2026-02-18
9465,TUBO-2P,S,13,2026-02-18
9466,TURC-M6,S,18,2026-02-18
9467,TURC-M8,S,31,2026-02-18
9468,BROD-4P,S,1,2026-02-19
9469,CLAV-2P,S,1,2026-02-19
9470,CLAV-3P,S,10,2026-02-19
9471,CODE-1P,S,4,2026-02-19
9472,CODE-2P,S,2,2026-02-19
9473,ESMA-NG,S,1,2026-02-19
9474,FOCOS-L15,S,2,2026-02-19
9475,FOCOS-L9,S,2,2026-02-19
9476,PINT-BL,S,1,2026-02-19
9477,ROND-M6,S,21,2026-02-19
9478,ROND-M8,S,33,2026-02-19
9479,SELL-TF,S,1,2026-02-19
9480,TOMA-SNC,S,2,2026-02-19
9481,TORN-M10,S,3,2026-02-19
9482,TORN-M4,S,10,2026-02-19
9483,TORN-M6,S,5,2026-02-19
9484,TORN-M8,S,15,2026-02-19
9485,TURC-M6,S,123,2026-02-19
9486,TURC-M8,S,5,2026-02-19
9487,CODE-2P,E,120,2026-02-20
9488,CLAV-3P,S,4,2026-02-20
9489,CODE-1P,S,12,2026-02-20
9490,ESMA-NG,S,1,2026-02-20
9491,FOCOS-L9,S,8,2026-02-20
9492,LLAV-12,S,1,2026-02-20
9493,PINT-BG,S,4,2026-02-20
9494,PINT-BL,S,10,2026-02-20
9495,PLIE-6P,S,1,2026-02-20
9496,ROLLO-1,S,1,2026-02-20
9497,ROND-M6,S,57,2026-02-20
9498,ROND-M8,S,22,2026-02-20
9499,SELL-TF,S,2,2026-02-20
9500,TOMA-DBL,S,2,2026-02-20
9501,TOMA-SNC,S,30,2026-02-20
9502,TORN-M10,S,11,2026-02-20
9503,TORN-M4,S,7,2026-02-20
9504,TORN-M6,S,5,2026-02-20
9505,TORN-M8,S,10,2026-02-20
9506,TURC-M6,S,77,2026-02-20
9507,TURC-M8,S,7,2026-02-20
9508,BROD-4P,S,1,2026-02-21
9509,CINT-5M,S,2,2026-02-21
9510,CLAV-3P,S,7,2026-02-21
9511,CODE-1P,S,11,2026-02-21
9512,ESMA-NG,S,2,2026-02-21
9513,FOCOS-L15,S,1,2026-02-21
9514,FOCOS-L9,S,1,2026-02-21
9515,LIJAD-1,S,1,2026-02-21
9516,LLAV-12,S,4,2026-02-21
9517,PINT-BL,S,6,2026-02-21
9518,PLIE-6P,S,1,2026-02-21
9519,ROND-M6,S,2,2026-02-21
9520,ROND-M8,S,20,2026-02-21
9521,SELL-TF,S,1,2026-02-21
9522,TOMA-DBL,S,2,2026-02-21
9523,TOMA-SNC,S,9,2026-02-21
9524,TORN-M10,S,8,2026-02-21
9525,TORN-M4,S,8,2026-02-21
9526,TORN-M6,S,8,2026-02-21
9527,TORN-M8,S,20,2026-02-21
9528,TUBO-1P,S,1,2026-02-21
9529,TURC-M6,S,59,2026-02-21
9530,TURC-M8,S,49,2026-02-21
9531,PINT-BL,E,195,2026-02-23
9532,TURC-M6,E,3000,2026-02-23
9533,TURC-M8,E,1450,2026-02-23
9534,CINT-5M,S,1,2026-02-23
9535,CLAV-3P,S,6,2026-02-23
9536,CODE-1P,S,8,2026-02-23
9537,CODE-2P,S,2,2026-02-23
9538,ESMA-NG,S,2,2026-02-23
9539,FOCOS-L15,S,1,2026-02-23
9540,LIJAD-1,S,1,2026-02-23
9541,LLAV-12,S,1,2026-02-23
9542,PINT-BG,S,1,2026-02-23
9543,PINT-BL,S,5,2026-02-23
9544,ROLLO-1,S,1,2026-02-23
9545,ROND-M6,S,3,2026-02-23
9546,ROND-M8,S,16,2026-02-23
9547,TOMA-SNC,S,10,2026-02-23
9548,TORN-M10,S,7,2026-02-23
9549,TORN-M4,S,1,2026-02-23
9550,TORN-M6,S,7,2026-02-23
9551,TORN-M8,S,6,2026-02-23
9552,TUBO-1P,S,1,2026-02-23
9553,TURC-M6,S,6,2026-02-23
9554,SIER-HK,E,16,2026-02-24
9555,CLAV-3P,S,1,2026-02-24
9556,CODE-1P,S,5,2026-02-24
9557,CODE-2P,S,1,2026-02-24
9558,DEST-PL6,S,1,2026-02-24
9559,ESMA-NG,S,2,2026-02-24
9560,FOCOS-L9,S,1,2026-02-24
9561,LIJAD-1,S,1,2026-02-24
9562,LLAV-12,S,1,2026-02-24
9563,ROLLO-1,S,1,2026-02-24
9564,ROND-M6,S,23,2026-02-24
9565,ROND-M8,S,5,2026-02-24
9566,TOMA-DBL,S,1,2026-02-24
9567,TOMA-SNC,S,12,2026-02-24
9568,TORN-M10,S,7,2026-02-24
9569,TORN-M4,S,11,2026-02-24
9570,TORN-M6,S,5,2026-02-24
9571,TORN-M8,S,28,2026-02-24
9572,TURC-M6,S,26,2026-02-24
9573,TURC-M8,S,9,2026-02-24
9574,BROD-2P,S,1,2026-02-25
9575,CLAV-2P,S,1,2026-02-25
9576,CLAV-3P,S,2,2026-02-25
9577,CODE-1P,S,4,2026-02-25
9578,CODE-2P,S,5,2026-02-25
9579,FOCOS-L15,S,1,2026-02-25
9580,FOCOS-L9,S,1,2026-02-25
9581,LLAV-12,S,2,2026-02-25
9582,NIVE-60,S,1,2026-02-25
9583,PINT-BL,S,12,2026-02-25
9584,PINT-GR,S,2,2026-02-25
9585,PLIE-6P,S,1,2026-02-25
9586,ROND-M6,S,28,2026-02-25
9587,ROND-M8,S,2,2026-02-25
9588,TOMA-SNC,S,10,2026-02-25
9589,TORN-M10,S,13,2026-02-25
9590,TORN-M4,S,9,2026-02-25
9591,TORN-M6,S,4,2026-02-25
9592,TORN-M8,S,7,2026-02-25
9593,TURC-M6,S,53,2026-02-25
9594,TURC-M8,S,14,2026-02-25
9595,CINT-5M,S,1,2026-02-26
9596,CLAV-3P,S,1,2026-02-26
9597,CODE-1P,S,2,2026-02-26
9598,CODE-2P,S,1,2026-02-26
9599,DEST-PH2,S,1,2026-02-26
9600,DEST-PL6,S,1,2026-02-26
9601,INTE-SNC,S,1,2026-02-26
9602,LIJAD-1,S,2,2026-02-26
9603,LLAV-12,S,1,2026-02-26
9604,PINT-BG,S,2,2026-02-26
9605,PINT-BL,S,4,2026-02-26
9606,PINT-GR,S,1,2026-02-26
9607,ROND-M6,S,48,2026-02-26
9608,ROND-M8,S,44,2026-02-26
9609,SELL-TF,S,1,2026-02-26
9610,TOMA-DBL,S,1,2026-02-26
9611,TOMA-SNC,S,6,2026-02-26
9612,TORN-M10,S,6,2026-02-26
9613,TORN-M4,S,3,2026-02-26
9614,TORN-M6,S,6,2026-02-26
9615,TORN-M8,S,8,2026-02-26
9616,TURC-M6,S,28,2026-02-26
9617,TURC-M8,S,30,2026-02-26
9618,CABL-12,S,9,2026-02-27
9619,CINT-5M,S,1,2026-02-27
9620,CLAV-2P,S,1,2026-02-27
9621,CLAV-3P,S,3,2026-02-27
9622,CODE-2P,S,4,2026-02-27
9623,FOCOS-L15,S,1,2026-02-27
9624,FOCOS-L9,S,4,2026-02-27
9625,INTE-SNC,S,1,2026-02-27
9626,MART-1A,S,1,2026-02-27
9627,MART-2A,S,1,2026-02-27
9628,PINT-BG,S,2,2026-02-27
9629,PINT-BL,S,5,2026-02-27
9630,ROND-M6,S,8,2026-02-27
9631,ROND-M8,S,17,2026-02-27
9632,SELL-TF,S,2,2026-02-27
9633,TOMA-SNC,S,6,2026-02-27
9634,TORN-M10,S,9,2026-02-27
9635,TORN-M4,S,9,2026-02-27
9636,TORN-M6,S,3,2026-02-27
9637,TORN-M8,S,14,2026-02-27
9638,TURC-M6,S,33,2026-02-27
9639,TURC-M8,S,63,2026-02-27
9640,CLAV-2P,S,2,2026-02-28
9641,CLAV-3P,S,4,2026-02-28
9642,CODE-1P,S,8,2026-02-28
9643,CODE-2P,S,1,2026-02-28
9644,DEST-PH2,S,1,2026-02-28
9645,FOCOS-L15,S,3,2026-02-28
9646,LIAV-10,S,1,2026-02-28
9647,MART-2A,S,1,2026-02-28
9648,NIVE-60,S,1,2026-02-28
9649,PINT-BG,S,2,2026-02-28
9650,PINT-BL,S,3,2026-02-28
9651,PINT-GR,S,1,2026-02-28
9652,ROND-M6,S,35,2026-02-28
9653,ROND-M8,S,17,2026-02-28
9654,TOMA-SNC,S,19,2026-02-28
9655,TORN-M10,S,8,2026-02-28
9656,TORN-M6,S,7,2026-02-28
9657,TORN-M8,S,14,2026-02-28
9658,TUBO-1P,S,1,2026-02-28
9659,TURC-M6,S,21,2026-02-28
9660,TURC-M8,S,70,2026-02-28
9661,CLAV-3P,E,140,2026-03-02
9662,ESMA-NG,E,42,2026-03-02
9663,TORN-M10,E,450,2026-03-02
9664,BROD-4P,S,1,2026-03-02
9665,CALAD-1,S,1,2026-03-02
9666,CLAV-2P,S,1,2026-03-02
9667,CLAV-3P,S,3,2026-03-02
9668,CODE-1P,S,12,2026-03-02
9669,CODE-2P,S,4,2026-03-02
9670,FOCOS-L15,S,5,2026-03-02
9671,INTE-SNC,S,2,2026-03-02
9672,LIJAD-1,S,3,2026-03-02
9673,LLAV-12,S,1,2026-03-02
9674,MART-2A,S,3,2026-03-02
9675,PINT-BL,S,1,2026-03-02
9676,PINT-GR,S,1,2026-03-02
9677,ROND-M6,S,12,2026-03-02
9678,ROND-M8,S,23,2026-03-02
9679,SELL-TF,S,1,2026-03-02
9680,TOMA-DBL,S,2,2026-03-02
9681,TOMA-SNC,S,3,2026-03-02
9682,TORN-M10,S,24,2026-03-02
9683,TORN-M4,S,9,2026-03-02
9684,TORN-M6,S,7,2026-03-02
9685,TORN-M8,S,4,2026-03-02
9686,TUBO-1P,S,1,2026-03-02
9687,TURC-M6,S,50,2026-03-02
9688,TURC-M8,S,8,2026-03-02
9689,BROD-4P,S,2,2026-03-03
9690,CLAV-3P,S,1,2026-03-03
9691,CODE-1P,S,3,2026-03-03
9692,CODE-2P,S,2,2026-03-03
9693,DEST-PL6,S,1,2026-03-03
9694,ESMER-1,S,2,2026-03-03
9695,FOCOS-L9,S,1,2026-03-03
9696,LIAV-10,S,1,2026-03-03
9697,LLAV-12,S,1,2026-03-03
9698,MART-2A,S,1,2026-03-03
9699,PINT-BG,S,1,2026-03-03
9700,PINT-BL,S,7,2026-03-03
9701,PINT-GR,S,1,2026-03-03
9702,ROND-M6,S,42,2026-03-03
9703,ROND-M8,S,3,2026-03-03
9704,TOMA-DBL,S,1,2026-03-03
9705,TOMA-SNC,S,1,2026-03-03
9706,TORN-M10,S,4,2026-03-03
9707,TORN-M4,S,3,2026-03-03
9708,TORN-M6,S,4,2026-03-03
9709,TORN-M8,S,24,2026-03-03
9710,TUBO-1P,S,1,2026-03-03
9711,TURC-M6,S,125,2026-03-03
9712,TURC-M8,S,61,2026-03-03
9713,TOMA-SNC,E,490,2026-03-04
9714,CLAV-2P,S,1,2026-03-04
9715,CLAV-3P,S,5,2026-03-04
9716,CODE-1P,S,2,2026-03-04
9717,FOCOS-L15,S,2,2026-03-04
9718,FOCOS-L9,S,3,2026-03-04
9719,LIJAD-1,S,5,2026-03-04
9720,LLAV-12,S,6,2026-03-04
9721,PINT-BL,S,6,2026-03-04
9722,ROND-M6,S,4,2026-03-04
9723,ROND-M8,S,7,2026-03-04
9724,SIER-HK,S,1,2026-03-04
9725,TOMA-SNC,S,5,2026-03-04
9726,TORN-M10,S,12,2026-03-04
9727,TORN-M4,S,6,2026-03-04
9728,TORN-M6,S,4,2026-03-04
9729,TORN-M8,S,6,2026-03-04
9730,TURC-M6,S,11,2026-03-04
9731,TURC-M8,S,16,2026-03-04
9732,CLAV-2P,S,1,2026-03-05
9733,CLAV-3P,S,3,2026-03-05
9734,CODE-1P,S,1,2026-03-05
9735,CODE-2P,S,4,2026-03-05
9736,FOCOS-L15,S,2,2026-03-05
9737,FOCOS-L9,S,2,2026-03-05
9738,LIAV-10,S,1,2026-03-05
9739,LIJAD-1,S,2,2026-03-05
9740,MART-2A,S,3,2026-03-05
9741,NIVE-60,S,1,2026-03-05
9742,PINT-BL,S,13,2026-03-05
9743,PINT-GR,S,2,2026-03-05
9744,ROND-M6,S,21,2026-03-05
9745,ROND-M8,S,24,2026-03-05
9746,TOMA-DBL,S,1,2026-03-05
9747,TOMA-SNC,S,3,2026-03-05
9748,TORN-M10,S,13,2026-03-05
9749,TORN-M4,S,4,2026-03-05
9750,TORN-M6,S,6,2026-03-05
9751,TORN-M8,S,17,2026-03-05
9752,TUBO-1P,S,1,2026-03-05
9753,TURC-M6,S,19,2026-03-05
9754,TURC-M8,S,84,2026-03-05
9755,CLAV-2P,S,1,2026-03-06
9756,CLAV-3P,S,4,2026-03-06
9757,CODE-1P,S,3,2026-03-06
9758,DEST-PL6,S,1,2026-03-06
9759,FOCOS-L15,S,2,2026-03-06
9760,FOCOS-L9,S,3,2026-03-06
9761,LLAV-12,S,1,2026-03-06
9762,NIVE-60,S,1,2026-03-06
9763,PINT-BG,S,3,2026-03-06
9764,PINT-BL,S,1,2026-03-06
9765,ROND-M6,S,39,2026-03-06
9766,ROND-M8,S,12,2026-03-06
9767,SELL-TF,S,1,2026-03-06
9768,SIER-HK,S,1,2026-03-06
9769,TOMA-SNC,S,1,2026-03-06
9770,TORN-M10,S,2,2026-03-06
9771,TORN-M6,S,2,2026-03-06
9772,TORN-M8,S,8,2026-03-06
9773,TURC-M6,S,28,2026-03-06
9774,TURC-M8,S,36,2026-03-06
9775,PINT-BG,E,38,2026-03-07
9776,CLAV-3P,S,2,2026-03-07
9777,CODE-1P,S,1,2026-03-07
9778,CODE-2P,S,2,2026-03-07
9779,FOCOS-L9,S,3,2026-03-07
9780,LIAV-10,S,1,2026-03-07
9781,LIJAD-1,S,2,2026-03-07
9782,NIVE-60,S,1,2026-03-07
9783,PINT-BG,S,1,2026-03-07
9784,PINT-BL,S,1,2026-03-07
9785,PLIE-6P,S,1,2026-03-07
9786,ROND-M6,S,68,2026-03-07
9787,ROND-M8,S,21,2026-03-07
9788,SIER-C1,S,1,2026-03-07
9789,SIER-HK,S,1,2026-03-07
9790,TABL-2P,S,6,2026-03-07
9791,TOMA-SNC,S,25,2026-03-07
9792,TORN-M10,S,1,2026-03-07
9793,TORN-M4,S,4,2026-03-07
9794,TORN-M6,S,1,2026-03-07
9795,TORN-M8,S,10,2026-03-07
9796,TURC-M6,S,79,2026-03-07
9797,TURC-M8,S,19,2026-03-07
9798,BROD-2P,S,1,2026-03-09
9799,CLAV-3P,S,4,2026-03-09
9800,CODE-1P,S,2,2026-03-09
9801,CODE-2P,S,4,2026-03-09
9802,LIAV-10,S,1,2026-03-09
9803,LLAV-12,S,3,2026-03-09
9804,MART-2A,S,1,2026-03-09
9805,NIVE-60,S,2,2026-03-09
9806,PINT-BG,S,1,2026-03-09
9807,PINT-BL,S,6,2026-03-09
9808,PLIE-6P,S,1,2026-03-09
9809,ROND-M6,S,49,2026-03-09
9810,ROND-M8,S,15,2026-03-09
9811,TOMA-SNC,S,12,2026-03-09
9812,TORN-M10,S,2,2026-03-09
9813,TORN-M6,S,1,2026-03-09
9814,TORN-M8,S,19,2026-03-09
9815,TURC-M6,S,61,2026-03-09
9816,TURC-M8,S,39,2026-03-09
9817,CABL-12,S,6,2026-03-10
9818,CLAV-3P,S,6,2026-03-10
9819,CODE-1P,S,1,2026-03-10
9820,CODE-2P,S,2,2026-03-10
9821,FOCOS-L9,S,3,2026-03-10
9822,INTE-SNC,S,1,2026-03-10
9823,LLAV-12,S,1,2026-03-10
9824,MART-2A,S,3,2026-03-10
9825,NIVE-60,S,1,2026-03-10
9826,PINT-BG,S,1,2026-03-10
9827,PINT-BL,S,10,2026-03-10
9828,PINT-GR,S,2,2026-03-10
9829,PLIE-8P,S,1,2026-03-10
9830,ROLLO-1,S,1,2026-03-10
9831,ROND-M6,S,34,2026-03-10
9832,ROND-M8,S,86,2026-03-10
9833,SIER-HK,S,1,2026-03-10
9834,TABL-1P,S,1,2026-03-10
9835,TOMA-SNC,S,5,2026-03-10
9836,TORN-M10,S,3,2026-03-10
9837,TORN-M4,S,12,2026-03-10
9838,TORN-M6,S,3,2026-03-10
9839,TORN-M8,S,1,2026-03-10
9840,TURC-M6,S,10,2026-03-10
9841,TURC-M8,S,8,2026-03-10
9842,BROD-2P,S,2,2026-03-11
9843,CODE-1P,S,3,2026-03-11
9844,CODE-2P,S,1,2026-03-11
9845,FOCOS-L15,S,2,2026-03-11
9846,FOCOS-L9,S,1,2026-03-11
9847,LIJAD-1,S,2,2026-03-11
9848,LLAV-12,S,2,2026-03-11
9849,PINT-BG,S,2,2026-03-11
9850,PINT-BL,S,4,2026-03-11
9851,ROLLO-1,S,1,2026-03-11
9852,ROND-M6,S,36,2026-03-11
9853,ROND-M8,S,9,2026-03-11
9854,SELL-TF,S,1,2026-03-11
9855,TOMA-SNC,S,14,2026-03-11
9856,TORN-M10,S,1,2026-03-11
9857,TORN-M4,S,4,2026-03-11
9858,TORN-M6,S,4,2026-03-11
9859,TORN-M8,S,5,2026-03-11
9860,TURC-M6,S,10,2026-03-11
9861,TURC-M8,S,25,2026-03-11
9862,CLAV-3P,S,1,2026-03-12
9863,CODE-1P,S,1,2026-03-12
9864,CODE-2P,S,4,2026-03-12
9865,DEST-PH2,S,1,2026-03-12
9866,LIJAD-1,S,1,2026-03-12
9867,NIVE-60,S,1,2026-03-12
9868,PINT-BG,S,1,2026-03-12
9869,PINT-BL,S,2,2026-03-12
9870,PINT-GR,S,3,2026-03-12
9871,ROND-M6,S,21,2026-03-12
9872,ROND-M8,S,13,2026-03-12
9873,SELL-TF,S,3,2026-03-12
9874,TOMA-SNC,S,12,2026-03-12
9875,TORN-M10,S,9,2026-03-12
9876,TORN-M4,S,1,2026-03-12
9877,TORN-M6,S,6,2026-03-12
9878,TORN-M8,S,2,2026-03-12
9879,TURC-M6,S,42,2026-03-12
9880,TURC-M8,S,7,2026-03-12
9881,PINT-GR,E,30,2026-03-13
9882,BROD-4P,S,4,2026-03-13
9883,CLAV-3P,S,1,2026-03-13
9884,CODE-1P,S,4,2026-03-13
9885,FOCOS-L15,S,1,2026-03-13
9886,FOCOS-L9,S,4,2026-03-13
9887,LIJAD-1,S,1,2026-03-13
9888,MART-1A,S,1,2026-03-13
9889,NIVE-60,S,1,2026-03-13
9890,PINT-BG,S,1,2026-03-13
9891,PINT-BL,S,6,2026-03-13
9892,PINT-GR,S,1,2026-03-13
9893,ROND-M6,S,4,2026-03-13
9894,ROND-M8,S,17,2026-03-13
9895,TOMA-SNC,S,8,2026-03-13
9896,TORN-M10,S,18,2026-03-13
9897,TORN-M4,S,1,2026-03-13
9898,TORN-M6,S,8,2026-03-13
9899,TORN-M8,S,1,2026-03-13
9900,TURC-M6,S,12,2026-03-13
9901,TURC-M8,S,60,2026-03-13
9902,ESMER-1,E,6,2026-03-14
9903,CLAV-3P,S,1,2026-03-14
9904,CODE-1P,S,7,2026-03-14
9905,CODE-2P,S,1,2026-03-14
9906,FOCOS-L9,S,4,2026-03-14
9907,MART-2A,S,5,2026-03-14
9908,PINT-BL,S,1,2026-03-14
9909,PINT-GR,S,1,2026-03-14
9910,ROND-M6,S,36,2026-03-14
9911,ROND-M8,S,19,2026-03-14
9912,SELL-TF,S,1,2026-03-14
9913,TOMA-SNC,S,2,2026-03-14
9914,TORN-M10,S,4,2026-03-14
9915,TORN-M4,S,3,2026-03-14
9916,TORN-M6,S,12,2026-03-14
9917,TORN-M8,S,19,2026-03-14
9918,TURC-M6,S,25,2026-03-14
9919,TURC-M8,S,76,2026-03-14
9920,CLAV-3P,S,4,2026-03-16
9921,CODE-1P,S,3,2026-03-16
9922,ESMER-1,S,1,2026-03-16
9923,FOCOS-L15,S,3,2026-03-16
9924,FOCOS-L9,S,1,2026-03-16
9925,INTE-SNC,S,1,2026-03-16
9926,LIAV-10,S,1,2026-03-16
9927,MART-2A,S,1,2026-03-16
9928,NIVE-60,S,2,2026-03-16
9929,PINT-BG,S,1,2026-03-16
9930,PINT-GR,S,1,2026-03-16
9931,ROND-M6,S,11,2026-03-16
9932,ROND-M8,S,3,2026-03-16
9933,SELL-TF,S,1,2026-03-16
9934,TOMA-SNC,S,5,2026-03-16
9935,TORN-M10,S,9,2026-03-16
9936,TORN-M6,S,7,2026-03-16
9937,TORN-M8,S,15,2026-03-16
9938,TURC-M6,S,23,2026-03-16
9939,TURC-M8,S,58,2026-03-16
9940,CINT-5M,S,1,2026-03-17
9941,CLAV-3P,S,2,2026-03-17
9942,CODE-1P,S,6,2026-03-17
9943,CODE-2P,S,2,2026-03-17
9944,INTE-SNC,S,1,2026-03-17
9945,LIJAD-1,S,1,2026-03-17
9946,MART-2A,S,2,2026-03-17
9947,PINT-BL,S,7,2026-03-17
9948,ROLLO-1,S,1,2026-03-17
9949,ROND-M6,S,31,2026-03-17
9950,ROND-M8,S,11,2026-03-17
9951,TOMA-SNC,S,4,2026-03-17
9952,TORN-M10,S,3,2026-03-17
9953,TORN-M6,S,10,2026-03-17
9954,TORN-M8,S,13,2026-03-17
9955,TURC-M6,S,37,2026-03-17
9956,TURC-M8,S,6,2026-03-17
9957,CLAV-3P,S,11,2026-03-18
9958,CODE-1P,S,3,2026-03-18
9959,CODE-2P,S,8,2026-03-18
9960,FOCOS-L15,S,2,2026-03-18
9961,FOCOS-L9,S,1,2026-03-18
9962,INTE-SNC,S,2,2026-03-18
9963,LIJAD-1,S,4,2026-03-18
9964,LLAV-12,S,2,2026-03-18
9965,MART-2A,S,1,2026-03-18
9966,PINT-BG,S,1,2026-03-18
9967,PINT-BL,S,3,2026-03-18
9968,ROND-M6,S,34,2026-03-18
9969,ROND-M8,S,28,2026-03-18
9970,SIER-C1,S,1,2026-03-18
9971,TABL-1P,S,1,2026-03-18
9972,TOMA-SNC,S,8,2026-03-18
9973,TORN-M10,S,8,2026-03-18
9974,TORN-M4,S,3,2026-03-18
9975,TORN-M6,S,16,2026-03-18
9976,TORN-M8,S,17,2026-03-18
9977,TURC-M6,S,42,2026-03-18
9978,TURC-M8,S,10,2026-03-18
9979,ROND-M6,E,2050,2026-03-19
9980,CALAD-1,S,1,2026-03-19
9981,CINT-5M,S,2,2026-03-19
9982,CLAV-3P,S,4,2026-03-19
9983,CODE-1P,S,2,2026-03-19
9984,CODE-2P,S,2,2026-03-19
9985,FOCOS-L9,S,3,2026-03-19
9986,LIJAD-1,S,2,2026-03-19
9987,LLAV-12,S,2,2026-03-19
9988,PINT-BG,S,1,2026-03-19
9989,PINT-BL,S,1,2026-03-19
9990,PINT-GR,S,2,2026-03-19
9991,PLIE-6P,S,1,2026-03-19
9992,ROND-M6,S,30,2026-03-19
9993,ROND-M8,S,29,2026-03-19
9994,TOMA-SNC,S,8,2026-03-19
9995,TORN-M10,S,9,2026-03-19
9996,TORN-M4,S,7,2026-03-19
9997,TORN-M6,S,3,2026-03-19
9998,TORN-M8,S,12,2026-03-19
9999,TURC-M6,S,70,2026-03-19
10000,TURC-M8,S,48,2026-03-19
10001,CABL-12,S,11,2026-03-20
10002,CLAV-2P,S,2,2026-03-20
10003,CLAV-3P,S,1,2026-03-20
10004,CODE-1P,S,4,2026-03-20
10005,CODE-2P,S,1,2026-03-20
10006,FOCOS-L15,S,4,2026-03-20
10007,LIJAD-1,S,2,2026-03-20
10008,LLAV-12,S,2,2026-03-20
10009,MART-2A,S,2,2026-03-20
10010,PINT-BG,S,2,2026-03-20
10011,PINT-BL,S,7,2026-03-20
10012,PLIE-8P,S,1,2026-03-20
10013,ROND-M6,S,44,2026-03-20
10014,ROND-M8,S,70,2026-03-20
10015,TOMA-DBL,S,1,2026-03-20
10016,TOMA-SNC,S,29,2026-03-20
10017,TORN-M10,S,12,2026-03-20
10018,TORN-M4,S,12,2026-03-20
10019,TORN-M6,S,11,2026-03-20
10020,TORN-M8,S,13,2026-03-20
10021,TURC-M6,S,14,2026-03-20
10022,TURC-M8,S,27,2026-03-20
10023,BROD-4P,S,3,2026-03-21
10024,CALAD-1,S,1,2026-03-21
10025,CODE-1P,S,3,2026-03-21
10026,CODE-2P,S,1,2026-03-21
10027,INTE-SNC,S,1,2026-03-21
10028,LIAV-10,S,1,2026-03-21
10029,MART-2A,S,1,2026-03-21
10030,PINT-BG,S,1,2026-03-21
10031,PINT-BL,S,4,2026-03-21
10032,ROND-M6,S,16,2026-03-21
10033,ROND-M8,S,1,2026-03-21
10034,TOMA-SNC,S,22,2026-03-21
10035,TORN-M10,S,6,2026-03-21
10036,TORN-M4,S,3,2026-03-21
10037,TORN-M6,S,3,2026-03-21
10038,TORN-M8,S,8,2026-03-21
10039,TUBO-1P,S,1,2026-03-21
10040,TURC-M6,S,32,2026-03-21
10041,TURC-M8,S,21,2026-03-21
10042,LIJAD-1,E,40,2026-03-23
10043,BROD-4P,S,2,2026-03-23
10044,CABL-12,S,11,2026-03-23
10045,CINT-5M,S,1,2026-03-23
10046,CLAV-3P,S,2,2026-03-23
10047,CODE-1P,S,1,2026-03-23
10048,CODE-2P,S,3,2026-03-23
10049,FOCOS-L9,S,5,2026-03-23
10050,PINT-BL,S,2,2026-03-23
10051,PINT-GR,S,2,2026-03-23
10052,ROND-M6,S,17,2026-03-23
10053,ROND-M8,S,22,2026-03-23
10054,TOMA-SNC,S,5,2026-03-23
10055,TORN-M10,S,9,2026-03-23
10056,TORN-M4,S,10,2026-03-23
10057,TORN-M6,S,1,2026-03-23
10058,TURC-M6,S,22,2026-03-23
10059,TURC-M8,S,20,2026-03-23
10060,CLAV-3P,S,2,2026-03-24
10061,CODE-1P,S,1,2026-03-24
10062,CODE-2P,S,4,2026-03-24
10063,FOCOS-L15,S,1,2026-03-24
10064,FOCOS-L9,S,1,2026-03-24
10065,LIJAD-1,S,1,2026-03-24
10066,MART-2A,S,1,2026-03-24
10067,PINT-BG,S,4,2026-03-24
10068,PINT-BL,S,13,2026-03-24
10069,ROND-M6,S,17,2026-03-24
10070,ROND-M8,S,21,2026-03-24
10071,TOMA-DBL,S,1,2026-03-24
10072,TOMA-SNC,S,18,2026-03-24
10073,TORN-M10,S,7,2026-03-24
10074,TORN-M4,S,7,2026-03-24
10075,TORN-M6,S,6,2026-03-24
10076,TORN-M8,S,7,2026-03-24
10077,TURC-M6,S,26,2026-03-24
10078,TURC-M8,S,13,2026-03-24
10079,LLAV-12,E,36,2026-03-25
10080,ROND-M8,E,1850,2026-03-25
10081,CLAV-2P,S,1,2026-03-25
10082,CLAV-3P,S,4,2026-03-25
10083,DEST-PH2,S,1,2026-03-25
10084,FOCOS-L15,S,1,2026-03-25
10085,FOCOS-L9,S,1,2026-03-25
10086,LIJAD-1,S,1,2026-03-25
10087,LLAV-12,S,2,2026-03-25
10088,MART-2A,S,1,2026-03-25
10089,NIVE-60,S,1,2026-03-25
10090,PINT-BG,S,1,2026-03-25
10091,PINT-BL,S,3,2026-03-25
10092,ROND-M6,S,55,2026-03-25
10093,ROND-M8,S,11,2026-03-25
10094,SELL-TF,S,2,2026-03-25
10095,TOMA-SNC,S,7,2026-03-25
10096,TORN-M10,S,12,2026-03-25
10097,TORN-M4,S,2,2026-03-25
10098,TORN-M6,S,8,2026-03-25
10099,TORN-M8,S,1,2026-03-25
10100,TURC-M6,S,67,2026-03-25
10101,TURC-M8,S,46,2026-03-25
10102,CLAV-3P,S,1,2026-03-26
10103,CODE-2P,S,2,2026-03-26
10104,FOCOS-L9,S,1,2026-03-26
10105,LIJAD-1,S,1,2026-03-26
10106,LLAV-12,S,1,2026-03-26
10107,MART-2A,S,4,2026-03-26
10108,PINT-BL,S,11,2026-03-26
10109,PINT-GR,S,1,2026-03-26
10110,ROLLO-1,S,1,2026-03-26
10111,ROND-M6,S,19,2026-03-26
10112,ROND-M8,S,42,2026-03-26
10113,SELL-TF,S,2,2026-03-26
10114,TOMA-SNC,S,16,2026-03-26
10115,TORN-M10,S,5,2026-03-26
10116,TORN-M4,S,2,2026-03-26
10117,TORN-M6,S,3,2026-03-26
10118,TORN-M8,S,8,2026-03-26
10119,TURC-M6,S,91,2026-03-26
10120,TURC-M8,S,30,2026-03-26
10121,SIER-C1,E,4,2026-03-27
10122,BROD-4P,S,2,2026-03-27
10123,CABL-12,S,4,2026-03-27
10124,CINT-5M,S,1,2026-03-27
10125,CLAV-3P,S,9,2026-03-27
10126,CODE-1P,S,10,2026-03-27
10127,CODE-2P,S,1,2026-03-27
10128,DEST-PL6,S,1,2026-03-27
10129,FOCOS-L15,S,1,2026-03-27
10130,FOCOS-L9,S,1,2026-03-27
10131,LIAV-10,S,1,2026-03-27
10132,LIJAD-1,S,8,2026-03-27
10133,MART-2A,S,1,2026-03-27
10134,PINT-BG,S,1,2026-03-27
10135,PINT-BL,S,2,2026-03-27
10136,PLIE-8P,S,1,2026-03-27
10137,ROND-M6,S,74,2026-03-27
10138,ROND-M8,S,29,2026-03-27
10139,SIER-C1,S,1,2026-03-27
10140,TOMA-SNC,S,18,2026-03-27
10141,TORN-M10,S,4,2026-03-27
10142,TORN-M6,S,2,2026-03-27
10143,TORN-M8,S,14,2026-03-27
10144,TURC-M6,S,37,2026-03-27
10145,TURC-M8,S,36,2026-03-27
10146,CABL-12,S,5,2026-03-28
10147,CLAV-3P,S,1,2026-03-28
10148,CODE-1P,S,4,2026-03-28
10149,CODE-2P,S,1,2026-03-28
10150,FOCOS-L15,S,2,2026-03-28
10151,FOCOS-L9,S,2,2026-03-28
10152,LIAV-10,S,1,2026-03-28
10153,LIJAD-1,S,1,2026-03-28
10154,MART-2A,S,2,2026-03-28
10155,PINT-BL,S,6,2026-03-28
10156,ROND-M6,S,57,2026-03-28
10157,ROND-M8,S,32,2026-03-28
10158,SELL-TF,S,5,2026-03-28
10159,SIER-C1,S,1,2026-03-28
10160,TOMA-SNC,S,18,2026-03-28
10161,TORN-M10,S,4,2026-03-28
10162,TORN-M4,S,2,2026-03-28
10163,TORN-M6,S,4,2026-03-28
10164,TORN-M8,S,4,2026-03-28
10165,TURC-M6,S,56,2026-03-28
10166,TURC-M8,S,50,2026-03-28
10167,CLAV-2P,S,1,2026-03-30
10168,CLAV-3P,S,3,2026-03-30
10169,CODE-1P,S,2,2026-03-30
10170,DEST-PH2,S,1,2026-03-30
10171,DEST-PL6,S,1,2026-03-30
10172,ESMER-1,S,1,2026-03-30
10173,FOCOS-L15,S,1,2026-03-30
10174,INTE-SNC,S,1,2026-03-30
10175,LIJAD-1,S,1,2026-03-30
10176,NIVE-60,S,3,2026-03-30
10177,PINT-BG,S,1,2026-03-30
10178,PINT-BL,S,1,2026-03-30
10179,PLIE-6P,S,1,2026-03-30
10180,PLIE-8P,S,2,2026-03-30
10181,ROLLO-1,S,1,2026-03-30
10182,ROND-M6,S,21,2026-03-30
10183,ROND-M8,S,68,2026-03-30
10184,SELL-TF,S,1,2026-03-30
10185,TOMA-DBL,S,1,2026-03-30
10186,TOMA-SNC,S,11,2026-03-30
10187,TORN-M10,S,9,2026-03-30
10188,TORN-M4,S,5,2026-03-30
10189,TORN-M6,S,14,2026-03-30
10190,TORN-M8,S,15,2026-03-30
10191,TURC-M6,S,20,2026-03-30
10192,TURC-M8,S,14,2026-03-30
10193,CINT-5M,E,20,2026-03-31
10194,MART-2A,E,46,2026-03-31
10195,BROD-4P,S,1,2026-03-31
10196,CABL-14,S,12,2026-03-31
10197,CLAV-2P,S,2,2026-03-31
10198,CLAV-3P,S,2,2026-03-31
10199,CODE-1P,S,3,2026-03-31
10200,CODE-2P,S,3,2026-03-31
10201,DEST-PH2,S,1,2026-03-31
10202,FOCOS-L9,S,7,2026-03-31
10203,LIAV-10,S,1,2026-03-31
10204,LIJAD-1,S,1,2026-03-31
10205,LLAV-12,S,1,2026-03-31
10206,MART-2A,S,1,2026-03-31
10207,PINT-BG,S,3,2026-03-31
10208,PINT-BL,S,12,2026-03-31
10209,PINT-GR,S,2,2026-03-31
10210,ROND-M6,S,1,2026-03-31
10211,ROND-M8,S,15,2026-03-31
10212,TABL-1P,S,1,2026-03-31
10213,TOMA-DBL,S,1,2026-03-31
10214,TOMA-SNC,S,11,2026-03-31
10215,TORN-M4,S,9,2026-03-31
10216,TORN-M6,S,14,2026-03-31
10217,TORN-M8,S,20,2026-03-31
10218,TURC-M6,S,36,2026-03-31
10219,TURC-M8,S,9,2026-03-31
10220,BROD-4P,S,1,2026-04-01
10221,CLAV-3P,S,5,2026-04-01
10222,CODE-1P,S,6,2026-04-01
10223,CODE-2P,S,2,2026-04-01
10224,DEST-PH2,S,2,2026-04-01
10225,FOCOS-L9,S,6,2026-04-01
10226,LLAV-12,S,2,2026-04-01
10227,MART-2A,S,3,2026-04-01
10228,PINT-BG,S,1,2026-04-01
10229,PINT-BL,S,12,2026-04-01
10230,ROLLO-1,S,1,2026-04-01
10231,ROND-M6,S,14,2026-04-01
10232,ROND-M8,S,21,2026-04-01
10233,SELL-TF,S,3,2026-04-01
10234,TORN-M10,S,8,2026-04-01
10235,TORN-M4,S,3,2026-04-01
10236,TORN-M6,S,3,2026-04-01
10237,TORN-M8,S,3,2026-04-01
10238,TURC-M6,S,37,2026-04-01
10239,TURC-M8,S,46,2026-04-01
10240,LIAV-10,E,16,2026-04-02
10241,CINT-5M,S,1,2026-04-02
10242,CLAV-3P,S,1,2026-04-02
10243,CODE-1P,S,3,2026-04-02
10244,CODE-2P,S,2,2026-04-02
10245,ESMER-1,S,1,2026-04-02
10246,FOCOS-L15,S,1,2026-04-02
10247,FOCOS-L9,S,1,2026-04-02
10248,LLAV-12,S,2,2026-04-02
10249,MART-2A,S,1,2026-04-02
10250,PINT-BL,S,7,2026-04-02
10251,PLIE-6P,S,1,2026-04-02
10252,ROND-M6,S,74,2026-04-02
10253,ROND-M8,S,28,2026-04-02
10254,TOMA-SNC,S,1,2026-04-02
10255,TORN-M10,S,11,2026-04-02
10256,TORN-M6,S,4,2026-04-02
10257,TORN-M8,S,6,2026-04-02
10258,TURC-M6,S,25,2026-04-02
10259,TURC-M8,S,11,2026-04-02
10260,CLAV-3P,S,2,2026-04-03
10261,CODE-1P,S,2,2026-04-03
10262,CODE-2P,S,1,2026-04-03
10263,LIAV-10,S,1,2026-04-03
10264,LLAV-12,S,1,2026-04-03
10265,MART-2A,S,1,2026-04-03
10266,PINT-BL,S,5,2026-04-03
10267,PLIE-6P,S,1,2026-04-03
10268,ROND-M6,S,6,2026-04-03
10269,ROND-M8,S,30,2026-04-03
10270,SELL-TF,S,1,2026-04-03
10271,TOMA-SNC,S,6,2026-04-03
10272,TORN-M10,S,5,2026-04-03
10273,TORN-M4,S,2,2026-04-03
10274,TORN-M6,S,5,2026-04-03
10275,TORN-M8,S,11,2026-04-03
10276,TUBO-1P,S,1,2026-04-03
10277,TURC-M6,S,4,2026-04-03
10278,TURC-M8,S,51,2026-04-03
10279,CLAV-3P,S,5,2026-04-04
10280,CODE-1P,S,2,2026-04-04
10281,CODE-2P,S,1,2026-04-04
10282,DEST-PL6,S,3,2026-04-04
10283,FOCOS-L15,S,1,2026-04-04
10284,FOCOS-L9,S,1,2026-04-04
10285,LLAV-12,S,1,2026-04-04
10286,MART-2A,S,1,2026-04-04
10287,NIVE-60,S,1,2026-04-04
10288,PINT-BL,S,8,2026-04-04
10289,PINT-GR,S,1,2026-04-04
10290,ROND-M6,S,10,2026-04-04
10291,ROND-M8,S,40,2026-04-04
10292,TOMA-SNC,S,3,2026-04-04
10293,TORN-M10,S,10,2026-04-04
10294,TORN-M6,S,8,2026-04-04
10295,TORN-M8,S,6,2026-04-04
10296,TURC-M6,S,106,2026-04-04
10297,TURC-M8,S,22,2026-04-04
10298,NIVE-60,E,22,2026-04-06
10299,CABL-12,S,13,2026-04-06
10300,CINT-5M,S,1,2026-04-06
10301,CLAV-2P,S,2,2026-04-06
10302,CLAV-3P,S,6,2026-04-06
10303,CODE-1P,S,5,2026-04-06
10304,DEST-PH2,S,1,2026-04-06
10305,FOCOS-L9,S,8,2026-04-06
10306,INTE-SNC,S,1,2026-04-06
10307,LIJAD-1,S,2,2026-04-06
10308,LLAV-12,S,1,2026-04-06
10309,NIVE-60,S,1,2026-04-06
10310,PINT-BG,S,1,2026-04-06
10311,PINT-BL,S,5,2026-04-06
10312,ROND-M6,S,41,2026-04-06
10313,ROND-M8,S,26,2026-04-06
10314,TOMA-DBL,S,1,2026-04-06
10315,TOMA-SNC,S,1,2026-04-06
10316,TORN-M10,S,1,2026-04-06
10317,TORN-M4,S,8,2026-04-06
10318,TORN-M8,S,5,2026-04-06
10319,TUBO-1P,S,1,2026-04-06
10320,TURC-M6,S,20,2026-04-06
10321,TURC-M8,S,44,2026-04-06
10322,CABL-14,E,12,2026-04-07
10323,PINT-BL,E,195,2026-04-07
10324,BROD-4P,S,1,2026-04-07
10325,CINT-5M,S,1,2026-04-07
10326,CLAV-3P,S,2,2026-04-07
10327,CODE-1P,S,6,2026-04-07
10328,CODE-2P,S,1,2026-04-07
10329,FOCOS-L15,S,2,2026-04-07
10330,FOCOS-L9,S,8,2026-04-07
10331,LIJAD-1,S,2,2026-04-07
10332,PINT-BG,S,1,2026-04-07
10333,PINT-BL,S,9,2026-04-07
10334,PINT-GR,S,1,2026-04-07
10335,ROND-M6,S,63,2026-04-07
10336,ROND-M8,S,19,2026-04-07
10337,TOMA-SNC,S,1,2026-04-07
10338,TORN-M10,S,10,2026-04-07
10339,TORN-M4,S,4,2026-04-07
10340,TORN-M8,S,18,2026-04-07
10341,TURC-M6,S,21,2026-04-07
10342,TURC-M8,S,49,2026-04-07
10343,CABL-12,S,4,2026-04-08
10344,CLAV-3P,S,2,2026-04-08
10345,CODE-1P,S,2,2026-04-08
10346,FOCOS-L15,S,1,2026-04-08
10347,FOCOS-L9,S,3,2026-04-08
10348,LIAV-10,S,1,2026-04-08
10349,LIJAD-1,S,2,2026-04-08
10350,LLAV-12,S,1,2026-04-08
10351,PINT-BL,S,3,2026-04-08
10352,ROND-M6,S,19,2026-04-08
10353,ROND-M8,S,9,2026-04-08
10354,TOMA-SNC,S,10,2026-04-08
10355,TORN-M10,S,6,2026-04-08
10356,TORN-M4,S,2,2026-04-08
10357,TORN-M6,S,14,2026-04-08
10358,TORN-M8,S,18,2026-04-08
10359,TURC-M6,S,4,2026-04-08
10360,TURC-M8,S,15,2026-04-08
10361,FOCOS-L9,E,125,2026-04-09
10362,BROD-4P,S,3,2026-04-09
10363,CLAV-3P,S,3,2026-04-09
10364,CODE-1P,S,4,2026-04-09
10365,CODE-2P,S,2,2026-04-09
10366,FOCOS-L9,S,1,2026-04-09
10367,LIJAD-1,S,3,2026-04-09
10368,LLAV-12,S,1,2026-04-09
10369,PINT-BL,S,6,2026-04-09
10370,PLIE-6P,S,2,2026-04-09
10371,ROND-M6,S,9,2026-04-09
10372,ROND-M8,S,16,2026-04-09
10373,TOMA-SNC,S,6,2026-04-09
10374,TORN-M10,S,4,2026-04-09
10375,TORN-M4,S,3,2026-04-09
10376,TORN-M6,S,11,2026-04-09
10377,TORN-M8,S,10,2026-04-09
10378,TUBO-1P,S,1,2026-04-09
10379,TURC-M6,S,67,2026-04-09
10380,TURC-M8,S,14,2026-04-09
10381,CLAV-3P,S,4,2026-04-10
10382,CODE-1P,S,3,2026-04-10
10383,CODE-2P,S,3,2026-04-10
10384,FOCOS-L9,S,2,2026-04-10
10385,INTE-SNC,S,3,2026-04-10
10386,LIAV-10,S,1,2026-04-10
10387,LIJAD-1,S,1,2026-04-10
10388,PINT-BG,S,2,2026-04-10
10389,PINT-BL,S,4,2026-04-10
10390,ROND-M6,S,10,2026-04-10
10391,ROND-M8,S,25,2026-04-10
10392,TOMA-SNC,S,7,2026-04-10
10393,TORN-M10,S,6,2026-04-10
10394,TORN-M4,S,10,2026-04-10
10395,TORN-M6,S,1,2026-04-10
10396,TORN-M8,S,26,2026-04-10
10397,TURC-M6,S,86,2026-04-10
10398,TURC-M8,S,3,2026-04-10
10399,CINT-5M,S,1,2026-04-11
10400,CLAV-3P,S,2,2026-04-11
10401,CODE-1P,S,9,2026-04-11
10402,CODE-2P,S,3,2026-04-11
10403,DEST-PH2,S,2,2026-04-11
10404,FOCOS-L9,S,3,2026-04-11
10405,INTE-SNC,S,1,2026-04-11
10406,PINT-BL,S,7,2026-04-11
10407,PINT-GR,S,1,2026-04-11
10408,ROND-M6,S,28,2026-04-11
10409,ROND-M8,S,13,2026-04-11
10410,TOMA-SNC,S,11,2026-04-11
10411,TORN-M10,S,20,2026-04-11
10412,TORN-M4,S,11,2026-04-11
10413,TORN-M6,S,7,2026-04-11
10414,TORN-M8,S,7,2026-04-11
10415,TURC-M6,S,19,2026-04-11
10416,TURC-M8,S,42,2026-04-11
10417,BROD-4P,S,1,2026-04-13
10418,CINT-5M,S,1,2026-04-13
10419,CLAV-2P,S,1,2026-04-13
10420,CLAV-3P,S,1,2026-04-13
10421,CODE-1P,S,6,2026-04-13
10422,FOCOS-L15,S,1,2026-04-13
10423,INTE-SNC,S,1,2026-04-13
10424,LIJAD-1,S,1,2026-04-13
10425,LLAV-12,S,5,2026-04-13
10426,MART-2A,S,5,2026-04-13
10427,ROND-M6,S,19,2026-04-13
10428,ROND-M8,S,11,2026-04-13
10429,TOMA-SNC,S,15,2026-04-13
10430,TORN-M10,S,8,2026-04-13
10431,TORN-M4,S,1,2026-04-13
10432,TORN-M6,S,5,2026-04-13
10433,TORN-M8,S,14,2026-04-13
10434,TURC-M6,S,46,2026-04-13
10435,TURC-M8,S,74,2026-04-13
10436,BROD-4P,S,3,2026-04-14
10437,CINT-5M,S,1,2026-04-14
10438,CLAV-3P,S,1,2026-04-14
10439,CODE-1P,S,10,2026-04-14
10440,DEST-PL6,S,1,2026-04-14
10441,ESMER-1,S,1,2026-04-14
10442,FOCOS-L9,S,3,2026-04-14
10443,LIJAD-1,S,5,2026-04-14
10444,PINT-BG,S,1,2026-04-14
10445,PINT-BL,S,14,2026-04-14
10446,ROND-M6,S,8,2026-04-14
10447,ROND-M8,S,57,2026-04-14
10448,TOMA-DBL,S,1,2026-04-14
10449,TOMA-SNC,S,30,2026-04-14
10450,TORN-M10,S,7,2026-04-14
10451,TORN-M4,S,2,2026-04-14
10452,TORN-M6,S,5,2026-04-14
10453,TORN-M8,S,8,2026-04-14
10454,TURC-M6,S,24,2026-04-14
10455,TURC-M8,S,36,2026-04-14
10456,CINT-5M,S,2,2026-04-15
10457,CLAV-3P,S,1,2026-04-15
10458,CODE-1P,S,6,2026-04-15
10459,DEST-PH2,S,1,2026-04-15
10460,DEST-PL6,S,1,2026-04-15
10461,FOCOS-L15,S,1,2026-04-15
10462,FOCOS-L9,S,2,2026-04-15
10463,LIJAD-1,S,1,2026-04-15
10464,MART-1A,S,1,2026-04-15
10465,PINT-BL,S,10,2026-04-15
10466,PINT-GR,S,1,2026-04-15
10467,ROND-M6,S,15,2026-04-15
10468,ROND-M8,S,34,2026-04-15
10469,SELL-TF,S,1,2026-04-15
10470,TOMA-SNC,S,13,2026-04-15
10471,TORN-M10,S,7,2026-04-15
10472,TORN-M4,S,1,2026-04-15
10473,TORN-M6,S,7,2026-04-15
10474,TORN-M8,S,16,2026-04-15
10475,TURC-M6,S,32,2026-04-15
10476,TURC-M8,S,10,2026-04-15
10477,CABL-12,E,59,2026-04-16
10478,TURC-M8,E,1450,2026-04-16
10479,BROD-2P,S,1,2026-04-16
10480,CABL-12,S,17,2026-04-16
10481,CLAV-3P,S,1,2026-04-16
10482,CODE-1P,S,3,2026-04-16
10483,FOCOS-L15,S,2,2026-04-16
10484,FOCOS-L9,S,3,2026-04-16
10485,PINT-BG,S,1,2026-04-16
10486,PINT-BL,S,2,2026-04-16
10487,PINT-GR,S,1,2026-04-16
10488,ROND-M6,S,91,2026-04-16
10489,ROND-M8,S,32,2026-04-16
10490,SIER-HK,S,1,2026-04-16
10491,TOMA-SNC,S,4,2026-04-16
10492,TORN-M10,S,10,2026-04-16
10493,TORN-M4,S,1,2026-04-16
10494,TORN-M6,S,6,2026-04-16
10495,TORN-M8,S,45,2026-04-16
10496,TUBO-1P,S,2,2026-04-16
10497,TURC-M6,S,69,2026-04-16
10498,TURC-M8,S,59,2026-04-16
10499,CLAV-2P,S,2,2026-04-17
10500,CLAV-3P,S,3,2026-04-17
10501,CODE-2P,S,2,2026-04-17
10502,DEST-PH2,S,1,2026-04-17
10503,LIAV-10,S,1,2026-04-17
10504,LLAV-12,S,1,2026-04-17
10505,MART-2A,S,1,2026-04-17
10506,PINT-BG,S,2,2026-04-17
10507,PINT-BL,S,2,2026-04-17
10508,ROLLO-1,S,1,2026-04-17
10509,ROND-M6,S,18,2026-04-17
10510,ROND-M8,S,11,2026-04-17
10511,SELL-TF,S,3,2026-04-17
10512,TOMA-DBL,S,1,2026-04-17
10513,TOMA-SNC,S,10,2026-04-17
10514,TORN-M10,S,3,2026-04-17
10515,TORN-M4,S,5,2026-04-17
10516,TORN-M8,S,5,2026-04-17
10517,TURC-M6,S,27,2026-04-17
10518,TURC-M8,S,9,2026-04-17
10519,TORN-M8,E,700,2026-04-18
10520,BROD-2P,S,1,2026-04-18
10521,CLAV-2P,S,1,2026-04-18
10522,CLAV-3P,S,2,2026-04-18
10523,CODE-1P,S,4,2026-04-18
10524,CODE-2P,S,2,2026-04-18
10525,ESMA-BL,S,1,2026-04-18
10526,FOCOS-L15,S,1,2026-04-18
10527,FOCOS-L9,S,1,2026-04-18
10528,LIJAD-1,S,2,2026-04-18
10529,LLAV-12,S,4,2026-04-18
10530,MART-2A,S,1,2026-04-18
10531,PINT-BG,S,3,2026-04-18
10532,PINT-BL,S,9,2026-04-18
10533,ROLLO-1,S,1,2026-04-18
10534,ROND-M6,S,13,2026-04-18
10535,ROND-M8,S,14,2026-04-18
10536,SIER-C1,S,2,2026-04-18
10537,TOMA-SNC,S,15,2026-04-18
10538,TORN-M10,S,17,2026-04-18
10539,TORN-M4,S,5,2026-04-18
10540,TORN-M8,S,4,2026-04-18
10541,TUBO-1P,S,2,2026-04-18
10542,TURC-M6,S,52,2026-04-18
10543,TURC-M8,S,14,2026-04-18
10544,CODE-1P,E,300,2026-04-20
10545,CINT-5M,S,1,2026-04-20
10546,CLAV-3P,S,2,2026-04-20
10547,CODE-1P,S,22,2026-04-20
10548,FOCOS-L9,S,1,2026-04-20
10549,INTE-SNC,S,1,2026-04-20
10550,LIJAD-1,S,2,2026-04-20
10551,LLAV-12,S,1,2026-04-20
10552,MART-1A,S,1,2026-04-20
10553,MART-2A,S,1,2026-04-20
10554,PINT-BL,S,3,2026-04-20
10555,PINT-GR,S,3,2026-04-20
10556,ROND-M6,S,17,2026-04-20
10557,ROND-M8,S,6,2026-04-20
10558,TOMA-SNC,S,13,2026-04-20
10559,TORN-M10,S,5,2026-04-20
10560,TORN-M4,S,12,2026-04-20
10561,TORN-M6,S,1,2026-04-20
10562,TORN-M8,S,10,2026-04-20
10563,TURC-M6,S,102,2026-04-20
10564,TURC-M8,S,35,2026-04-20
10565,BROD-4P,S,1,2026-04-21
10566,CODE-1P,S,7,2026-04-21
10567,CODE-2P,S,1,2026-04-21
10568,FOCOS-L15,S,1,2026-04-21
10569,FOCOS-L9,S,2,2026-04-21
10570,INTE-SNC,S,1,2026-04-21
10571,MART-1A,S,1,2026-04-21
10572,NIVE-60,S,2,2026-04-21
10573,PINT-BG,S,4,2026-04-21
10574,PINT-BL,S,12,2026-04-21
10575,PINT-GR,S,1,2026-04-21
10576,ROND-M6,S,63,2026-04-21
10577,ROND-M8,S,11,2026-04-21
10578,TOMA-DBL,S,2,2026-04-21
10579,TOMA-SNC,S,6,2026-04-21
10580,TORN-M10,S,9,2026-04-21
10581,TORN-M6,S,12,2026-04-21
10582,TORN-M8,S,23,2026-04-21
10583,TURC-M6,S,133,2026-04-21
10584,TURC-M8,S,40,2026-04-21
10585,BROD-4P,S,1,2026-04-22
10586,CLAV-3P,S,1,2026-04-22
10587,CODE-1P,S,1,2026-04-22
10588,DEST-PL6,S,1,2026-04-22
10589,FOCOS-L15,S,1,2026-04-22
10590,FOCOS-L9,S,4,2026-04-22
10591,INTE-SNC,S,1,2026-04-22
10592,MART-2A,S,1,2026-04-22
10593,NIVE-60,S,1,2026-04-22
10594,PINT-BL,S,5,2026-04-22
10595,PINT-GR,S,1,2026-04-22
10596,ROND-M6,S,8,2026-04-22
10597,ROND-M8,S,79,2026-04-22
10598,TOMA-SNC,S,17,2026-04-22
10599,TORN-M10,S,13,2026-04-22
10600,TORN-M4,S,10,2026-04-22
10601,TORN-M6,S,5,2026-04-22
10602,TORN-M8,S,11,2026-04-22
10603,TURC-M6,S,39,2026-04-22
10604,TURC-M8,S,34,2026-04-22
10605,BROD-4P,S,1,2026-04-23
10606,CABL-12,S,10,2026-04-23
10607,CODE-1P,S,1,2026-04-23
10608,DEST-PH2,S,1,2026-04-23
10609,FOCOS-L9,S,1,2026-04-23
10610,INTE-SNC,S,1,2026-04-23
10611,LIJAD-1,S,2,2026-04-23
10612,LLAV-12,S,2,2026-04-23
10613,MART-2A,S,3,2026-04-23
10614,NIVE-60,S,1,2026-04-23
10615,PINT-BG,S,5,2026-04-23
10616,PINT-BL,S,2,2026-04-23
10617,ROND-M6,S,18,2026-04-23
10618,ROND-M8,S,17,2026-04-23
10619,SELL-TF,S,1,2026-04-23
10620,TOMA-DBL,S,1,2026-04-23
10621,TOMA-SNC,S,23,2026-04-23
10622,TORN-M10,S,4,2026-04-23
10623,TORN-M4,S,6,2026-04-23
10624,TORN-M6,S,5,2026-04-23
10625,TORN-M8,S,5,2026-04-23
10626,TURC-M6,S,87,2026-04-23
10627,TURC-M8,S,45,2026-04-23
10628,TUBO-1P,E,30,2026-04-24
10629,CINT-5M,S,2,2026-04-24
10630,CLAV-2P,S,2,2026-04-24
10631,CLAV-3P,S,3,2026-04-24
10632,CODE-1P,S,14,2026-04-24
10633,DEST-PL6,S,1,2026-04-24
10634,FOCOS-L15,S,1,2026-04-24
10635,INTE-SNC,S,2,2026-04-24
10636,LLAV-12,S,3,2026-04-24
10637,NIVE-60,S,1,2026-04-24
10638,PINT-BL,S,1,2026-04-24
10639,ROND-M6,S,6,2026-04-24
10640,ROND-M8,S,6,2026-04-24
10641,TOMA-SNC,S,19,2026-04-24
10642,TORN-M10,S,5,2026-04-24
10643,TORN-M4,S,5,2026-04-24
10644,TORN-M6,S,1,2026-04-24
10645,TORN-M8,S,1,2026-04-24
10646,TURC-M6,S,22,2026-04-24
10647,TURC-M8,S,2,2026-04-24
10648,FOCOS-L15,E,105,2026-04-25
10649,BROD-2P,S,1,2026-04-25
10650,BROD-4P,S,1,2026-04-25
10651,CODE-1P,S,3,2026-04-25
10652,CODE-2P,S,3,2026-04-25
10653,DEST-PL6,S,1,2026-04-25
10654,ESMER-1,S,1,2026-04-25
10655,FOCOS-L15,S,1,2026-04-25
10656,FOCOS-L9,S,2,2026-04-25
10657,MART-2A,S,1,2026-04-25
10658,ROND-M6,S,57,2026-04-25
10659,ROND-M8,S,8,2026-04-25
10660,TOMA-SNC,S,1,2026-04-25
10661,TORN-M10,S,15,2026-04-25
10662,TORN-M4,S,3,2026-04-25
10663,TORN-M8,S,23,2026-04-25
10664,TURC-M6,S,104,2026-04-25
10665,TURC-M8,S,29,2026-04-25
10666,BROD-4P,E,30,2026-04-27
10667,DEST-PH2,E,30,2026-04-27
10668,PINT-BG,E,39,2026-04-27
10669,CLAV-3P,S,2,2026-04-27
10670,CODE-1P,S,2,2026-04-27
10671,PINT-BL,S,1,2026-04-27
10672,ROND-M6,S,43,2026-04-27
10673,ROND-M8,S,41,2026-04-27
10674,SELL-TF,S,1,2026-04-27
10675,SIER-HK,S,1,2026-04-27
10676,TABL-1P,S,1,2026-04-27
10677,TOMA-SNC,S,6,2026-04-27
10678,TORN-M10,S,6,2026-04-27
10679,TORN-M4,S,3,2026-04-27
10680,TORN-M6,S,2,2026-04-27
10681,TORN-M8,S,26,2026-04-27
10682,TUBO-1P,S,1,2026-04-27
10683,TURC-M6,S,44,2026-04-27
10684,TURC-M8,S,49,2026-04-27
10685,BROD-2P,S,1,2026-04-28
10686,BROD-4P,S,2,2026-04-28
10687,CLAV-2P,S,1,2026-04-28
10688,CLAV-3P,S,4,2026-04-28
10689,CODE-1P,S,7,2026-04-28
10690,CODE-2P,S,2,2026-04-28
10691,ESMA-BL,S,1,2026-04-28
10692,FOCOS-L9,S,4,2026-04-28
10693,LIJAD-1,S,2,2026-04-28
10694,LLAV-12,S,1,2026-04-28
10695,NIVE-60,S,1,2026-04-28
10696,PINT-BG,S,3,2026-04-28
10697,PINT-BL,S,3,2026-04-28
10698,PINT-GR,S,1,2026-04-28
10699,ROND-M6,S,30,2026-04-28
10700,ROND-M8,S,30,2026-04-28
10701,SELL-TF,S,3,2026-04-28
10702,SIER-C1,S,1,2026-04-28
10703,TOMA-SNC,S,14,2026-04-28
10704,TORN-M10,S,16,2026-04-28
10705,TORN-M4,S,8,2026-04-28
10706,TORN-M6,S,8,2026-04-28
10707,TORN-M8,S,17,2026-04-28
10708,TURC-M6,S,57,2026-04-28
10709,TURC-M8,S,8,2026-04-28
10710,LIJAD-1,E,40,2026-04-29
10711,BROD-4P,S,1,2026-04-29
10712,CINT-5M,S,1,2026-04-29
10713,CLAV-3P,S,1,2026-04-29
10714,CODE-1P,S,13,2026-04-29
10715,CODE-2P,S,4,2026-04-29
10716,DEST-PL6,S,1,2026-04-29
10717,ESMER-1,S,2,2026-04-29
10718,FOCOS-L15,S,4,2026-04-29
10719,FOCOS-L9,S,1,2026-04-29
10720,LLAV-12,S,1,2026-04-29
10721,MART-2A,S,1,2026-04-29
10722,PINT-BL,S,7,2026-04-29
10723,ROND-M6,S,33,2026-04-29
10724,ROND-M8,S,15,2026-04-29
10725,SELL-TF,S,3,2026-04-29
10726,TOMA-SNC,S,6,2026-04-29
10727,TORN-M10,S,12,2026-04-29
10728,TORN-M4,S,1,2026-04-29
10729,TORN-M6,S,9,2026-04-29
10730,TORN-M8,S,27,2026-04-29
10731,TUBO-1P,S,1,2026-04-29
10732,TURC-M6,S,39,2026-04-29
10733,TURC-M8,S,19,2026-04-29
10734,CLAV-2P,S,1,2026-04-30
10735,CLAV-3P,S,4,2026-04-30
10736,CODE-1P,S,2,2026-04-30
10737,LIJAD-1,S,1,2026-04-30
10738,LLAV-12,S,1,2026-04-30
10739,MART-2A,S,1,2026-04-30
10740,PINT-BL,S,3,2026-04-30
10741,PLIE-6P,S,1,2026-04-30
10742,ROND-M6,S,22,2026-04-30
10743,ROND-M8,S,22,2026-04-30
10744,TOMA-DBL,S,2,2026-04-30
10745,TOMA-SNC,S,3,2026-04-30
10746,TORN-M10,S,1,2026-04-30
10747,TORN-M4,S,4,2026-04-30
10748,TORN-M6,S,5,2026-04-30
10749,TORN-M8,S,6,2026-04-30
10750,TURC-M6,S,48,2026-04-30
10751,TURC-M8,S,50,2026-04-30
10752,DEST-PL6,E,30,2026-05-01
10753,BROD-4P,S,1,2026-05-01
10754,CLAV-2P,S,1,2026-05-01
10755,CLAV-3P,S,2,2026-05-01
10756,CODE-1P,S,2,2026-05-01
10757,CODE-2P,S,2,2026-05-01
10758,FOCOS-L15,S,3,2026-05-01
10759,LLAV-12,S,1,2026-05-01
10760,PINT-BG,S,2,2026-05-01
10761,PINT-BL,S,3,2026-05-01
10762,ROLLO-1,S,1,2026-05-01
10763,ROND-M6,S,20,2026-05-01
10764,ROND-M8,S,58,2026-05-01
10765,TOMA-DBL,S,1,2026-05-01
10766,TOMA-SNC,S,18,2026-05-01
10767,TORN-M10,S,1,2026-05-01
10768,TORN-M4,S,1,2026-05-01
10769,TORN-M6,S,4,2026-05-01
10770,TORN-M8,S,1,2026-05-01
10771,TUBO-1P,S,1,2026-05-01
10772,TURC-M6,S,38,2026-05-01
10773,TURC-M8,S,29,2026-05-01
10774,LLAV-12,E,35,2026-05-02
10775,SIER-C1,E,5,2026-05-02
10776,CLAV-2P,S,1,2026-05-02
10777,CODE-1P,S,6,2026-05-02
10778,DEST-PL6,S,1,2026-05-02
10779,INTE-SNC,S,1,2026-05-02
10780,MART-2A,S,1,2026-05-02
10781,PINT-BL,S,6,2026-05-02
10782,PINT-GR,S,1,2026-05-02
10783,PLIE-6P,S,1,2026-05-02
10784,ROND-M6,S,25,2026-05-02
10785,ROND-M8,S,14,2026-05-02
10786,TOMA-SNC,S,7,2026-05-02
10787,TORN-M10,S,5,2026-05-02
10788,TORN-M4,S,7,2026-05-02
10789,TORN-M6,S,6,2026-05-02
10790,TORN-M8,S,11,2026-05-02
10791,TURC-M6,S,43,2026-05-02
10792,TURC-M8,S,88,2026-05-02
10793,TOMA-SNC,E,500,2026-05-04
10794,CLAV-3P,S,10,2026-05-04
10795,CODE-1P,S,7,2026-05-04
10796,CODE-2P,S,2,2026-05-04
10797,FOCOS-L15,S,2,2026-05-04
10798,FOCOS-L9,S,1,2026-05-04
10799,LLAV-12,S,3,2026-05-04
10800,MART-1A,S,1,2026-05-04
10801,PINT-BL,S,4,2026-05-04
10802,PINT-GR,S,1,2026-05-04
10803,ROND-M6,S,11,2026-05-04
10804,ROND-M8,S,7,2026-05-04
10805,TOMA-SNC,S,11,2026-05-04
10806,TORN-M10,S,2,2026-05-04
10807,TORN-M4,S,1,2026-05-04
10808,TORN-M6,S,4,2026-05-04
10809,TORN-M8,S,13,2026-05-04
10810,TURC-M6,S,33,2026-05-04
10811,TURC-M8,S,4,2026-05-04
10812,CINT-5M,S,2,2026-05-05
10813,CLAV-3P,S,2,2026-05-05
10814,CODE-1P,S,5,2026-05-05
10815,FOCOS-L15,S,2,2026-05-05
10816,MART-2A,S,3,2026-05-05
10817,NIVE-60,S,1,2026-05-05
10818,PINT-BL,S,6,2026-05-05
10819,ROND-M6,S,15,2026-05-05
10820,ROND-M8,S,16,2026-05-05
10821,SELL-TF,S,3,2026-05-05
10822,TOMA-SNC,S,10,2026-05-05
10823,TORN-M10,S,14,2026-05-05
10824,TORN-M4,S,4,2026-05-05
10825,TORN-M6,S,5,2026-05-05
10826,TORN-M8,S,40,2026-05-05
10827,TUBO-1P,S,1,2026-05-05
10828,TURC-M6,S,50,2026-05-05
10829,TURC-M8,S,4,2026-05-05
10830,CLAV-3P,E,145,2026-05-06
10831,BROD-4P,S,1,2026-05-06
10832,CALAD-1,S,1,2026-05-06
10833,CLAV-2P,S,1,2026-05-06
10834,CLAV-3P,S,10,2026-05-06
10835,CODE-1P,S,4,2026-05-06
10836,LIJAD-1,S,1,2026-05-06
10837,LLAV-12,S,1,2026-05-06
10838,NIVE-60,S,1,2026-05-06
10839,PINT-BG,S,1,2026-05-06
10840,PINT-BL,S,6,2026-05-06
10841,ROND-M6,S,46,2026-05-06
10842,ROND-M8,S,4,2026-05-06
10843,SIER-HK,S,1,2026-05-06
10844,TOMA-SNC,S,7,2026-05-06
10845,TORN-M10,S,17,2026-05-06
10846,TORN-M4,S,4,2026-05-06
10847,TORN-M6,S,4,2026-05-06
10848,TORN-M8,S,9,2026-05-06
10849,TURC-M6,S,4,2026-05-06
10850,TURC-M8,S,42,2026-05-06
10851,CLAV-3P,S,2,2026-05-07
10852,CODE-1P,S,12,2026-05-07
10853,CODE-2P,S,2,2026-05-07
10854,ESMA-BL,S,1,2026-05-07
10855,ESMER-1,S,1,2026-05-07
10856,FOCOS-L15,S,1,2026-05-07
10857,INTE-SNC,S,1,2026-05-07
10858,LIAV-10,S,1,2026-05-07
10859,LLAV-12,S,2,2026-05-07
10860,LLAV-1P,S,6,2026-05-07
10861,MART-2A,S,3,2026-05-07
10862,PINT-BL,S,3,2026-05-07
10863,ROND-M6,S,22,2026-05-07
10864,ROND-M8,S,56,2026-05-07
10865,TOMA-SNC,S,7,2026-05-07
10866,TORN-M10,S,6,2026-05-07
10867,TORN-M4,S,2,2026-05-07
10868,TORN-M6,S,3,2026-05-07
10869,TUBO-1P,S,1,2026-05-07
10870,TURC-M6,S,83,2026-05-07
10871,TURC-M8,S,21,2026-05-07
10872,CLAV-2P,E,60,2026-05-08
10873,ROLLO-1,E,20,2026-05-08
10874,CINT-5M,S,1,2026-05-08
10875,CODE-1P,S,11,2026-05-08
10876,CODE-2P,S,1,2026-05-08
10877,LIJAD-1,S,1,2026-05-08
10878,MART-2A,S,2,2026-05-08
10879,PINT-BL,S,12,2026-05-08
10880,PINT-GR,S,1,2026-05-08
10881,ROLLO-1,S,1,2026-05-08
10882,ROND-M6,S,4,2026-05-08
10883,ROND-M8,S,14,2026-05-08
10884,TABL-1P,S,1,2026-05-08
10885,TOMA-DBL,S,1,2026-05-08
10886,TORN-M10,S,7,2026-05-08
10887,TORN-M4,S,5,2026-05-08
10888,TORN-M6,S,1,2026-05-08
10889,TORN-M8,S,29,2026-05-08
10890,TURC-M6,S,33,2026-05-08
10891,TURC-M8,S,108,2026-05-08
10892,CINT-5M,S,1,2026-05-09
10893,CLAV-3P,S,1,2026-05-09
10894,CODE-1P,S,3,2026-05-09
10895,CODE-2P,S,1,2026-05-09
10896,FOCOS-L9,S,3,2026-05-09
10897,LIJAD-1,S,1,2026-05-09
10898,LLAV-12,S,1,2026-05-09
10899,PINT-GR,S,1,2026-05-09
10900,ROND-M6,S,55,2026-05-09
10901,ROND-M8,S,35,2026-05-09
10902,SELL-TF,S,2,2026-05-09
10903,TOMA-SNC,S,10,2026-05-09
10904,TORN-M10,S,9,2026-05-09
10905,TORN-M4,S,1,2026-05-09
10906,TORN-M6,S,4,2026-05-09
10907,TORN-M8,S,8,2026-05-09
10908,TURC-M6,S,9,2026-05-09
10909,TURC-M8,S,13,2026-05-09
10910,ESMER-1,E,7,2026-05-11
10911,PINT-GR,E,30,2026-05-11
10912,TORN-M10,E,450,2026-05-11
10913,CLAV-3P,S,5,2026-05-11
10914,CODE-1P,S,12,2026-05-11
10915,CODE-2P,S,6,2026-05-11
10916,LIJAD-1,S,1,2026-05-11
10917,MART-2A,S,3,2026-05-11
10918,PINT-BG,S,1,2026-05-11
10919,PINT-BL,S,11,2026-05-11
10920,PINT-GR,S,1,2026-05-11
10921,ROND-M6,S,62,2026-05-11
10922,ROND-M8,S,31,2026-05-11
10923,TOMA-DBL,S,1,2026-05-11
10924,TOMA-SNC,S,11,2026-05-11
10925,TORN-M10,S,7,2026-05-11
10926,TORN-M4,S,3,2026-05-11
10927,TORN-M6,S,1,2026-05-11
10928,TORN-M8,S,10,2026-05-11
10929,TURC-M6,S,69,2026-05-11
10930,TURC-M8,S,31,2026-05-11
10931,CLAV-3P,S,1,2026-05-12
10932,CODE-1P,S,6,2026-05-12
10933,CODE-2P,S,2,2026-05-12
10934,FOCOS-L9,S,1,2026-05-12
10935,INTE-SNC,S,1,2026-05-12
10936,LLAV-12,S,1,2026-05-12
10937,MART-2A,S,2,2026-05-12
10938,PINT-BG,S,1,2026-05-12
10939,PINT-BL,S,1,2026-05-12
10940,ROND-M6,S,14,2026-05-12
10941,ROND-M8,S,36,2026-05-12
10942,TOMA-SNC,S,15,2026-05-12
10943,TORN-M10,S,7,2026-05-12
10944,TORN-M4,S,2,2026-05-12
10945,TORN-M6,S,4,2026-05-12
10946,TORN-M8,S,12,2026-05-12
10947,TURC-M6,S,4,2026-05-12
10948,TURC-M8,S,33,2026-05-12
10949,CODE-1P,S,13,2026-05-13
10950,CODE-2P,S,2,2026-05-13
10951,FOCOS-L15,S,2,2026-05-13
10952,LLAV-12,S,2,2026-05-13
10953,MART-2A,S,4,2026-05-13
10954,PINT-BG,S,1,2026-05-13
10955,PINT-BL,S,6,2026-05-13
10956,ROLLO-1,S,1,2026-05-13
10957,ROND-M6,S,17,2026-05-13
10958,ROND-M8,S,17,2026-05-13
10959,TOMA-SNC,S,13,2026-05-13
10960,TORN-M10,S,6,2026-05-13
10961,TORN-M4,S,9,2026-05-13
10962,TORN-M6,S,9,2026-05-13
10963,TORN-M8,S,25,2026-05-13
10964,TURC-M6,S,124,2026-05-13
10965,TURC-M8,S,9,2026-05-13
10966,CLAV-2P,S,1,2026-05-14
10967,CLAV-3P,S,3,2026-05-14
10968,CODE-1P,S,14,2026-05-14
10969,FOCOS-L15,S,2,2026-05-14
10970,FOCOS-L9,S,3,2026-05-14
10971,LLAV-12,S,1,2026-05-14
10972,PINT-BG,S,1,2026-05-14
10973,PINT-BL,S,5,2026-05-14
10974,PINT-GR,S,1,2026-05-14
10975,ROND-M6,S,10,2026-05-14
10976,ROND-M8,S,16,2026-05-14
10977,SELL-TF,S,1,2026-05-14
10978,SIER-HK,S,1,2026-05-14
10979,TOMA-SNC,S,13,2026-05-14
10980,TORN-M10,S,1,2026-05-14
10981,TORN-M4,S,8,2026-05-14
10982,TORN-M6,S,5,2026-05-14
10983,TORN-M8,S,48,2026-05-14
10984,TURC-M6,S,8,2026-05-14
10985,TURC-M8,S,33,2026-05-14
10986,TURC-M6,E,2900,2026-05-15
10987,CLAV-3P,S,4,2026-05-15
10988,CODE-1P,S,3,2026-05-15
10989,CODE-2P,S,2,2026-05-15
10990,MART-1A,S,1,2026-05-15
10991,MART-2A,S,1,2026-05-15
10992,PINT-BL,S,5,2026-05-15
10993,ROND-M6,S,10,2026-05-15
10994,ROND-M8,S,30,2026-05-15
10995,TOMA-SNC,S,9,2026-05-15
10996,TORN-M10,S,9,2026-05-15
10997,TORN-M8,S,30,2026-05-15
10998,TURC-M6,S,25,2026-05-15
10999,TURC-M8,S,28,2026-05-15
11000,BROD-2P,S,1,2026-05-16
11001,CLAV-3P,S,2,2026-05-16
11002,CODE-1P,S,2,2026-05-16
11003,CODE-2P,S,3,2026-05-16
11004,FOCOS-L9,S,7,2026-05-16
11005,INTE-SNC,S,1,2026-05-16
11006,MART-1A,S,1,2026-05-16
11007,MART-2A,S,1,2026-05-16
11008,PINT-BL,S,8,2026-05-16
11009,ROLLO-1,S,1,2026-05-16
11010,ROND-M6,S,20,2026-05-16
11011,ROND-M8,S,54,2026-05-16
11012,SELL-TF,S,2,2026-05-16
11013,TALDR-1,S,1,2026-05-16
11014,TOMA-SNC,S,20,2026-05-16
11015,TORN-M10,S,8,2026-05-16
11016,TORN-M4,S,6,2026-05-16
11017,TORN-M6,S,7,2026-05-16
11018,TORN-M8,S,22,2026-05-16
11019,TUBO-1P,S,1,2026-05-16
11020,TURC-M6,S,24,2026-05-16
11021,TURC-M8,S,59,2026-05-16
11022,CLAV-2P,S,4,2026-05-18
11023,CLAV-3P,S,4,2026-05-18
11024,CODE-1P,S,18,2026-05-18
11025,CODE-2P,S,2,2026-05-18
11026,FOCOS-L15,S,2,2026-05-18
11027,FOCOS-L9,S,2,2026-05-18
11028,LIJAD-1,S,1,2026-05-18
11029,MART-2A,S,3,2026-05-18
11030,NIVE-60,S,1,2026-05-18
11031,PINT-BG,S,2,2026-05-18
11032,PINT-BL,S,4,2026-05-18
11033,PINT-GR,S,1,2026-05-18
11034,ROLLO-1,S,1,2026-05-18
11035,ROND-M6,S,30,2026-05-18
11036,ROND-M8,S,15,2026-05-18
11037,TOMA-DBL,S,2,2026-05-18
11038,TOMA-SNC,S,18,2026-05-18
11039,TORN-M10,S,16,2026-05-18
11040,TORN-M4,S,1,2026-05-18
11041,TORN-M6,S,15,2026-05-18
11042,TORN-M8,S,8,2026-05-18
11043,TURC-M6,S,25,2026-05-18
11044,TURC-M8,S,31,2026-05-18
11045,BROD-2P,S,1,2026-05-19
11046,CABL-12,S,8,2026-05-19
11047,CLAV-3P,S,1,2026-05-19
11048,CODE-1P,S,5,2026-05-19
11049,CODE-2P,S,4,2026-05-19
11050,DEST-PH2,S,1,2026-05-19
11051,FOCOS-L15,S,1,2026-05-19
11052,INTE-SNC,S,2,2026-05-19
11053,LIAV-10,S,1,2026-05-19
11054,LLAV-12,S,3,2026-05-19
11055,PINT-BL,S,1,2026-05-19
11056,ROND-M6,S,6,2026-05-19
11057,ROND-M8,S,4,2026-05-19
11058,SELL-TF,S,1,2026-05-19
11059,TALDR-2,S,1,2026-05-19
11060,TOMA-SNC,S,28,2026-05-19
11061,TORN-M10,S,6,2026-05-19
11062,TORN-M4,S,3,2026-05-19
11063,TORN-M6,S,16,2026-05-19
11064,TORN-M8,S,28,2026-05-19
11065,TURC-M6,S,77,2026-05-19
11066,TURC-M8,S,12,2026-05-19
11067,CINT-5M,S,1,2026-05-20
11068,CLAV-3P,S,2,2026-05-20
11069,CODE-1P,S,6,2026-05-20
11070,CODE-2P,S,4,2026-05-20
11071,FOCOS-L15,S,1,2026-05-20
11072,FOCOS-L9,S,1,2026-05-20
11073,LIAV-10,S,1,2026-05-20
11074,LIJAD-1,S,1,2026-05-20
11075,LLAV-12,S,1,2026-05-20
11076,PINT-BG,S,1,2026-05-20
11077,PINT-BL,S,5,2026-05-20
11078,PLIE-6P,S,1,2026-05-20
11079,ROND-M6,S,35,2026-05-20
11080,ROND-M8,S,32,2026-05-20
11081,SELL-TF,S,1,2026-05-20
11082,TOMA-SNC,S,13,2026-05-20
11083,TORN-M10,S,33,2026-05-20
11084,TORN-M4,S,2,2026-05-20
11085,TORN-M6,S,1,2026-05-20
11086,TORN-M8,S,4,2026-05-20
11087,TUBO-1P,S,1,2026-05-20
11088,TURC-M6,S,34,2026-05-20
11089,TURC-M8,S,27,2026-05-20
11090,PINT-BL,E,195,2026-05-21
11091,CLAV-3P,S,6,2026-05-21
11092,CODE-1P,S,8,2026-05-21
11093,DEST-PH2,S,1,2026-05-21
11094,FOCOS-L15,S,3,2026-05-21
11095,FOCOS-L9,S,8,2026-05-21
11096,LIJAD-1,S,2,2026-05-21
11097,MART-2A,S,1,2026-05-21
11098,PINT-BL,S,5,2026-05-21
11099,PLIE-6P,S,1,2026-05-21
11100,ROND-M6,S,20,2026-05-21
11101,ROND-M8,S,27,2026-05-21
11102,SELL-TF,S,1,2026-05-21
11103,TOMA-DBL,S,1,2026-05-21
11104,TOMA-SNC,S,30,2026-05-21
11105,TORN-M10,S,10,2026-05-21
11106,TORN-M4,S,12,2026-05-21
11107,TORN-M6,S,6,2026-05-21
11108,TORN-M8,S,12,2026-05-21
11109,TUBO-1P,S,2,2026-05-21
11110,TURC-M6,S,29,2026-05-21
11111,TURC-M8,S,10,2026-05-21
11112,CLAV-3P,S,1,2026-05-22
11113,CODE-1P,S,11,2026-05-22
11114,INTE-SNC,S,1,2026-05-22
11115,LLAV-12,S,1,2026-05-22
11116,PINT-BL,S,17,2026-05-22
11117,ROND-M6,S,11,2026-05-22
11118,ROND-M8,S,3,2026-05-22
11119,SELL-TF,S,1,2026-05-22
11120,TOMA-SNC,S,10,2026-05-22
11121,TORN-M10,S,4,2026-05-22
11122,TORN-M6,S,1,2026-05-22
11123,TORN-M8,S,34,2026-05-22
11124,TURC-M6,S,60,2026-05-22
11125,TURC-M8,S,11,2026-05-22
11126,CLAV-3P,S,8,2026-05-23
11127,CODE-1P,S,5,2026-05-23
11128,CODE-2P,S,3,2026-05-23
11129,DEST-PH2,S,1,2026-05-23
11130,FOCOS-L15,S,2,2026-05-23
11131,LIJAD-1,S,2,2026-05-23
11132,LLAV-12,S,3,2026-05-23
11133,MART-1A,S,1,2026-05-23
11134,MART-2A,S,2,2026-05-23
11135,NIVE-60,S,1,2026-05-23
11136,PINT-BG,S,1,2026-05-23
11137,PINT-BL,S,6,2026-05-23
11138,ROND-M6,S,20,2026-05-23
11139,ROND-M8,S,6,2026-05-23
11140,SIER-C1,S,1,2026-05-23
11141,TOMA-SNC,S,26,2026-05-23
11142,TORN-M10,S,8,2026-05-23
11143,TORN-M4,S,2,2026-05-23
11144,TORN-M6,S,3,2026-05-23
11145,TORN-M8,S,6,2026-05-23
11146,TURC-M6,S,107,2026-05-23
11147,TURC-M8,S,28,2026-05-23
11148,CODE-2P,E,125,2026-05-25
11149,MART-2A,E,45,2026-05-25
11150,CINT-5M,S,1,2026-05-25
11151,CODE-1P,S,7,2026-05-25
11152,CODE-2P,S,1,2026-05-25
11153,DEST-PH2,S,1,2026-05-25
11154,ESMA-BL,S,1,2026-05-25
11155,FOCOS-L9,S,3,2026-05-25
11156,LLAV-12,S,2,2026-05-25
11157,MART-2A,S,1,2026-05-25
11158,PINT-BL,S,5,2026-05-25
11159,PINT-GR,S,1,2026-05-25
11160,ROND-M6,S,57,2026-05-25
11161,ROND-M8,S,87,2026-05-25
11162,SELL-TF,S,1,2026-05-25
11163,TOMA-DBL,S,2,2026-05-25
11164,TOMA-SNC,S,20,2026-05-25
11165,TORN-M10,S,1,2026-05-25
11166,TORN-M4,S,1,2026-05-25
11167,TORN-M6,S,4,2026-05-25
11168,TORN-M8,S,6,2026-05-25
11169,TURC-M6,S,45,2026-05-25
11170,TURC-M8,S,35,2026-05-25
11171,BROD-4P,S,1,2026-05-26
11172,CLAV-2P,S,1,2026-05-26
11173,CLAV-3P,S,6,2026-05-26
11174,ESMA-BL,S,1,2026-05-26
11175,INTE-SNC,S,1,2026-05-26
11176,LLAV-12,S,3,2026-05-26
11177,MART-2A,S,1,2026-05-26
11178,PINT-BL,S,5,2026-05-26
11179,PLIE-6P,S,2,2026-05-26
11180,ROND-M6,S,38,2026-05-26
11181,ROND-M8,S,15,2026-05-26
11182,SELL-TF,S,2,2026-05-26
11183,SIER-HK,S,2,2026-05-26
11184,TOMA-SNC,S,2,2026-05-26
11185,TORN-M10,S,13,2026-05-26
11186,TORN-M4,S,9,2026-05-26
11187,TORN-M6,S,3,2026-05-26
11188,TORN-M8,S,9,2026-05-26
11189,TURC-M6,S,39,2026-05-26
11190,TURC-M8,S,72,2026-05-26
11191,BROD-2P,S,1,2026-05-27
11192,BROD-4P,S,1,2026-05-27
11193,CODE-1P,S,5,2026-05-27
11194,CODE-2P,S,1,2026-05-27
11195,DEST-PH2,S,1,2026-05-27
11196,FOCOS-L15,S,1,2026-05-27
11197,FOCOS-L9,S,6,2026-05-27
11198,LIJAD-1,S,1,2026-05-27
11199,PINT-BL,S,2,2026-05-27
11200,PINT-GR,S,1,2026-05-27
11201,ROND-M6,S,5,2026-05-27
11202,ROND-M8,S,21,2026-05-27
11203,SELL-TF,S,5,2026-05-27
11204,TOMA-SNC,S,1,2026-05-27
11205,TORN-M10,S,16,2026-05-27
11206,TORN-M4,S,11,2026-05-27
11207,TORN-M6,S,2,2026-05-27
11208,TORN-M8,S,14,2026-05-27
11209,TUBO-1P,S,1,2026-05-27
11210,TURC-M6,S,149,2026-05-27
11211,TURC-M8,S,45,2026-05-27
11212,BROD-2P,S,1,2026-05-28
11213,CLAV-3P,S,2,2026-05-28
11214,CODE-1P,S,4,2026-05-28
11215,CODE-2P,S,1,2026-05-28
11216,FOCOS-L15,S,2,2026-05-28
11217,LIAV-10,S,1,2026-05-28
11218,NIVE-60,S,1,2026-05-28
11219,PLIE-6P,S,1,2026-05-28
11220,ROLLO-1,S,1,2026-05-28
11221,ROND-M6,S,20,2026-05-28
11222,ROND-M8,S,42,2026-05-28
11223,TOMA-DBL,S,1,2026-05-28
11224,TOMA-SNC,S,11,2026-05-28
11225,TORN-M10,S,10,2026-05-28
11226,TORN-M4,S,6,2026-05-28
11227,TORN-M8,S,14,2026-05-28
11228,TUBO-1P,S,1,2026-05-28
11229,TURC-M6,S,88,2026-05-28
11230,TURC-M8,S,32,2026-05-28
11231,CLAV-3P,S,4,2026-05-29
11232,CODE-1P,S,2,2026-05-29
11233,CODE-2P,S,1,2026-05-29
11234,ESMER-1,S,1,2026-05-29
11235,FOCOS-L15,S,2,2026-05-29
11236,INTE-SNC,S,1,2026-05-29
11237,LIJAD-1,S,1,2026-05-29
11238,LLAV-12,S,1,2026-05-29
11239,MART-2A,S,1,2026-05-29
11240,PINT-BG,S,1,2026-05-29
11241,PINT-BL,S,8,2026-05-29
11242,PINT-GR,S,2,2026-05-29
11243,ROND-M6,S,77,2026-05-29
11244,ROND-M8,S,13,2026-05-29
11245,TOMA-SNC,S,35,2026-05-29
11246,TORN-M10,S,2,2026-05-29
11247,TORN-M4,S,2,2026-05-29
11248,TORN-M6,S,1,2026-05-29
11249,TORN-M8,S,23,2026-05-29
11250,TURC-M6,S,14,2026-05-29
11251,TURC-M8,S,27,2026-05-29
11252,PLIE-6P,E,16,2026-05-30
11253,CLAV-3P,S,2,2026-05-30
11254,CODE-1P,S,1,2026-05-30
11255,CODE-2P,S,3,2026-05-30
11256,FOCOS-L15,S,1,2026-05-30
11257,FOCOS-L9,S,1,2026-05-30
11258,LIJAD-1,S,2,2026-05-30
11259,LLAV-12,S,2,2026-05-30
11260,MART-2A,S,2,2026-05-30
11261,PINT-BL,S,3,2026-05-30
11262,PLIE-6P,S,1,2026-05-30
11263,ROND-M6,S,25,2026-05-30
11264,ROND-M8,S,17,2026-05-30
11265,SELL-TF,S,1,2026-05-30
11266,TOMA-SNC,S,5,2026-05-30
11267,TORN-M10,S,7,2026-05-30
11268,TORN-M4,S,4,2026-05-30
11269,TORN-M6,S,7,2026-05-30
11270,TORN-M8,S,9,2026-05-30
11271,TURC-M6,S,129,2026-05-30
11272,TURC-M8,S,77,2026-05-30
11273,CLAV-2P,S,3,2026-06-01
11274,CLAV-3P,S,5,2026-06-01
11275,CODE-1P,S,2,2026-06-01
11276,DEST-PL6,S,1,2026-06-01
11277,FOCOS-L15,S,1,2026-06-01
11278,FOCOS-L9,S,1,2026-06-01
11279,LIJAD-1,S,2,2026-06-01
11280,LLAV-12,S,1,2026-06-01
11281,PINT-BL,S,2,2026-06-01
11282,PLIE-6P,S,1,2026-06-01
11283,ROLLO-1,S,1,2026-06-01
11284,ROND-M6,S,27,2026-06-01
11285,ROND-M8,S,31,2026-06-01
11286,TOMA-SNC,S,11,2026-06-01
11287,TORN-M10,S,1,2026-06-01
11288,TORN-M6,S,2,2026-06-01
11289,TORN-M8,S,13,2026-06-01
11290,TURC-M6,S,82,2026-06-01
11291,TURC-M8,S,27,2026-06-01
11292,TORN-M4,E,1050,2026-06-02
11293,CINT-5M,S,1,2026-06-02
11294,CLAV-2P,S,1,2026-06-02
11295,CLAV-3P,S,3,2026-06-02
11296,CODE-1P,S,4,2026-06-02
11297,CODE-2P,S,1,2026-06-02
11298,FOCOS-L15,S,2,2026-06-02
11299,INTE-SNC,S,1,2026-06-02
11300,LIJAD-1,S,2,2026-06-02
11301,MART-2A,S,1,2026-06-02
11302,NIVE-60,S,1,2026-06-02
11303,PINT-BG,S,3,2026-06-02
11304,PINT-BL,S,3,2026-06-02
11305,PINT-GR,S,1,2026-06-02
11306,ROND-M6,S,76,2026-06-02
11307,ROND-M8,S,13,2026-06-02
11308,SELL-TF,S,1,2026-06-02
11309,TOMA-DBL,S,1,2026-06-02
11310,TOMA-SNC,S,15,2026-06-02
11311,TORN-M10,S,1,2026-06-02
11312,TORN-M4,S,2,2026-06-02
11313,TORN-M6,S,9,2026-06-02
11314,TORN-M8,S,15,2026-06-02
11315,TURC-M6,S,48,2026-06-02
11316,TURC-M8,S,15,2026-06-02
11317,TORN-M8,E,700,2026-06-03
11318,CLAV-3P,S,4,2026-06-03
11319,CODE-1P,S,2,2026-06-03
11320,CODE-2P,S,1,2026-06-03
11321,DEST-PH2,S,1,2026-06-03
11322,FOCOS-L15,S,1,2026-06-03
11323,FOCOS-L9,S,2,2026-06-03
11324,NIVE-60,S,2,2026-06-03
11325,PINT-BL,S,1,2026-06-03
11326,ROND-M6,S,15,2026-06-03
11327,ROND-M8,S,26,2026-06-03
11328,SELL-TF,S,2,2026-06-03
11329,TOMA-SNC,S,17,2026-06-03
11330,TORN-M10,S,4,2026-06-03
11331,TORN-M4,S,6,2026-06-03
11332,TORN-M8,S,11,2026-06-03
11333,TURC-M6,S,46,2026-06-03
11334,TURC-M8,S,32,2026-06-03
11335,CLAV-3P,S,5,2026-06-04
11336,CODE-1P,S,1,2026-06-04
11337,DEST-PH2,S,1,2026-06-04
11338,FOCOS-L15,S,5,2026-06-04
11339,FOCOS-L9,S,3,2026-06-04
11340,INTE-SNC,S,1,2026-06-04
11341,LIJAD-1,S,4,2026-06-04
11342,MART-2A,S,1,2026-06-04
11343,ROND-M6,S,29,2026-06-04
11344,ROND-M8,S,5,2026-06-04
11345,SELL-TF,S,2,2026-06-04
11346,TOMA-SNC,S,3,2026-06-04
11347,TORN-M10,S,11,2026-06-04
11348,TORN-M4,S,4,2026-06-04
11349,TORN-M8,S,21,2026-06-04
11350,TURC-M6,S,58,2026-06-04
11351,TURC-M8,S,1,2026-06-04
11352,CLAV-3P,S,3,2026-06-05
11353,CODE-1P,S,10,2026-06-05
11354,FOCOS-L15,S,2,2026-06-05
11355,LIJAD-1,S,1,2026-06-05
11356,PINT-BL,S,1,2026-06-05
11357,ROND-M6,S,12,2026-06-05
11358,ROND-M8,S,9,2026-06-05
11359,SELL-TF,S,1,2026-06-05
11360,TOMA-SNC,S,6,2026-06-05
11361,TORN-M10,S,3,2026-06-05
11362,TORN-M4,S,6,2026-06-05
11363,TORN-M6,S,7,2026-06-05
11364,TORN-M8,S,22,2026-06-05
11365,TURC-M6,S,4,2026-06-05
11366,TURC-M8,S,12,2026-06-05
11367,CLAV-3P,S,2,2026-06-06
11368,CODE-1P,S,14,2026-06-06
11369,DEST-PL6,S,1,2026-06-06
11370,FOCOS-L15,S,1,2026-06-06
11371,FOCOS-L9,S,1,2026-06-06
11372,PINT-BG,S,1,2026-06-06
11373,PINT-BL,S,3,2026-06-06
11374,ROND-M6,S,28,2026-06-06
11375,ROND-M8,S,28,2026-06-06
11376,SIER-HK,S,1,2026-06-06
11377,TOMA-SNC,S,4,2026-06-06
11378,TORN-M10,S,5,2026-06-06
11379,TORN-M4,S,3,2026-06-06
11380,TORN-M6,S,4,2026-06-06
11381,TORN-M8,S,7,2026-06-06
11382,TURC-M6,S,38,2026-06-06
11383,TURC-M8,S,25,2026-06-06
11384,CABL-12,S,8,2026-06-08
11385,CLAV-3P,S,4,2026-06-08
11386,CODE-1P,S,11,2026-06-08
11387,CODE-2P,S,1,2026-06-08
11388,DEST-PH2,S,1,2026-06-08
11389,ESMER-1,S,1,2026-06-08
11390,FOCOS-L15,S,1,2026-06-08
11391,INTE-SNC,S,2,2026-06-08
11392,LIJAD-1,S,1,2026-06-08
11393,MART-2A,S,2,2026-06-08
11394,PINT-BL,S,6,2026-06-08
11395,ROND-M6,S,36,2026-06-08
11396,ROND-M8,S,37,2026-06-08
11397,SIER-HK,S,1,2026-06-08
11398,TOMA-SNC,S,18,2026-06-08
11399,TORN-M10,S,9,2026-06-08
11400,TORN-M4,S,3,2026-06-08
11401,TORN-M6,S,5,2026-06-08
11402,TORN-M8,S,16,2026-06-08
11403,TUBO-1P,S,1,2026-06-08
11404,TURC-M6,S,57,2026-06-08
11405,TURC-M8,S,5,2026-06-08
11406,CODE-1P,E,300,2026-06-09
11407,BROD-4P,S,2,2026-06-09
11408,CLAV-3P,S,3,2026-06-09
11409,CODE-1P,S,7,2026-06-09
11410,CODE-2P,S,2,2026-06-09
11411,FOCOS-L9,S,1,2026-06-09
11412,MART-2A,S,2,2026-06-09
11413,NIVE-60,S,1,2026-06-09
11414,PINT-BL,S,9,2026-06-09
11415,PLIE-6P,S,1,2026-06-09
11416,ROND-M6,S,30,2026-06-09
11417,ROND-M8,S,42,2026-06-09
11418,TOMA-SNC,S,9,2026-06-09
11419,TORN-M10,S,6,2026-06-09
11420,TORN-M6,S,4,2026-06-09
11421,TORN-M8,S,16,2026-06-09
11422,TURC-M6,S,59,2026-06-09
11423,TURC-M8,S,8,2026-06-09
11424,CABL-14,S,10,2026-06-10
11425,CLAV-3P,S,4,2026-06-10
11426,CODE-1P,S,3,2026-06-10
11427,CODE-2P,S,3,2026-06-10
11428,DEST-PH2,S,1,2026-06-10
11429,ESMER-1,S,1,2026-06-10
11430,FOCOS-L9,S,1,2026-06-10
11431,PINT-BL,S,7,2026-06-10
11432,ROND-M6,S,36,2026-06-10
11433,ROND-M8,S,52,2026-06-10
11434,SELL-TF,S,2,2026-06-10
11435,TOMA-SNC,S,8,2026-06-10
11436,TORN-M10,S,16,2026-06-10
11437,TORN-M4,S,13,2026-06-10
11438,TORN-M6,S,4,2026-06-10
11439,TORN-M8,S,26,2026-06-10
11440,TURC-M6,S,73,2026-06-10
11441,TURC-M8,S,19,2026-06-10
11442,BROD-4P,S,1,2026-06-11
11443,CLAV-2P,S,2,2026-06-11
11444,CLAV-3P,S,5,2026-06-11
11445,CODE-1P,S,5,2026-06-11
11446,CODE-2P,S,1,2026-06-11
11447,FOCOS-L15,S,4,2026-06-11
11448,FOCOS-L9,S,1,2026-06-11
11449,LLAV-12,S,6,2026-06-11
11450,MART-1A,S,1,2026-06-11
11451,PINT-BG,S,1,2026-06-11
11452,PINT-BL,S,4,2026-06-11
11453,PLIE-6P,S,1,2026-06-11
11454,ROND-M6,S,9,2026-06-11
11455,ROND-M8,S,43,2026-06-11
11456,SIER-HK,S,1,2026-06-11
11457,TOMA-SNC,S,19,2026-06-11
11458,TORN-M10,S,4,2026-06-11
11459,TORN-M4,S,6,2026-06-11
11460,TORN-M6,S,4,2026-06-11
11461,TORN-M8,S,11,2026-06-11
11462,TURC-M6,S,30,2026-06-11
11463,TURC-M8,S,14,2026-06-11
11464,CINT-5M,E,20,2026-06-12
11465,SELL-TF,E,200,2026-06-12
11466,CLAV-3P,S,8,2026-06-12
11467,CODE-1P,S,7,2026-06-12
11468,DEST-PH2,S,1,2026-06-12
11469,FOCOS-L9,S,2,2026-06-12
11470,INTE-SNC,S,1,2026-06-12
11471,LIJAD-1,S,2,2026-06-12
11472,MART-2A,S,1,2026-06-12
11473,NIVE-60,S,1,2026-06-12
11474,PINT-BL,S,3,2026-06-12
11475,ROND-M6,S,25,2026-06-12
11476,ROND-M8,S,20,2026-06-12
11477,SELL-TF,S,1,2026-06-12
11478,SIER-HK,S,1,2026-06-12
11479,TOMA-SNC,S,19,2026-06-12
11480,TORN-M4,S,6,2026-06-12
11481,TORN-M6,S,1,2026-06-12
11482,TORN-M8,S,3,2026-06-12
11483,TURC-M6,S,145,2026-06-12
11484,TURC-M8,S,4,2026-06-12
11485,ROND-M6,E,2050,2026-06-13
11486,CINT-5M,S,1,2026-06-13
11487,CLAV-3P,S,1,2026-06-13
11488,CODE-1P,S,2,2026-06-13
11489,CODE-2P,S,3,2026-06-13
11490,FOCOS-L9,S,4,2026-06-13
11491,INTE-SNC,S,1,2026-06-13
11492,LIJAD-1,S,1,2026-06-13
11493,MART-2A,S,2,2026-06-13
11494,PINT-BG,S,1,2026-06-13
11495,PINT-BL,S,3,2026-06-13
11496,ROND-M6,S,22,2026-06-13
11497,ROND-M8,S,14,2026-06-13
11498,TOMA-SNC,S,21,2026-06-13
11499,TORN-M10,S,2,2026-06-13
11500,TORN-M4,S,5,2026-06-13
11501,TORN-M6,S,5,2026-06-13
11502,TORN-M8,S,7,2026-06-13
11503,TURC-M6,S,59,2026-06-13
11504,TURC-M8,S,40,2026-06-13
11505,TURC-M8,E,1450,2026-06-15
11506,CINT-5M,S,1,2026-06-15
11507,CLAV-3P,S,3,2026-06-15
11508,FOCOS-L15,S,2,2026-06-15
11509,LLAV-12,S,1,2026-06-15
11510,MART-2A,S,4,2026-06-15
11511,NIVE-60,S,1,2026-06-15
11512,PINT-BL,S,3,2026-06-15
11513,ROND-M6,S,42,2026-06-15
11514,ROND-M8,S,17,2026-06-15
11515,TOMA-SNC,S,18,2026-06-15
11516,TORN-M10,S,2,2026-06-15
11517,TORN-M4,S,2,2026-06-15
11518,TORN-M6,S,5,2026-06-15
11519,TORN-M8,S,5,2026-06-15
11520,TUBO-2P,S,20,2026-06-15
11521,TURC-M6,S,51,2026-06-15
11522,TURC-M8,S,66,2026-06-15
11523,CODE-1P,S,15,2026-06-16
11524,CODE-2P,S,2,2026-06-16
11525,FOCOS-L15,S,6,2026-06-16
11526,FOCOS-L9,S,1,2026-06-16
11527,INTE-SNC,S,1,2026-06-16
11528,LIJAD-1,S,1,2026-06-16
11529,NIVE-60,S,1,2026-06-16
11530,PINT-BG,S,1,2026-06-16
11531,PINT-BL,S,3,2026-06-16
11532,PLIE-6P,S,2,2026-06-16
11533,ROLLO-1,S,1,2026-06-16
11534,ROND-M6,S,34,2026-06-16
11535,ROND-M8,S,15,2026-06-16
11536,SIER-C1,S,1,2026-06-16
11537,TOMA-SNC,S,4,2026-06-16
11538,TORN-M10,S,7,2026-06-16
11539,TORN-M4,S,7,2026-06-16
11540,TORN-M6,S,4,2026-06-16
11541,TORN-M8,S,13,2026-06-16
11542,TURC-M6,S,15,2026-06-16
11543,TURC-M8,S,20,2026-06-16
11544,CLAV-3P,S,3,2026-06-17
11545,CODE-1P,S,4,2026-06-17
11546,CODE-2P,S,1,2026-06-17
11547,INTE-SNC,S,1,2026-06-17
11548,PINT-BG,S,1,2026-06-17
11549,PINT-BL,S,6,2026-06-17
11550,ROND-M6,S,33,2026-06-17
11551,ROND-M8,S,15,2026-06-17
11552,SIER-C1,S,1,2026-06-17
11553,TALDR-2,S,1,2026-06-17
11554,TOMA-SNC,S,15,2026-06-17
11555,TORN-M10,S,22,2026-06-17
11556,TORN-M4,S,6,2026-06-17
11557,TORN-M6,S,2,2026-06-17
11558,TORN-M8,S,3,2026-06-17
11559,TURC-M6,S,148,2026-06-17
11560,TURC-M8,S,17,2026-06-17
11561,CLAV-2P,S,1,2026-06-18
11562,CLAV-3P,S,2,2026-06-18
11563,CODE-1P,S,3,2026-06-18
11564,CODE-2P,S,1,2026-06-18
11565,DEST-PH2,S,1,2026-06-18
11566,DEST-PL6,S,1,2026-06-18
11567,FOCOS-L9,S,4,2026-06-18
11568,INTE-SNC,S,1,2026-06-18
11569,LLAV-12,S,3,2026-06-18
11570,MART-2A,S,1,2026-06-18
11571,NIVE-60,S,1,2026-06-18
11572,PINT-BG,S,1,2026-06-18
11573,PINT-BL,S,3,2026-06-18
11574,PINT-GR,S,1,2026-06-18
11575,PLIE-6P,S,1,2026-06-18
11576,ROND-M6,S,22,2026-06-18
11577,ROND-M8,S,24,2026-06-18
11578,TOMA-DBL,S,1,2026-06-18
11579,TOMA-SNC,S,4,2026-06-18
11580,TORN-M10,S,2,2026-06-18
11581,TORN-M4,S,1,2026-06-18
11582,TORN-M6,S,3,2026-06-18
11583,TORN-M8,S,4,2026-06-18
11584,TURC-M6,S,42,2026-06-18
11585,TURC-M8,S,51,2026-06-18
11586,LLAV-12,E,36,2026-06-19
11587,ROND-M8,E,1800,2026-06-19
11588,TOMA-SNC,E,490,2026-06-19
11589,CINT-5M,S,1,2026-06-19
11590,CODE-1P,S,3,2026-06-19
11591,CODE-2P,S,1,2026-06-19
11592,DEST-PH2,S,1,2026-06-19
11593,FOCOS-L15,S,1,2026-06-19
11594,FOCOS-L9,S,1,2026-06-19
11595,LIJAD-1,S,2,2026-06-19
11596,LLAV-12,S,1,2026-06-19
11597,PINT-BG,S,1,2026-06-19
11598,PINT-BL,S,3,2026-06-19
11599,ROLLO-1,S,1,2026-06-19
11600,ROND-M6,S,25,2026-06-19
11601,ROND-M8,S,26,2026-06-19
11602,TOMA-DBL,S,1,2026-06-19
11603,TOMA-SNC,S,5,2026-06-19
11604,TORN-M10,S,10,2026-06-19
11605,TORN-M4,S,3,2026-06-19
11606,TORN-M6,S,19,2026-06-19
11607,TORN-M8,S,11,2026-06-19
11608,TUBO-1P,S,1,2026-06-19
11609,TUBO-2P,S,13,2026-06-19
11610,TURC-M6,S,10,2026-06-19
11611,TURC-M8,S,9,2026-06-19
11612,CABL-14,E,10,2026-06-20
11613,NIVE-60,E,20,2026-06-20
11614,BROD-4P,S,1,2026-06-20
11615,CLAV-2P,S,1,2026-06-20
11616,CLAV-3P,S,2,2026-06-20
11617,CODE-1P,S,13,2026-06-20
11618,CODE-2P,S,2,2026-06-20
11619,FOCOS-L15,S,1,2026-06-20
11620,FOCOS-L9,S,2,2026-06-20
11621,INTE-SNC,S,1,2026-06-20
11622,LLAV-12,S,2,2026-06-20
11623,MART-2A,S,1,2026-06-20
11624,ROND-M6,S,10,2026-06-20
11625,ROND-M8,S,29,2026-06-20
11626,SELL-TF,S,3,2026-06-20
11627,TOMA-DBL,S,1,2026-06-20
11628,TOMA-SNC,S,11,2026-06-20
11629,TORN-M10,S,14,2026-06-20
11630,TORN-M4,S,13,2026-06-20
11631,TORN-M6,S,2,2026-06-20
11632,TORN-M8,S,11,2026-06-20
11633,TURC-M6,S,36,2026-06-20
11634,TURC-M8,S,2,2026-06-20
11635,TUBO-2P,E,46,2026-06-22
11636,CLAV-3P,S,3,2026-06-22
11637,CODE-1P,S,11,2026-06-22
11638,CODE-2P,S,6,2026-06-22
11639,DEST-PH2,S,1,2026-06-22
11640,FOCOS-L9,S,2,2026-06-22
11641,LIAV-10,S,1,2026-06-22
11642,LLAV-12,S,1,2026-06-22
11643,MART-2A,S,1,2026-06-22
11644,NIVE-60,S,1,2026-06-22
11645,PINT-BG,S,1,2026-06-22
11646,PINT-BL,S,3,2026-06-22
11647,PINT-GR,S,2,2026-06-22
11648,ROND-M6,S,90,2026-06-22
11649,ROND-M8,S,10,2026-06-22
11650,SELL-TF,S,1,2026-06-22
11651,TOMA-SNC,S,40,2026-06-22
11652,TORN-M10,S,5,2026-06-22
11653,TORN-M4,S,1,2026-06-22
11654,TORN-M6,S,9,2026-06-22
11655,TORN-M8,S,10,2026-06-22
11656,TURC-M6,S,54,2026-06-22
11657,TURC-M8,S,78,2026-06-22
11658,LIJAD-1,E,39,2026-06-23
11659,CLAV-3P,S,6,2026-06-23
11660,CODE-1P,S,11,2026-06-23
11661,CODE-2P,S,2,2026-06-23
11662,FOCOS-L9,S,2,2026-06-23
11663,LIJAD-1,S,1,2026-06-23
11664,ROND-M6,S,10,2026-06-23
11665,ROND-M8,S,5,2026-06-23
11666,SELL-TF,S,2,2026-06-23
11667,TOMA-DBL,S,1,2026-06-23
11668,TOMA-SNC,S,4,2026-06-23
11669,TORN-M10,S,4,2026-06-23
11670,TORN-M4,S,7,2026-06-23
11671,TORN-M6,S,6,2026-06-23
11672,TORN-M8,S,3,2026-06-23
11673,TURC-M6,S,37,2026-06-23
11674,TURC-M8,S,28,2026-06-23
11675,CINT-5M,S,1,2026-06-24
11676,CLAV-3P,S,3,2026-06-24
11677,CODE-1P,S,12,2026-06-24
11678,CODE-2P,S,1,2026-06-24
11679,FOCOS-L15,S,1,2026-06-24
11680,LIJAD-1,S,2,2026-06-24
11681,PINT-BG,S,2,2026-06-24
11682,PINT-BL,S,2,2026-06-24
11683,ROND-M6,S,24,2026-06-24
11684,ROND-M8,S,19,2026-06-24
11685,SIER-HK,S,1,2026-06-24
11686,TABL-2P,S,5,2026-06-24
11687,TORN-M10,S,17,2026-06-24
11688,TORN-M4,S,2,2026-06-24
11689,TORN-M6,S,2,2026-06-24
11690,TORN-M8,S,8,2026-06-24
11691,TURC-M6,S,54,2026-06-24
11692,TURC-M8,S,2,2026-06-24
11693,CABL-12,S,16,2026-06-25
11694,CINT-5M,S,1,2026-06-25
11695,CLAV-3P,S,1,2026-06-25
11696,CODE-1P,S,11,2026-06-25
11697,CODE-2P,S,2,2026-06-25
11698,FOCOS-L15,S,2,2026-06-25
11699,FOCOS-L9,S,8,2026-06-25
11700,LIAV-10,S,1,2026-06-25
11701,LIJAD-1,S,1,2026-06-25
11702,PINT-BL,S,3,2026-06-25
11703,ROLLO-1,S,1,2026-06-25
11704,ROND-M6,S,26,2026-06-25
11705,ROND-M8,S,9,2026-06-25
11706,TOMA-SNC,S,8,2026-06-25
11707,TORN-M10,S,4,2026-06-25
11708,TORN-M4,S,6,2026-06-25
11709,TORN-M8,S,21,2026-06-25
11710,TURC-M6,S,79,2026-06-25
11711,TURC-M8,S,6,2026-06-25
11712,BROD-4P,S,1,2026-06-26
11713,CLAV-2P,S,1,2026-06-26
11714,CLAV-3P,S,2,2026-06-26
11715,CODE-1P,S,7,2026-06-26
11716,FOCOS-L15,S,1,2026-06-26
11717,LIJAD-1,S,1,2026-06-26
11718,MART-2A,S,1,2026-06-26
11719,PINT-BL,S,3,2026-06-26
11720,ROND-M6,S,32,2026-06-26
11721,ROND-M8,S,34,2026-06-26
11722,TOMA-SNC,S,7,2026-06-26
11723,TORN-M4,S,1,2026-06-26
11724,TORN-M6,S,6,2026-06-26
11725,TORN-M8,S,19,2026-06-26
11726,TURC-M6,S,42,2026-06-26
11727,TURC-M8,S,29,2026-06-26
11728,TABL-2P,E,11,2026-06-27
11729,CLAV-2P,S,2,2026-06-27
11730,CLAV-3P,S,1,2026-06-27
11731,CODE-1P,S,8,2026-06-27
11732,LIAV-10,S,1,2026-06-27
11733,MART-2A,S,2,2026-06-27
11734,PINT-BL,S,4,2026-06-27
11735,PINT-GR,S,1,2026-06-27
11736,ROND-M6,S,42,2026-06-27
11737,ROND-M8,S,8,2026-06-27
11738,SELL-TF,S,1,2026-06-27
11739,TOMA-DBL,S,1,2026-06-27
11740,TOMA-SNC,S,18,2026-06-27
11741,TORN-M10,S,5,2026-06-27
11742,TORN-M6,S,8,2026-06-27
11743,TORN-M8,S,12,2026-06-27
11744,TURC-M6,S,26,2026-06-27
11745,TURC-M8,S,9,2026-06-27
11746,CABL-12,E,63,2026-06-29
11747,CLAV-3P,E,145,2026-06-29
11748,FOCOS-L9,E,125,2026-06-29
11749,SIER-C1,E,4,2026-06-29
11750,TOMA-DBL,E,60,2026-06-29
11751,CABL-12,S,12,2026-06-29
11752,CINT-5M,S,1,2026-06-29
11753,CLAV-3P,S,1,2026-06-29
11754,CODE-1P,S,1,2026-06-29
11755,CODE-2P,S,1,2026-06-29
11756,FOCOS-L15,S,2,2026-06-29
11757,LIJAD-1,S,2,2026-06-29
11758,LLAV-12,S,1,2026-06-29
11759,MART-1A,S,1,2026-06-29
11760,PINT-BG,S,2,2026-06-29
11761,PINT-BL,S,1,2026-06-29
11762,ROND-M6,S,21,2026-06-29
11763,ROND-M8,S,10,2026-06-29
11764,SELL-TF,S,1,2026-06-29
11765,TOMA-SNC,S,3,2026-06-29
11766,TORN-M10,S,9,2026-06-29
11767,TORN-M4,S,9,2026-06-29
11768,TORN-M6,S,5,2026-06-29
11769,TORN-M8,S,16,2026-06-29
11770,TURC-M6,S,30,2026-06-29
11771,TURC-M8,S,5,2026-06-29
11772,BROD-4P,S,2,2026-06-30
11773,CODE-1P,S,1,2026-06-30
11774,CODE-2P,S,5,2026-06-30
11775,FOCOS-L9,S,3,2026-06-30
11776,LLAV-12,S,1,2026-06-30
11777,MART-2A,S,1,2026-06-30
11778,PINT-BG,S,1,2026-06-30
11779,PINT-BL,S,2,2026-06-30
11780,ROND-M6,S,16,2026-06-30
11781,ROND-M8,S,31,2026-06-30
11782,TOMA-SNC,S,34,2026-06-30
11783,TORN-M10,S,3,2026-06-30
11784,TORN-M4,S,2,2026-06-30
11785,TORN-M6,S,4,2026-06-30
11786,TORN-M8,S,8,2026-06-30
11787,TURC-M6,S,190,2026-06-30
11788,TURC-M8,S,16,2026-06-30
11789,TORN-M6,E,800,2026-07-01
11790,CLAV-3P,S,5,2026-07-01
11791,CODE-1P,S,2,2026-07-01
11792,CODE-2P,S,3,2026-07-01
11793,FOCOS-L9,S,1,2026-07-01
11794,INTE-SNC,S,1,2026-07-01
11795,LIAV-10,S,1,2026-07-01
11796,LLAV-12,S,1,2026-07-01
11797,MART-2A,S,1,2026-07-01
11798,PINT-BL,S,4,2026-07-01
11799,PINT-GR,S,1,2026-07-01
11800,PLIE-6P,S,1,2026-07-01
11801,ROND-M6,S,9,2026-07-01
11802,ROND-M8,S,10,2026-07-01
11803,SELL-TF,S,1,2026-07-01
11804,TOMA-DBL,S,1,2026-07-01
11805,TOMA-SNC,S,22,2026-07-01
11806,TORN-M10,S,9,2026-07-01
11807,TORN-M4,S,7,2026-07-01
11808,TORN-M6,S,4,2026-07-01
11809,TORN-M8,S,5,2026-07-01
11810,TURC-M6,S,30,2026-07-01
11811,TURC-M8,S,28,2026-07-01
11812,PINT-BG,E,37,2026-07-02
11813,CODE-1P,S,9,2026-07-02
11814,CODE-2P,S,3,2026-07-02
11815,FOCOS-L9,S,3,2026-07-02
11816,INTE-SNC,S,1,2026-07-02
11817,NIVE-60,S,1,2026-07-02
11818,PINT-BL,S,2,2026-07-02
11819,ROND-M6,S,7,2026-07-02
11820,ROND-M8,S,17,2026-07-02
11821,SIER-HK,S,1,2026-07-02
11822,TABL-1P,S,1,2026-07-02
11823,TOMA-SNC,S,14,2026-07-02
11824,TORN-M10,S,3,2026-07-02
11825,TORN-M4,S,4,2026-07-02
11826,TORN-M6,S,3,2026-07-02
11827,TORN-M8,S,9,2026-07-02
11828,TURC-M6,S,52,2026-07-02
11829,TURC-M8,S,2,2026-07-02
11830,CLAV-3P,S,1,2026-07-03
11831,CODE-1P,S,1,2026-07-03
11832,DEST-PH2,S,1,2026-07-03
11833,FOCOS-L9,S,1,2026-07-03
11834,INTE-SNC,S,1,2026-07-03
11835,LIAV-10,S,2,2026-07-03
11836,LLAV-12,S,2,2026-07-03
11837,MART-2A,S,2,2026-07-03
11838,PINT-BL,S,2,2026-07-03
11839,PLIE-6P,S,1,2026-07-03
11840,ROND-M6,S,50,2026-07-03
11841,ROND-M8,S,57,2026-07-03
11842,TABL-1P,S,1,2026-07-03
11843,TOMA-SNC,S,14,2026-07-03
11844,TORN-M10,S,2,2026-07-03
11845,TORN-M4,S,2,2026-07-03
11846,TORN-M6,S,1,2026-07-03
11847,TORN-M8,S,7,2026-07-03
11848,TURC-M6,S,24,2026-07-03
11849,TURC-M8,S,23,2026-07-03
11850,CLAV-3P,S,1,2026-07-04
11851,CODE-1P,S,15,2026-07-04
11852,FOCOS-L15,S,2,2026-07-04
11853,FOCOS-L9,S,1,2026-07-04
11854,INTE-SNC,S,1,2026-07-04
11855,LIJAD-1,S,2,2026-07-04
11856,PINT-BL,S,5,2026-07-04
11857,PINT-GR,S,1,2026-07-04
11858,PLIE-6P,S,1,2026-07-04
11859,ROND-M6,S,21,2026-07-04
11860,ROND-M8,S,16,2026-07-04
11861,SELL-TF,S,1,2026-07-04
11862,SIER-HK,S,1,2026-07-04
11863,TABL-1P,S,1,2026-07-04
11864,TOMA-SNC,S,11,2026-07-04
11865,TORN-M10,S,7,2026-07-04
11866,TORN-M4,S,5,2026-07-04
11867,TORN-M6,S,6,2026-07-04
11868,TORN-M8,S,19,2026-07-04
11869,TURC-M6,S,48,2026-07-04
11870,TURC-M8,S,32,2026-07-04
11871,BROD-4P,S,1,2026-07-06
11872,CLAV-2P,S,3,2026-07-06
11873,CODE-1P,S,12,2026-07-06
11874,FOCOS-L15,S,5,2026-07-06
11875,FOCOS-L9,S,1,2026-07-06
11876,MART-2A,S,3,2026-07-06
11877,PINT-BL,S,1,2026-07-06
11878,ROND-M6,S,18,2026-07-06
11879,ROND-M8,S,6,2026-07-06
11880,TABL-1P,S,1,2026-07-06
11881,TOMA-SNC,S,16,2026-07-06
11882,TORN-M10,S,6,2026-07-06
11883,TORN-M4,S,4,2026-07-06
11884,TORN-M6,S,6,2026-07-06
11885,TORN-M8,S,9,2026-07-06
11886,TUBO-1P,S,1,2026-07-06
11887,TURC-M6,S,100,2026-07-06
11888,TURC-M8,S,37,2026-07-06
11889,SIER-HK,E,16,2026-07-07
11890,CLAV-3P,S,4,2026-07-07
11891,DEST-PH2,S,1,2026-07-07
11892,FOCOS-L15,S,1,2026-07-07
11893,FOCOS-L9,S,3,2026-07-07
11894,LIJAD-1,S,1,2026-07-07
11895,MART-2A,S,1,2026-07-07
11896,NIVE-60,S,1,2026-07-07
11897,PINT-BG,S,1,2026-07-07
11898,PINT-BL,S,3,2026-07-07
11899,ROND-M6,S,38,2026-07-07
11900,ROND-M8,S,31,2026-07-07
11901,TOMA-SNC,S,26,2026-07-07
11902,TORN-M4,S,2,2026-07-07
11903,TORN-M6,S,6,2026-07-07
11904,TORN-M8,S,11,2026-07-07
11905,TUBO-1P,S,1,2026-07-07
11906,TURC-M6,S,56,2026-07-07
11907,TURC-M8,S,3,2026-07-07
11908,CODE-1P,S,4,2026-07-08
11909,CODE-2P,S,2,2026-07-08
11910,DEST-PH2,S,1,2026-07-08
11911,FOCOS-L15,S,2,2026-07-08
11912,FOCOS-L9,S,3,2026-07-08
11913,LIAV-10,S,1,2026-07-08
11914,LLAV-12,S,2,2026-07-08
11915,PINT-BL,S,2,2026-07-08
11916,ROND-M6,S,19,2026-07-08
11917,ROND-M8,S,20,2026-07-08
11918,TOMA-SNC,S,11,2026-07-08
11919,TORN-M10,S,8,2026-07-08
11920,TORN-M4,S,5,2026-07-08
11921,TORN-M6,S,1,2026-07-08
11922,TORN-M8,S,3,2026-07-08
11923,TURC-M6,S,9,2026-07-08
11924,TURC-M8,S,24,2026-07-08
11925,CLAV-3P,S,2,2026-07-09
11926,CODE-1P,S,3,2026-07-09
11927,CODE-2P,S,1,2026-07-09
11928,ESMA-BL,S,1,2026-07-09
11929,FOCOS-L15,S,1,2026-07-09
11930,FOCOS-L9,S,1,2026-07-09
11931,LIJAD-1,S,1,2026-07-09
11932,LLAV-12,S,3,2026-07-09
11933,PINT-BL,S,12,2026-07-09
11934,ROND-M6,S,42,2026-07-09
11935,ROND-M8,S,29,2026-07-09
11936,TOMA-SNC,S,20,2026-07-09
11937,TORN-M10,S,2,2026-07-09
11938,TORN-M4,S,4,2026-07-09
11939,TORN-M6,S,5,2026-07-09
11940,TORN-M8,S,8,2026-07-09
11941,TURC-M6,S,20,2026-07-09
11942,TURC-M8,S,55,2026-07-09
11943,CINT-5M,S,1,2026-07-10
11944,CLAV-3P,S,7,2026-07-10
11945,CODE-1P,S,2,2026-07-10
11946,ESMER-1,S,1,2026-07-10
11947,INTE-SNC,S,1,2026-07-10
11948,PINT-BL,S,2,2026-07-10
11949,PINT-GR,S,1,2026-07-10
11950,PLIE-6P,S,1,2026-07-10
11951,ROND-M6,S,34,2026-07-10
11952,ROND-M8,S,2,2026-07-10
11953,TOMA-SNC,S,29,2026-07-10
11954,TORN-M10,S,6,2026-07-10
11955,TORN-M4,S,2,2026-07-10
11956,TORN-M6,S,12,2026-07-10
11957,TORN-M8,S,10,2026-07-10
11958,TURC-M6,S,40,2026-07-10
11959,TURC-M8,S,1,2026-07-10
11960,TABL-1P,E,6,2026-07-11
11961,CLAV-3P,S,4,2026-07-11
11962,CODE-1P,S,4,2026-07-11
11963,DEST-PL6,S,1,2026-07-11
11964,FOCOS-L15,S,1,2026-07-11
11965,LIJAD-1,S,1,2026-07-11
11966,LLAV-12,S,1,2026-07-11
11967,MART-1A,S,1,2026-07-11
11968,MART-2A,S,3,2026-07-11
11969,PINT-BG,S,1,2026-07-11
11970,PINT-BL,S,19,2026-07-11
11971,ROND-M6,S,6,2026-07-11
11972,ROND-M8,S,6,2026-07-11
11973,TOMA-SNC,S,30,2026-07-11
11974,TORN-M10,S,26,2026-07-11
11975,TORN-M4,S,4,2026-07-11
11976,TORN-M6,S,2,2026-07-11
11977,TORN-M8,S,1,2026-07-11
11978,TURC-M6,S,40,2026-07-11
11979,TURC-M8,S,13,2026-07-11
11980,LIAV-10,E,16,2026-07-13
11981,BROD-4P,S,2,2026-07-13
11982,CLAV-2P,S,1,2026-07-13
11983,CLAV-3P,S,4,2026-07-13
11984,CODE-1P,S,12,2026-07-13
11985,CODE-2P,S,1,2026-07-13
11986,DEST-PL6,S,1,2026-07-13
11987,FOCOS-L9,S,1,2026-07-13
11988,LLAV-12,S,2,2026-07-13
11989,PINT-BG,S,1,2026-07-13
11990,PINT-BL,S,5,2026-07-13
11991,ROND-M6,S,15,2026-07-13
11992,ROND-M8,S,60,2026-07-13
11993,TOMA-SNC,S,13,2026-07-13
11994,TORN-M10,S,2,2026-07-13
11995,TORN-M4,S,11,2026-07-13
11996,TORN-M6,S,11,2026-07-13
11997,TORN-M8,S,7,2026-07-13
11998,TUBO-1P,S,1,2026-07-13
11999,TURC-M6,S,30,2026-07-13
12000,TURC-M8,S,32,2026-07-13
12001,BROD-2P,S,1,2026-07-14
12002,CLAV-2P,S,1,2026-07-14
12003,CODE-1P,S,10,2026-07-14
12004,ESMER-1,S,2,2026-07-14
12005,FOCOS-L15,S,2,2026-07-14
12006,FOCOS-L9,S,1,2026-07-14
12007,INTE-SNC,S,1,2026-07-14
12008,LIJAD-1,S,2,2026-07-14
12009,PINT-BG,S,2,2026-07-14
12010,PINT-BL,S,2,2026-07-14
12011,PINT-GR,S,1,2026-07-14
12012,ROND-M6,S,5,2026-07-14
12013,ROND-M8,S,19,2026-07-14
12014,TOMA-SNC,S,6,2026-07-14
12015,TORN-M4,S,2,2026-07-14
12016,TORN-M8,S,19,2026-07-14
12017,TURC-M6,S,83,2026-07-14
12018,TURC-M8,S,57,2026-07-14
12019,TURC-M6,E,2900,2026-07-15
12020,CLAV-2P,S,1,2026-07-15
12021,CLAV-3P,S,2,2026-07-15
12022,CODE-1P,S,14,2026-07-15
12023,FOCOS-L9,S,5,2026-07-15
12024,LIJAD-1,S,1,2026-07-15
12025,LLAV-12,S,2,2026-07-15
12026,PINT-BL,S,5,2026-07-15
12027,PLIE-6P,S,1,2026-07-15
12028,ROND-M6,S,29,2026-07-15
12029,ROND-M8,S,13,2026-07-15
12030,SELL-TF,S,1,2026-07-15
12031,SIER-HK,S,1,2026-07-15
12032,TOMA-SNC,S,14,2026-07-15
12033,TORN-M10,S,4,2026-07-15
12034,TORN-M4,S,3,2026-07-15
12035,TORN-M6,S,4,2026-07-15
12036,TORN-M8,S,4,2026-07-15
12037,TURC-M6,S,61,2026-07-15
12038,TURC-M8,S,14,2026-07-15
12039,CABL-12,S,9,2026-07-16
12040,CLAV-3P,S,9,2026-07-16
12041,CODE-1P,S,10,2026-07-16
12042,CODE-2P,S,1,2026-07-16
12043,DEST-PH2,S,2,2026-07-16
12044,DEST-PL6,S,2,2026-07-16
12045,FOCOS-L15,S,3,2026-07-16
12046,FOCOS-L9,S,3,2026-07-16
12047,LIJAD-1,S,1,2026-07-16
12048,LLAV-12,S,1,2026-07-16
12049,MART-2A,S,1,2026-07-16
12050,PINT-BL,S,1,2026-07-16
12051,ROND-M6,S,53,2026-07-16
12052,ROND-M8,S,4,2026-07-16
12053,SELL-TF,S,1,2026-07-16
12054,TOMA-SNC,S,18,2026-07-16
12055,TORN-M10,S,5,2026-07-16
12056,TORN-M4,S,8,2026-07-16
12057,TORN-M6,S,5,2026-07-16
12058,TORN-M8,S,13,2026-07-16
12059,TURC-M6,S,45,2026-07-16
12060,TURC-M8,S,5,2026-07-16
12061,BROD-4P,S,1,2026-07-17
12062,CLAV-3P,S,2,2026-07-17
12063,CODE-1P,S,6,2026-07-17
12064,FOCOS-L9,S,4,2026-07-17
12065,LIJAD-1,S,2,2026-07-17
12066,PINT-BG,S,1,2026-07-17
12067,PINT-BL,S,1,2026-07-17
12068,ROND-M6,S,50,2026-07-17
12069,ROND-M8,S,49,2026-07-17
12070,SIER-HK,S,1,2026-07-17
12071,TOMA-SNC,S,15,2026-07-17
12072,TORN-M10,S,10,2026-07-17
12073,TORN-M4,S,2,2026-07-17
12074,TORN-M6,S,5,2026-07-17
12075,TORN-M8,S,3,2026-07-17
12076,TUBO-1P,S,1,2026-07-17
12077,TURC-M6,S,32,2026-07-17
12078,TURC-M8,S,10,2026-07-17
12079,CINT-5M,S,1,2026-07-18
12080,CLAV-3P,S,7,2026-07-18
12081,CODE-1P,S,12,2026-07-18
12082,CODE-2P,S,1,2026-07-18
12083,DEST-PH2,S,1,2026-07-18
12084,FOCOS-L15,S,1,2026-07-18
12085,INTE-SNC,S,1,2026-07-18
12086,MART-2A,S,1,2026-07-18
12087,NIVE-60,S,1,2026-07-18
12088,PINT-BL,S,4,2026-07-18
12089,PINT-GR,S,1,2026-07-18
12090,PLIE-6P,S,1,2026-07-18
12091,ROND-M6,S,28,2026-07-18
12092,ROND-M8,S,9,2026-07-18
12093,TORN-M10,S,9,2026-07-18
12094,TORN-M4,S,3,2026-07-18
12095,TORN-M8,S,22,2026-07-18
12096,TUBO-1P,S,1,2026-07-18
12097,TURC-M6,S,26,2026-07-18
12098,TURC-M8,S,7,2026-07-18
12099,BROD-2P,E,40,2026-07-20
12100,PINT-BL,E,200,2026-07-20
12101,CABL-14,S,15,2026-07-20
12102,CLAV-2P,S,1,2026-07-20
12103,CLAV-3P,S,4,2026-07-20
12104,CODE-1P,S,1,2026-07-20
12105,CODE-2P,S,1,2026-07-20
12106,FOCOS-L15,S,2,2026-07-20
12107,FOCOS-L9,S,2,2026-07-20
12108,LIJAD-1,S,1,2026-07-20
12109,LLAV-12,S,2,2026-07-20
12110,MART-2A,S,1,2026-07-20
12111,PINT-BG,S,1,2026-07-20
12112,PINT-BL,S,1,2026-07-20
12113,PLIE-6P,S,1,2026-07-20
12114,ROND-M6,S,12,2026-07-20
12115,ROND-M8,S,4,2026-07-20
12116,SELL-TF,S,1,2026-07-20
12117,TOMA-SNC,S,17,2026-07-20
12118,TORN-M10,S,1,2026-07-20
12119,TORN-M4,S,2,2026-07-20
12120,TORN-M6,S,14,2026-07-20
12121,TORN-M8,S,1,2026-07-20
12122,TUBO-1P,S,1,2026-07-20
12123,TURC-M6,S,28,2026-07-20
12124,TURC-M8,S,27,2026-07-20
12125,BROD-4P,S,1,2026-07-21
12126,CLAV-3P,S,2,2026-07-21
12127,CODE-1P,S,1,2026-07-21
12128,FOCOS-L15,S,2,2026-07-21
12129,FOCOS-L9,S,3,2026-07-21
12130,LIJAD-1,S,2,2026-07-21
12131,PINT-BG,S,2,2026-07-21
12132,ROLLO-1,S,1,2026-07-21
12133,ROND-M6,S,14,2026-07-21
12134,ROND-M8,S,18,2026-07-21
12135,SELL-TF,S,1,2026-07-21
12136,TOMA-SNC,S,8,2026-07-21
12137,TORN-M10,S,8,2026-07-21
12138,TORN-M4,S,3,2026-07-21
12139,TORN-M6,S,4,2026-07-21
12140,TORN-M8,S,5,2026-07-21
12141,TURC-M6,S,40,2026-07-21
12142,TURC-M8,S,64,2026-07-21
12143,BROD-4P,S,1,2026-07-22
12144,CLAV-3P,S,4,2026-07-22
12145,CODE-1P,S,4,2026-07-22
12146,CODE-2P,S,4,2026-07-22
12147,FOCOS-L15,S,3,2026-07-22
12148,FOCOS-L9,S,2,2026-07-22
12149,LIJAD-1,S,1,2026-07-22
12150,PINT-BL,S,8,2026-07-22
12151,ROND-M6,S,59,2026-07-22
12152,ROND-M8,S,15,2026-07-22
12153,TOMA-SNC,S,5,2026-07-22
12154,TORN-M10,S,14,2026-07-22
12155,TORN-M4,S,9,2026-07-22
12156,TORN-M8,S,19,2026-07-22
12157,TURC-M6,S,74,2026-07-22
12158,TURC-M8,S,27,2026-07-22
12159,CABL-14,E,15,2026-07-23
12160,TOMA-SNC,E,490,2026-07-23
12161,BROD-4P,S,1,2026-07-23
12162,CODE-1P,S,3,2026-07-23
12163,FOCOS-L9,S,2,2026-07-23
12164,LIJAD-1,S,2,2026-07-23
12165,LLAV-12,S,1,2026-07-23
12166,MART-2A,S,2,2026-07-23
12167,NIVE-60,S,2,2026-07-23
12168,PINT-BG,S,1,2026-07-23
12169,PINT-BL,S,1,2026-07-23
12170,PLIE-6P,S,2,2026-07-23
12171,ROND-M6,S,24,2026-07-23
12172,ROND-M8,S,37,2026-07-23
12173,SELL-TF,S,1,2026-07-23
12174,TOMA-SNC,S,2,2026-07-23
12175,TORN-M10,S,7,2026-07-23
12176,TORN-M4,S,5,2026-07-23
12177,TORN-M6,S,2,2026-07-23
12178,TORN-M8,S,8,2026-07-23
12179,TURC-M6,S,20,2026-07-23
12180,TURC-M8,S,13,2026-07-23
12181,PLIE-6P,E,16,2026-07-24
12182,CODE-1P,S,7,2026-07-24
12183,FOCOS-L15,S,1,2026-07-24
12184,FOCOS-L9,S,1,2026-07-24
12185,LIJAD-1,S,1,2026-07-24
12186,LLAV-12,S,3,2026-07-24
12187,PINT-BL,S,5,2026-07-24
12188,PINT-GR,S,4,2026-07-24
12189,ROND-M6,S,24,2026-07-24
12190,ROND-M8,S,38,2026-07-24
12191,TOMA-SNC,S,5,2026-07-24
12192,TORN-M4,S,2,2026-07-24
12193,TORN-M6,S,3,2026-07-24
12194,TORN-M8,S,14,2026-07-24
12195,TUBO-1P,S,1,2026-07-24
12196,TURC-M6,S,44,2026-07-24
12197,TURC-M8,S,4,2026-07-24
12198,CLAV-2P,S,1,2026-07-25
12199,CLAV-3P,S,6,2026-07-25
12200,CODE-1P,S,19,2026-07-25
12201,ESMER-1,S,1,2026-07-25
12202,FOCOS-L9,S,3,2026-07-25
12203,PINT-BL,S,5,2026-07-25
12204,ROND-M6,S,36,2026-07-25
12205,ROND-M8,S,7,2026-07-25
12206,TOMA-SNC,S,11,2026-07-25
12207,TORN-M10,S,12,2026-07-25
12208,TORN-M4,S,3,2026-07-25
12209,TORN-M6,S,19,2026-07-25
12210,TORN-M8,S,6,2026-07-25
12211,TURC-M6,S,11,2026-07-25
12212,TURC-M8,S,18,2026-07-25
12213,TORN-M10,E,400,2026-07-27
12214,BROD-4P,S,2,2026-07-27
12215,CINT-5M,S,2,2026-07-27
12216,CLAV-2P,S,1,2026-07-27
12217,CLAV-3P,S,10,2026-07-27
12218,CODE-1P,S,11,2026-07-27
12219,CODE-2P,S,3,2026-07-27
12220,ESMER-1,S,1,2026-07-27
12221,LIJAD-1,S,2,2026-07-27
12222,ROND-M6,S,56,2026-07-27
12223,ROND-M8,S,27,2026-07-27
12224,SIER-C1,S,1,2026-07-27
12225,TOMA-SNC,S,13,2026-07-27
12226,TORN-M10,S,8,2026-07-27
12227,TORN-M4,S,5,2026-07-27
12228,TORN-M6,S,5,2026-07-27
12229,TORN-M8,S,44,2026-07-27
12230,TURC-M6,S,96,2026-07-27
12231,TURC-M8,S,29,2026-07-27
12232,CINT-5M,S,1,2026-07-28
12233,CODE-1P,S,13,2026-07-28
12234,CODE-2P,S,3,2026-07-28
12235,FOCOS-L15,S,1,2026-07-28
12236,FOCOS-L9,S,1,2026-07-28
12237,LIJAD-1,S,1,2026-07-28
12238,LLAV-12,S,3,2026-07-28
12239,MART-2A,S,2,2026-07-28
12240,PINT-BG,S,3,2026-07-28
12241,PINT-BL,S,2,2026-07-28
12242,PINT-GR,S,1,2026-07-28
12243,ROND-M6,S,22,2026-07-28
12244,ROND-M8,S,20,2026-07-28
12245,TABL-1P,S,1,2026-07-28
12246,TOMA-SNC,S,10,2026-07-28
12247,TORN-M10,S,12,2026-07-28
12248,TORN-M6,S,6,2026-07-28
12249,TORN-M8,S,4,2026-07-28
12250,TURC-M6,S,24,2026-07-28
12251,TURC-M8,S,10,2026-07-28
12252,CODE-1P,S,4,2026-07-29
12253,CODE-2P,S,1,2026-07-29
12254,LIAV-10,S,2,2026-07-29
12255,MART-2A,S,5,2026-07-29
12256,NIVE-60,S,1,2026-07-29
12257,PINT-BG,S,2,2026-07-29
12258,PINT-BL,S,1,2026-07-29
12259,ROND-M6,S,16,2026-07-29
12260,ROND-M8,S,40,2026-07-29
12261,TOMA-SNC,S,19,2026-07-29
12262,TORN-M10,S,9,2026-07-29
12263,TORN-M4,S,3,2026-07-29
12264,TORN-M6,S,3,2026-07-29
12265,TORN-M8,S,16,2026-07-29
12266,TURC-M6,S,6,2026-07-29
12267,TURC-M8,S,73,2026-07-29
12268,CODE-1P,E,300,2026-07-30
12269,CLAV-2P,S,1,2026-07-30
12270,CLAV-3P,S,2,2026-07-30
12271,CODE-1P,S,1,2026-07-30
12272,CODE-2P,S,2,2026-07-30
12273,FOCOS-L9,S,2,2026-07-30
12274,LIJAD-1,S,1,2026-07-30
12275,LLAV-12,S,1,2026-07-30
12276,PINT-BL,S,5,2026-07-30
12277,ROLLO-1,S,1,2026-07-30
12278,ROND-M6,S,8,2026-07-30
12279,ROND-M8,S,9,2026-07-30
12280,SELL-TF,S,1,2026-07-30
12281,TOMA-SNC,S,2,2026-07-30
12282,TORN-M10,S,4,2026-07-30
12283,TORN-M4,S,22,2026-07-30
12284,TORN-M6,S,3,2026-07-30
12285,TORN-M8,S,12,2026-07-30
12286,TUBO-2P,S,24,2026-07-30
12287,TURC-M6,S,12,2026-07-30
12288,TURC-M8,S,10,2026-07-30
12289,CLAV-3P,S,4,2026-07-31
12290,CODE-1P,S,7,2026-07-31
12291,CODE-2P,S,6,2026-07-31
12292,PINT-BL,S,2,2026-07-31
12293,ROND-M6,S,14,2026-07-31
12294,ROND-M8,S,37,2026-07-31
12295,SELL-TF,S,1,2026-07-31
12296,TOMA-SNC,S,6,2026-07-31
12297,TORN-M10,S,17,2026-07-31
12298,TORN-M4,S,7,2026-07-31
12299,TORN-M6,S,4,2026-07-31
12300,TORN-M8,S,18,2026-07-31
12301,TURC-M6,S,46,2026-07-31
12302,TURC-M8,S,49,2026-07-31
12303,CLAV-3P,S,1,2026-08-01
12304,CODE-1P,S,8,2026-08-01
12305,CODE-2P,S,6,2026-08-01
12306,FOCOS-L9,S,1,2026-08-01
12307,LIJAD-1,S,3,2026-08-01
12308,MART-1A,S,1,2026-08-01
12309,MART-2A,S,1,2026-08-01
12310,PINT-BG,S,1,2026-08-01
12311,PINT-BL,S,3,2026-08-01
12312,ROND-M6,S,60,2026-08-01
12313,ROND-M8,S,72,2026-08-01
12314,TOMA-SNC,S,9,2026-08-01
12315,TORN-M10,S,15,2026-08-01
12316,TORN-M4,S,2,2026-08-01
12317,TORN-M6,S,1,2026-08-01
12318,TORN-M8,S,1,2026-08-01
12319,TURC-M6,S,22,2026-08-01
12320,TURC-M8,S,34,2026-08-01
12321,ESMER-1,E,7,2026-08-03
12322,CLAV-2P,S,1,2026-08-03
12323,CLAV-3P,S,5,2026-08-03
12324,CODE-1P,S,22,2026-08-03
12325,CODE-2P,S,3,2026-08-03
12326,FOCOS-L15,S,3,2026-08-03
12327,FOCOS-L9,S,2,2026-08-03
12328,LLAV-12,S,1,2026-08-03
12329,PINT-BG,S,7,2026-08-03
12330,PLIE-6P,S,2,2026-08-03
12331,ROND-M6,S,16,2026-08-03
12332,ROND-M8,S,17,2026-08-03
12333,SIER-HK,S,1,2026-08-03
12334,TALDR-1,S,1,2026-08-03
12335,TOMA-SNC,S,1,2026-08-03
12336,TORN-M10,S,6,2026-08-03
12337,TORN-M4,S,12,2026-08-03
12338,TORN-M6,S,4,2026-08-03
12339,TORN-M8,S,16,2026-08-03
12340,TURC-M6,S,12,2026-08-03
12341,TURC-M8,S,28,2026-08-03
12342,CABL-12,S,11,2026-08-04
12343,CINT-5M,S,1,2026-08-04
12344,CODE-1P,S,5,2026-08-04
12345,FOCOS-L15,S,1,2026-08-04
12346,FOCOS-L9,S,4,2026-08-04
12347,INTE-SNC,S,1,2026-08-04
12348,LLAV-12,S,1,2026-08-04
12349,MART-1A,S,1,2026-08-04
12350,MART-2A,S,1,2026-08-04
12351,NIVE-60,S,1,2026-08-04
12352,PINT-BL,S,3,2026-08-04
12353,PINT-GR,S,1,2026-08-04
12354,ROND-M6,S,21,2026-08-04
12355,ROND-M8,S,27,2026-08-04
12356,SELL-TF,S,1,2026-08-04
12357,TOMA-SNC,S,5,2026-08-04
12358,TORN-M10,S,3,2026-08-04
12359,TORN-M4,S,3,2026-08-04
12360,TORN-M6,S,5,2026-08-04
12361,TORN-M8,S,14,2026-08-04
12362,TURC-M6,S,11,2026-08-04
12363,TURC-M8,S,45,2026-08-04
12364,CABL-14,S,13,2026-08-05
12365,CINT-5M,S,1,2026-08-05
12366,CLAV-2P,S,1,2026-08-05
12367,CLAV-3P,S,1,2026-08-05
12368,CODE-1P,S,6,2026-08-05
12369,CODE-2P,S,1,2026-08-05
12370,FOCOS-L15,S,5,2026-08-05
12371,INTE-SNC,S,1,2026-08-05
12372,LIJAD-1,S,1,2026-08-05
12373,LLAV-12,S,2,2026-08-05
12374,MART-2A,S,1,2026-08-05
12375,PINT-BL,S,5,2026-08-05
12376,ROND-M6,S,27,2026-08-05
12377,ROND-M8,S,31,2026-08-05
12378,SELL-TF,S,1,2026-08-05
12379,TOMA-SNC,S,10,2026-08-05
12380,TORN-M10,S,3,2026-08-05
12381,TORN-M4,S,1,2026-08-05
12382,TORN-M6,S,8,2026-08-05
12383,TORN-M8,S,4,2026-08-05
12384,TURC-M6,S,96,2026-08-05
12385,TURC-M8,S,5,2026-08-05
12386,LLAV-12,E,35,2026-08-06
12387,MART-2A,E,45,2026-08-06
12388,CINT-5M,S,2,2026-08-06
12389,CLAV-3P,S,1,2026-08-06
12390,CODE-1P,S,1,2026-08-06
12391,DEST-PL6,S,1,2026-08-06
12392,FOCOS-L9,S,2,2026-08-06
12393,LIJAD-1,S,1,2026-08-06
12394,LLAV-12,S,1,2026-08-06
12395,MART-1A,S,1,2026-08-06
12396,MART-2A,S,2,2026-08-06
12397,PINT-BG,S,2,2026-08-06
12398,PINT-BL,S,3,2026-08-06
12399,ROND-M6,S,2,2026-08-06
12400,ROND-M8,S,41,2026-08-06
12401,SELL-TF,S,1,2026-08-06
12402,TOMA-SNC,S,8,2026-08-06
12403,TORN-M10,S,12,2026-08-06
12404,TORN-M4,S,6,2026-08-06
12405,TORN-M6,S,4,2026-08-06
12406,TORN-M8,S,6,2026-08-06
12407,TURC-M6,S,76,2026-08-06
12408,TURC-M8,S,67,2026-08-06
12409,INTE-SNC,E,100,2026-08-07
12410,CINT-5M,S,1,2026-08-07
12411,CLAV-2P,S,2,2026-08-07
12412,CLAV-3P,S,2,2026-08-07
12413,CODE-1P,S,1,2026-08-07
12414,CODE-2P,S,2,2026-08-07
12415,FOCOS-L9,S,5,2026-08-07
12416,LIJAD-1,S,1,2026-08-07
12417,MART-2A,S,1,2026-08-07
12418,PINT-BG,S,2,2026-08-07
12419,PINT-BL,S,6,2026-08-07
12420,ROND-M6,S,7,2026-08-07
12421,ROND-M8,S,8,2026-08-07
12422,TOMA-DBL,S,1,2026-08-07
12423,TOMA-SNC,S,12,2026-08-07
12424,TORN-M10,S,8,2026-08-07
12425,TORN-M4,S,8,2026-08-07
12426,TORN-M6,S,2,2026-08-07
12427,TORN-M8,S,7,2026-08-07
12428,TURC-M8,S,18,2026-08-07
12429,CABL-12,S,8,2026-08-08
12430,CLAV-2P,S,1,2026-08-08
12431,CLAV-3P,S,3,2026-08-08
12432,CODE-1P,S,1,2026-08-08
12433,FOCOS-L15,S,1,2026-08-08
12434,FOCOS-L9,S,3,2026-08-08
12435,LIJAD-1,S,1,2026-08-08
12436,LLAV-1P,S,7,2026-08-08
12437,MART-2A,S,1,2026-08-08
12438,PINT-BL,S,2,2026-08-08
12439,ROND-M6,S,39,2026-08-08
12440,ROND-M8,S,32,2026-08-08
12441,TOMA-SNC,S,4,2026-08-08
12442,TORN-M10,S,7,2026-08-08
12443,TORN-M4,S,1,2026-08-08
12444,TORN-M6,S,2,2026-08-08
12445,TORN-M8,S,7,2026-08-08
12446,TURC-M6,S,17,2026-08-08
12447,TURC-M8,S,68,2026-08-08
12448,CLAV-3P,S,9,2026-08-10
12449,CODE-1P,S,8,2026-08-10
12450,FOCOS-L9,S,4,2026-08-10
12451,LIJAD-1,S,3,2026-08-10
12452,LLAV-12,S,1,2026-08-10
12453,PINT-BG,S,1,2026-08-10
12454,PINT-BL,S,3,2026-08-10
12455,PLIE-6P,S,2,2026-08-10
12456,ROND-M6,S,71,2026-08-10
12457,ROND-M8,S,5,2026-08-10
12458,TOMA-SNC,S,21,2026-08-10
12459,TORN-M10,S,4,2026-08-10
12460,TORN-M4,S,1,2026-08-10
12461,TORN-M6,S,3,2026-08-10
12462,TORN-M8,S,4,2026-08-10
12463,TUBO-2P,S,19,2026-08-10
12464,TURC-M6,S,46,2026-08-10
12465,TURC-M8,S,4,2026-08-10
12466,BROD-4P,S,1,2026-08-11
12467,CLAV-3P,S,2,2026-08-11
12468,CODE-1P,S,3,2026-08-11
12469,CODE-2P,S,2,2026-08-11
12470,FOCOS-L15,S,2,2026-08-11
12471,LIJAD-1,S,1,2026-08-11
12472,LLAV-12,S,2,2026-08-11
12473,PINT-BL,S,3,2026-08-11
12474,ROND-M6,S,21,2026-08-11
12475,ROND-M8,S,25,2026-08-11
12476,SELL-TF,S,1,2026-08-11
12477,TOMA-DBL,S,2,2026-08-11
12478,TOMA-SNC,S,3,2026-08-11
12479,TORN-M10,S,8,2026-08-11
12480,TORN-M4,S,4,2026-08-11
12481,TORN-M6,S,2,2026-08-11
12482,TORN-M8,S,3,2026-08-11
12483,TURC-M6,S,5,2026-08-11
12484,TURC-M8,S,38,2026-08-11
12485,FOCOS-L15,E,105,2026-08-12
12486,BROD-2P,S,1,2026-08-12
12487,CLAV-3P,S,1,2026-08-12
12488,CODE-1P,S,8,2026-08-12
12489,CODE-2P,S,5,2026-08-12
12490,ESMER-1,S,1,2026-08-12
12491,FOCOS-L15,S,1,2026-08-12
12492,FOCOS-L9,S,5,2026-08-12
12493,LIAV-10,S,1,2026-08-12
12494,PINT-BG,S,1,2026-08-12
12495,PINT-BL,S,1,2026-08-12
12496,ROND-M6,S,35,2026-08-12
12497,ROND-M8,S,9,2026-08-12
12498,SIER-HK,S,1,2026-08-12
12499,TOMA-DBL,S,1,2026-08-12
12500,TOMA-SNC,S,3,2026-08-12
12501,TORN-M10,S,12,2026-08-12
12502,TORN-M4,S,4,2026-08-12
12503,TORN-M6,S,2,2026-08-12
12504,TORN-M8,S,35,2026-08-12
12505,TUBO-1P,S,1,2026-08-12
12506,TURC-M6,S,43,2026-08-12
12507,TURC-M8,S,39,2026-08-12
12508,CINT-5M,S,1,2026-08-13
12509,CLAV-3P,S,2,2026-08-13
12510,CODE-1P,S,2,2026-08-13
12511,CODE-2P,S,2,2026-08-13
12512,DEST-PH2,S,1,2026-08-13
12513,FOCOS-L9,S,6,2026-08-13
12514,INTE-SNC,S,1,2026-08-13
12515,LIJAD-1,S,2,2026-08-13
12516,LLAV-12,S,1,2026-08-13
12517,PINT-BG,S,1,2026-08-13
12518,PINT-BL,S,5,2026-08-13
12519,ROND-M6,S,82,2026-08-13
12520,ROND-M8,S,29,2026-08-13
12521,TOMA-SNC,S,19,2026-08-13
12522,TORN-M10,S,5,2026-08-13
12523,TORN-M4,S,15,2026-08-13
12524,TORN-M8,S,2,2026-08-13
12525,TURC-M6,S,59,2026-08-13
12526,TURC-M8,S,35,2026-08-13
12527,CABL-14,E,13,2026-08-14
12528,CABL-12,S,6,2026-08-14
12529,CLAV-3P,S,1,2026-08-14
12530,CODE-1P,S,10,2026-08-14
12531,CODE-2P,S,2,2026-08-14
12532,FOCOS-L9,S,2,2026-08-14
12533,LIJAD-1,S,2,2026-08-14
12534,MART-1A,S,1,2026-08-14
12535,PINT-BG,S,2,2026-08-14
12536,PLIE-6P,S,1,2026-08-14
12537,ROLLO-1,S,2,2026-08-14
12538,ROND-M6,S,5,2026-08-14
12539,ROND-M8,S,9,2026-08-14
12540,SELL-TF,S,1,2026-08-14
12541,TABL-1P,S,1,2026-08-14
12542,TOMA-SNC,S,9,2026-08-14
12543,TORN-M10,S,5,2026-08-14
12544,TORN-M4,S,1,2026-08-14
12545,TORN-M6,S,3,2026-08-14
12546,TORN-M8,S,11,2026-08-14
12547,TURC-M6,S,102,2026-08-14
12548,TURC-M8,S,103,2026-08-14
12549,BROD-4P,S,2,2026-08-15
12550,CLAV-2P,S,2,2026-08-15
12551,CLAV-3P,S,1,2026-08-15
12552,CODE-1P,S,2,2026-08-15
12553,CODE-2P,S,2,2026-08-15
12554,ESMER-1,S,1,2026-08-15
12555,FOCOS-L15,S,3,2026-08-15
12556,FOCOS-L9,S,2,2026-08-15
12557,INTE-SNC,S,3,2026-08-15
12558,NIVE-60,S,2,2026-08-15
12559,PINT-BL,S,2,2026-08-15
12560,ROND-M6,S,31,2026-08-15
12561,ROND-M8,S,3,2026-08-15
12562,SELL-TF,S,2,2026-08-15
12563,TOMA-SNC,S,10,2026-08-15
12564,TORN-M10,S,5,2026-08-15
12565,TORN-M4,S,3,2026-08-15
12566,TORN-M6,S,9,2026-08-15
12567,TORN-M8,S,5,2026-08-15
12568,TUBO-1P,S,1,2026-08-15
12569,TURC-M6,S,12,2026-08-15
12570,TURC-M8,S,38,2026-08-15
12571,LIJAD-1,E,40,2026-08-17
12572,TUBO-2P,E,43,2026-08-17
12573,CLAV-3P,S,2,2026-08-17
12574,CODE-1P,S,1,2026-08-17
12575,INTE-SNC,S,1,2026-08-17
12576,LLAV-12,S,2,2026-08-17
12577,PINT-BL,S,5,2026-08-17
12578,ROND-M6,S,11,2026-08-17
12579,ROND-M8,S,23,2026-08-17
12580,SELL-TF,S,1,2026-08-17
12581,TOMA-DBL,S,2,2026-08-17
12582,TOMA-SNC,S,2,2026-08-17
12583,TORN-M10,S,9,2026-08-17
12584,TORN-M4,S,7,2026-08-17
12585,TORN-M6,S,25,2026-08-17
12586,TORN-M8,S,3,2026-08-17
12587,TURC-M6,S,23,2026-08-17
12588,TURC-M8,S,11,2026-08-17
12589,LLAV-1P,E,13,2026-08-18
12590,BROD-4P,S,1,2026-08-18
12591,CLAV-3P,S,6,2026-08-18
12592,CODE-2P,S,3,2026-08-18
12593,FOCOS-L15,S,2,2026-08-18
12594,FOCOS-L9,S,3,2026-08-18
12595,LIAV-10,S,1,2026-08-18
12596,LIJAD-1,S,1,2026-08-18
12597,LLAV-12,S,1,2026-08-18
12598,PINT-BG,S,3,2026-08-18
12599,PINT-BL,S,2,2026-08-18
12600,ROND-M6,S,8,2026-08-18
12601,ROND-M8,S,9,2026-08-18
12602,SIER-C1,S,1,2026-08-18
12603,TOMA-SNC,S,8,2026-08-18
12604,TORN-M10,S,2,2026-08-18
12605,TORN-M4,S,16,2026-08-18
12606,TORN-M6,S,3,2026-08-18
12607,TORN-M8,S,14,2026-08-18
12608,TUBO-1P,S,1,2026-08-18
12609,TURC-M6,S,63,2026-08-18
12610,TURC-M8,S,29,2026-08-18
12611,TURC-M8,E,1450,2026-08-19
12612,CINT-5M,S,2,2026-08-19
12613,CLAV-3P,S,1,2026-08-19
12614,CODE-1P,S,5,2026-08-19
12615,CODE-2P,S,4,2026-08-19
12616,FOCOS-L9,S,2,2026-08-19
12617,LLAV-12,S,1,2026-08-19
12618,PINT-BL,S,3,2026-08-19
12619,ROND-M6,S,1,2026-08-19
12620,ROND-M8,S,57,2026-08-19
12621,TABL-2P,S,6,2026-08-19
12622,TOMA-SNC,S,5,2026-08-19
12623,TORN-M10,S,3,2026-08-19
12624,TORN-M4,S,7,2026-08-19
12625,TORN-M6,S,3,2026-08-19
12626,TORN-M8,S,6,2026-08-19
12627,TURC-M6,S,138,2026-08-19
12628,TURC-M8,S,26,2026-08-19
12629,CABL-12,S,11,2026-08-20
12630,CODE-1P,S,5,2026-08-20
12631,FOCOS-L9,S,4,2026-08-20
12632,LIAV-10,S,2,2026-08-20
12633,LLAV-12,S,1,2026-08-20
12634,NIVE-60,S,1,2026-08-20
12635,PINT-BL,S,3,2026-08-20
12636,PINT-GR,S,1,2026-08-20
12637,ROND-M6,S,82,2026-08-20
12638,ROND-M8,S,30,2026-08-20
12639,TOMA-SNC,S,10,2026-08-20
12640,TORN-M10,S,9,2026-08-20
12641,TORN-M4,S,2,2026-08-20
12642,TORN-M6,S,3,2026-08-20
12643,TORN-M8,S,2,2026-08-20
12644,TUBO-1P,S,3,2026-08-20
12645,TURC-M6,S,58,2026-08-20
12646,TURC-M8,S,58,2026-08-20
12647,BROD-4P,E,30,2026-08-21
12648,TORN-M8,E,700,2026-08-21
12649,CABL-12,S,6,2026-08-21
12650,CLAV-3P,S,5,2026-08-21
12651,CODE-1P,S,5,2026-08-21
12652,CODE-2P,S,2,2026-08-21
12653,FOCOS-L15,S,1,2026-08-21
12654,FOCOS-L9,S,3,2026-08-21
12655,LLAV-12,S,2,2026-08-21
12656,NIVE-60,S,1,2026-08-21
12657,PINT-BL,S,8,2026-08-21
12658,PINT-GR,S,1,2026-08-21
12659,ROND-M6,S,20,2026-08-21
12660,ROND-M8,S,53,2026-08-21
12661,SELL-TF,S,3,2026-08-21
12662,TOMA-SNC,S,9,2026-08-21
12663,TORN-M10,S,5,2026-08-21
12664,TORN-M4,S,5,2026-08-21
12665,TORN-M6,S,2,2026-08-21
12666,TORN-M8,S,2,2026-08-21
12667,TUBO-1P,S,1,2026-08-21
12668,TURC-M6,S,42,2026-08-21
12669,TURC-M8,S,95,2026-08-21
12670,CLAV-2P,S,1,2026-08-22
12671,CLAV-3P,S,5,2026-08-22
12672,CODE-1P,S,11,2026-08-22
12673,CODE-2P,S,2,2026-08-22
12674,ESMER-1,S,1,2026-08-22
12675,FOCOS-L15,S,1,2026-08-22
12676,FOCOS-L9,S,4,2026-08-22
12677,LIJAD-1,S,1,2026-08-22
12678,NIVE-60,S,1,2026-08-22
12679,PINT-BL,S,4,2026-08-22
12680,ROND-M6,S,44,2026-08-22
12681,ROND-M8,S,4,2026-08-22
12682,SELL-TF,S,1,2026-08-22
12683,TOMA-SNC,S,3,2026-08-22
12684,TORN-M10,S,10,2026-08-22
12685,TORN-M4,S,13,2026-08-22
12686,TORN-M6,S,1,2026-08-22
12687,TORN-M8,S,29,2026-08-22
12688,TURC-M6,S,14,2026-08-22
12689,TURC-M8,S,18,2026-08-22
12690,CLAV-2P,S,1,2026-08-24
12691,CLAV-3P,S,2,2026-08-24
12692,CODE-1P,S,9,2026-08-24
12693,LIJAD-1,S,1,2026-08-24
12694,MART-2A,S,4,2026-08-24
12695,PINT-BL,S,9,2026-08-24
12696,ROND-M6,S,5,2026-08-24
12697,ROND-M8,S,33,2026-08-24
12698,SELL-TF,S,1,2026-08-24
12699,SIER-HK,S,1,2026-08-24
12700,TABL-1P,S,1,2026-08-24
12701,TOMA-SNC,S,3,2026-08-24
12702,TORN-M10,S,11,2026-08-24
12703,TORN-M4,S,6,2026-08-24
12704,TORN-M6,S,8,2026-08-24
12705,TORN-M8,S,15,2026-08-24
12706,TURC-M6,S,40,2026-08-24
12707,TURC-M8,S,59,2026-08-24
12708,CLAV-2P,S,1,2026-08-25
12709,CLAV-3P,S,4,2026-08-25
12710,CODE-1P,S,4,2026-08-25
12711,CODE-2P,S,3,2026-08-25
12712,DEST-PH2,S,1,2026-08-25
12713,FOCOS-L9,S,4,2026-08-25
12714,LIJAD-1,S,1,2026-08-25
12715,PINT-BL,S,8,2026-08-25
12716,ROND-M6,S,25,2026-08-25
12717,ROND-M8,S,14,2026-08-25
12718,TOMA-SNC,S,6,2026-08-25
12719,TORN-M10,S,3,2026-08-25
12720,TORN-M4,S,12,2026-08-25
12721,TORN-M6,S,6,2026-08-25
12722,TORN-M8,S,3,2026-08-25
12723,TURC-M6,S,25,2026-08-25
12724,TURC-M8,S,20,2026-08-25
12725,PINT-BG,E,38,2026-08-26
12726,CLAV-3P,S,2,2026-08-26
12727,CODE-1P,S,2,2026-08-26
12728,CODE-2P,S,2,2026-08-26
12729,DEST-PH2,S,1,2026-08-26
12730,FOCOS-L15,S,1,2026-08-26
12731,FOCOS-L9,S,2,2026-08-26
12732,LIJAD-1,S,3,2026-08-26
12733,MART-2A,S,2,2026-08-26
12734,PINT-BG,S,1,2026-08-26
12735,PINT-BL,S,7,2026-08-26
12736,PINT-GR,S,1,2026-08-26
12737,ROND-M6,S,17,2026-08-26
12738,ROND-M8,S,44,2026-08-26
12739,TOMA-SNC,S,13,2026-08-26
12740,TORN-M10,S,15,2026-08-26
12741,TORN-M4,S,4,2026-08-26
12742,TORN-M6,S,2,2026-08-26
12743,TORN-M8,S,1,2026-08-26
12744,TUBO-1P,S,1,2026-08-26
12745,TURC-M6,S,37,2026-08-26
12746,TURC-M8,S,42,2026-08-26
12747,CODE-1P,S,6,2026-08-27
12748,CODE-2P,S,1,2026-08-27
12749,DEST-PL6,S,1,2026-08-27
12750,FOCOS-L15,S,2,2026-08-27
12751,FOCOS-L9,S,4,2026-08-27
12752,INTE-SNC,S,1,2026-08-27
12753,LIJAD-1,S,1,2026-08-27
12754,PINT-BG,S,1,2026-08-27
12755,PINT-BL,S,11,2026-08-27
12756,ROND-M6,S,42,2026-08-27
12757,ROND-M8,S,25,2026-08-27
12758,TOMA-SNC,S,9,2026-08-27
12759,TORN-M4,S,5,2026-08-27
12760,TORN-M6,S,1,2026-08-27
12761,TORN-M8,S,12,2026-08-27
12762,TUBO-1P,S,1,2026-08-27
12763,TURC-M6,S,79,2026-08-27
12764,TURC-M8,S,12,2026-08-27
12765,CABL-12,E,57,2026-08-28
12766,CLAV-3P,S,5,2026-08-28
12767,CODE-1P,S,2,2026-08-28
12768,CODE-2P,S,2,2026-08-28
12769,ESMER-1,S,1,2026-08-28
12770,FOCOS-L15,S,3,2026-08-28
12771,LIJAD-1,S,1,2026-08-28
12772,LLAV-12,S,2,2026-08-28
12773,MART-2A,S,1,2026-08-28
12774,PINT-BL,S,1,2026-08-28
12775,ROND-M6,S,2,2026-08-28
12776,ROND-M8,S,18,2026-08-28
12777,TABL-2P,S,6,2026-08-28
12778,TOMA-SNC,S,23,2026-08-28
12779,TORN-M10,S,1,2026-08-28
12780,TORN-M4,S,12,2026-08-28
12781,TORN-M6,S,4,2026-08-28
12782,TORN-M8,S,1,2026-08-28
12783,TURC-M6,S,68,2026-08-28
12784,TURC-M8,S,14,2026-08-28
12785,CLAV-3P,E,145,2026-08-29
12786,CLAV-2P,S,1,2026-08-29
12787,CODE-1P,S,4,2026-08-29
12788,CODE-2P,S,3,2026-08-29
12789,DEST-PL6,S,1,2026-08-29
12790,LIJAD-1,S,1,2026-08-29
12791,LLAV-12,S,1,2026-08-29
12792,MART-2A,S,1,2026-08-29
12793,NIVE-60,S,1,2026-08-29
12794,PINT-BL,S,7,2026-08-29
12795,ROND-M6,S,49,2026-08-29
12796,ROND-M8,S,23,2026-08-29
12797,SELL-TF,S,1,2026-08-29
12798,TOMA-SNC,S,16,2026-08-29
12799,TORN-M10,S,27,2026-08-29
12800,TORN-M4,S,1,2026-08-29
12801,TORN-M6,S,2,2026-08-29
12802,TORN-M8,S,5,2026-08-29
12803,TURC-M6,S,136,2026-08-29
12804,TURC-M8,S,30,2026-08-29
12805,CODE-2P,E,125,2026-08-31
12806,BROD-2P,S,1,2026-08-31
12807,CLAV-3P,S,5,2026-08-31
12808,CODE-1P,S,1,2026-08-31
12809,FOCOS-L15,S,2,2026-08-31
12810,LLAV-12,S,1,2026-08-31
12811,PINT-BL,S,8,2026-08-31
12812,PINT-GR,S,1,2026-08-31
12813,ROND-M6,S,44,2026-08-31
12814,ROND-M8,S,9,2026-08-31
12815,TOMA-DBL,S,1,2026-08-31
12816,TOMA-SNC,S,4,2026-08-31
12817,TORN-M10,S,15,2026-08-31
12818,TORN-M4,S,5,2026-08-31
12819,TORN-M6,S,5,2026-08-31
12820,TORN-M8,S,6,2026-08-31
12821,TURC-M6,S,114,2026-08-31
12822,TURC-M8,S,82,2026-08-31
