id_movimiento,codigo_producto,tipo,cantidad,fecha
100001,BROD-2P,E,35,2024-09-01
100002,BROD-4P,E,40,2024-09-01
100003,CABL-12,E,8,2024-09-01
100004,CABL-14,E,12,2024-09-01
100005,CALAD-1,E,11,2024-09-01
100006,CINT-5M,E,17,2024-09-01
100007,CLAV-2P,E,90,2024-09-01
100008,CLAV-3P,E,35,2024-09-01
100009,CODE-1P,E,250,2024-09-01
100010,CODE-2P,E,115,2024-09-01
100011,DEST-PH2,E,31,2024-09-01
100012,DEST-PL6,E,26,2024-09-01
100013,ESMA-BL,E,24,2024-09-01
100014,ESMA-NG,E,17,2024-09-01
100015,ESMER-1,E,8,2024-09-01
100016,ESMER-2,E,5,2024-09-01
100017,FOCOS-L15,E,90,2024-09-01
100018,FOCOS-L9,E,110,2024-09-01
100019,INTE-SNC,E,100,2024-09-01
100020,LIAV-10,E,16,2024-09-01
100021,LIJAD-1,E,14,2024-09-01
100022,LLAV-12,E,19,2024-09-01
100023,LLAV-1P,E,13,2024-09-01
100024,MART-1A,E,30,2024-09-01
100025,MART-2A,E,19,2024-09-01
100026,NIVE-60,E,18,2024-09-01
100027,PINT-BG,E,27,2024-09-01
100028,PINT-BL,E,60,2024-09-01
100029,PINT-GR,E,33,2024-09-01
100030,PLIE-6P,E,21,2024-09-01
100031,PLIE-8P,E,18,2024-09-01
100032,ROLLO-1,E,25,2024-09-01
100033,ROND-M6,E,1550,2024-09-01
100034,ROND-M8,E,1400,2024-09-01
100035,SELL-TF,E,250,2024-09-01
100036,SIER-C1,E,4,2024-09-01
100037,SIER-HK,E,24,2024-09-01
100038,SOPLA-1,E,4,2024-09-01
100039,TABL-1P,E,8,2024-09-01
100040,TABL-2P,E,13,2024-09-01
100041,TALDR-1,E,8,2024-09-01
100042,TALDR-2,E,5,2024-09-01
100043,TOMA-DBL,E,50,2024-09-01
100044,TOMA-SNC,E,100,2024-09-01
100045,TORN-M10,E,450,2024-09-01
100046,TORN-M4,E,950,2024-09-01
100047,TORN-M6,E,650,2024-09-01
100048,TORN-M8,E,800,2024-09-01
100049,TUBO-1P,E,30,2024-09-01
100050,TUBO-2P,E,28,2024-09-01
100051,TURC-M6,E,2000,2024-09-01
100052,TURC-M8,E,2000,2024-09-01
100053,CINT-5M,S,2,2024-09-02
100054,CLAV-2P,S,1,2024-09-02
100055,CLAV-3P,S,4,2024-09-02
100056,CODE-1P,S,2,2024-09-02
100057,ESMA-NG,S,1,2024-09-02
100058,FOCOS-L15,S,2,2024-09-02
100059,FOCOS-L9,S,4,2024-09-02
100060,LIJAD-1,S,1,2024-09-02
100061,LLAV-12,S,1,2024-09-02
100062,PINT-BG,S,1,2024-09-02
100063,PINT-BL,S,5,2024-09-02
100064,ROND-M6,S,22,2024-09-02
100065,ROND-M8,S,19,2024-09-02
100066,TALDR-2,S,1,2024-09-02
100067,TOMA-SNC,S,1,2024-09-02
100068,TORN-M10,S,5,2024-09-02
100069,TORN-M4,S,4,2024-09-02
100070,TORN-M6,S,5,2024-09-02
100071,TORN-M8,S,28,2024-09-02
100072,TUBO-1P,S,1,2024-09-02
100073,TURC-M6,S,51,2024-09-02
100074,TURC-M8,S,27,2024-09-02
100075,CLAV-2P,S,1,2024-09-03
100076,CLAV-3P,S,5,2024-09-03
100077,CODE-1P,S,10,2024-09-03
100078,ESMA-BL,S,1,2024-09-03
100079,FOCOS-L15,S,1,2024-09-03
100080,FOCOS-L9,S,3,2024-09-03
100081,LIJAD-1,S,1,2024-09-03
100082,MART-1A,S,1,2024-09-03
100083,NIVE-60,S,2,2024-09-03
100084,PINT-BL,S,4,2024-09-03
100085,ROND-M6,S,32,2024-09-03
100086,ROND-M8,S,13,2024-09-03
100087,SELL-TF,S,3,2024-09-03
100088,SIER-C1,S,1,2024-09-03
100089,TOMA-SNC,S,12,2024-09-03
100090,TORN-M10,S,11,2024-09-03
100091,TORN-M4,S,4,2024-09-03
100092,TORN-M6,S,3,2024-09-03
100093,TORN-M8,S,3,2024-09-03
100094,TURC-M6,S,22,2024-09-03
100095,TURC-M8,S,8,2024-09-03
100096,CLAV-3P,S,1,2024-09-04
100097,CODE-1P,S,6,2024-09-04
100098,CODE-2P,S,4,2024-09-04
100099,ESMA-NG,S,4,2024-09-04
100100,ESMER-1,S,1,2024-09-04
100101,FOCOS-L15,S,2,2024-09-04
100102,FOCOS-L9,S,2,2024-09-04
100103,INTE-SNC,S,1,2024-09-04
100104,LIAV-10,S,1,2024-09-04
100105,LIJAD-1,S,1,2024-09-04
100106,NIVE-60,S,1,2024-09-04
100107,PINT-BG,S,2,2024-09-04
100108,PINT-BL,S,1,2024-09-04
100109,PINT-GR,S,2,2024-09-04
100110,PLIE-6P,S,1,2024-09-04
100111,ROND-M6,S,106,2024-09-04
100112,ROND-M8,S,4,2024-09-04
100113,SELL-TF,S,2,2024-09-04
100114,TOMA-SNC,S,8,2024-09-04
100115,TORN-M10,S,5,2024-09-04
100116,TORN-M4,S,10,2024-09-04
100117,TORN-M6,S,1,2024-09-04
100118,TORN-M8,S,36,2024-09-04
100119,TURC-M6,S,69,2024-09-04
100120,TURC-M8,S,16,2024-09-04
100121,CABL-12,E,55,2024-09-05
100122,CINT-5M,S,2,2024-09-05
100123,CLAV-3P,S,8,2024-09-05
100124,CODE-1P,S,2,2024-09-05
100125,CODE-2P,S,1,2024-09-05
100126,ESMA-NG,S,2,2024-09-05
100127,ESMER-2,S,1,2024-09-05
100128,FOCOS-L15,S,3,2024-09-05
100129,FOCOS-L9,S,5,2024-09-05
100130,INTE-SNC,S,1,2024-09-05
100131,LLAV-12,S,1,2024-09-05
100132,MART-2A,S,1,2024-09-05
100133,PINT-BL,S,4,2024-09-05
100134,PLIE-8P,S,1,2024-09-05
100135,ROND-M6,S,39,2024-09-05
100136,ROND-M8,S,22,2024-09-05
100137,SELL-TF,S,1,2024-09-05
100138,TALDR-1,S,1,2024-09-05
100139,TOMA-SNC,S,16,2024-09-05
100140,TORN-M10,S,11,2024-09-05
100141,TORN-M4,S,5,2024-09-05
100142,TORN-M6,S,9,2024-09-05
100143,TORN-M8,S,19,2024-09-05
100144,TURC-M6,S,176,2024-09-05
100145,TURC-M8,S,27,2024-09-05
100146,TOMA-SNC,E,530,2024-09-06
100147,CLAV-3P,S,3,2024-09-06
100148,CODE-2P,S,3,2024-09-06
100149,ESMA-NG,S,1,2024-09-06
100150,FOCOS-L9,S,5,2024-09-06
100151,LIJAD-1,S,1,2024-09-06
100152,PINT-BL,S,5,2024-09-06
100153,PINT-GR,S,1,2024-09-06
100154,ROND-M6,S,45,2024-09-06
100155,ROND-M8,S,3,2024-09-06
100156,TOMA-DBL,S,1,2024-09-06
100157,TOMA-SNC,S,7,2024-09-06
100158,TORN-M10,S,1,2024-09-06
100159,TORN-M4,S,1,2024-09-06
100160,TORN-M6,S,7,2024-09-06
100161,TORN-M8,S,5,2024-09-06
100162,TURC-M6,S,55,2024-09-06
100163,TURC-M8,S,3,2024-09-06
100164,BROD-4P,S,1,2024-09-07
100165,CLAV-3P,S,5,2024-09-07
100166,CODE-1P,S,3,2024-09-07
100167,CODE-2P,S,4,2024-09-07
100168,DEST-PH2,S,1,2024-09-07
100169,ESMA-NG,S,2,2024-09-07
100170,FOCOS-L15,S,3,2024-09-07
100171,LIJAD-1,S,1,2024-09-07
100172,MART-2A,S,1,2024-09-07
100173,PINT-BG,S,1,2024-09-07
100174,ROND-M6,S,13,2024-09-07
100175,ROND-M8,S,18,2024-09-07
100176,SOPLA-1,S,1,2024-09-07
100177,TOMA-SNC,S,10,2024-09-07
100178,TORN-M10,S,5,2024-09-07
100179,TORN-M4,S,2,2024-09-07
100180,TORN-M6,S,5,2024-09-07
100181,TORN-M8,S,6,2024-09-07
100182,TURC-M6,S,21,2024-09-07
100183,TURC-M8,S,50,2024-09-07
100184,CLAV-3P,E,150,2024-09-09
100185,ESMA-NG,E,42,2024-09-09
100186,CALAD-1,S,1,2024-09-09
100187,CLAV-3P,S,1,2024-09-09
100188,CODE-1P,S,4,2024-09-09
100189,CODE-2P,S,2,2024-09-09
100190,DEST-PL6,S,1,2024-09-09
100191,ESMA-NG,S,1,2024-09-09
100192,FOCOS-L15,S,4,2024-09-09
100193,FOCOS-L9,S,1,2024-09-09
100194,LIJAD-1,S,1,2024-09-09
100195,MART-2A,S,1,2024-09-09
100196,NIVE-60,S,1,2024-09-09
100197,PINT-BL,S,7,2024-09-09
100198,PINT-GR,S,2,2024-09-09
100199,PLIE-6P,S,1,2024-09-09
100200,PLIE-8P,S,1,2024-09-09
100201,ROND-M6,S,30,2024-09-09
100202,ROND-M8,S,34,2024-09-09
100203,SELL-TF,S,2,2024-09-09
100204,TOMA-DBL,S,1,2024-09-09
100205,TOMA-SNC,S,4,2024-09-09
100206,TORN-M10,S,4,2024-09-09
100207,TORN-M4,S,2,2024-09-09
100208,TORN-M8,S,51,2024-09-09
100209,TURC-M6,S,20,2024-09-09
100210,TURC-M8,S,16,2024-09-09
100211,CLAV-2P,S,1,2024-09-10
100212,CODE-1P,S,24,2024-09-10
100213,CODE-2P,S,2,2024-09-10
100214,ESMA-NG,S,2,2024-09-10
100215,FOCOS-L15,S,2,2024-09-10
100216,FOCOS-L9,S,2,2024-09-10
100217,PINT-BL,S,13,2024-09-10
100218,ROND-M6,S,14,2024-09-10
100219,ROND-M8,S,31,2024-09-10
100220,SELL-TF,S,1,2024-09-10
100221,TOMA-SNC,S,18,2024-09-10
100222,TORN-M10,S,20,2024-09-10
100223,TORN-M4,S,9,2024-09-10
100224,TORN-M6,S,3,2024-09-10
100225,TORN-M8,S,24,2024-09-10
100226,TURC-M6,S,140,2024-09-10
100227,TURC-M8,S,50,2024-09-10
100228,PINT-BL,E,195,2024-09-11
100229,CLAV-2P,S,1,2024-09-11
100230,CLAV-3P,S,2,2024-09-11
100231,CODE-1P,S,4,2024-09-11
100232,CODE-2P,S,3,2024-09-11
100233,ESMA-NG,S,1,2024-09-11
100234,FOCOS-L15,S,2,2024-09-11
100235,LIJAD-1,S,1,2024-09-11
100236,PINT-BL,S,1,2024-09-11
100237,PLIE-6P,S,2,2024-09-11
100238,ROND-M6,S,37,2024-09-11
100239,ROND-M8,S,9,2024-09-11
100240,SOPLA-1,S,1,2024-09-11
100241,TOMA-DBL,S,1,2024-09-11
100242,TOMA-SNC,S,5,2024-09-11
100243,TORN-M10,S,3,2024-09-11
100244,TORN-M4,S,4,2024-09-11
100245,TORN-M6,S,18,2024-09-11
100246,TORN-M8,S,10,2024-09-11
100247,TURC-M6,S,41,2024-09-11
100248,TURC-M8,S,25,2024-09-11
100249,BROD-4P,S,1,2024-09-12
100250,CLAV-3P,S,5,2024-09-12
100251,CODE-1P,S,5,2024-09-12
100252,CODE-2P,S,1,2024-09-12
100253,DEST-PH2,S,1,2024-09-12
100254,DEST-PL6,S,1,2024-09-12
100255,FOCOS-L9,S,11,2024-09-12
100256,LIAV-10,S,2,2024-09-12
100257,LIJAD-1,S,5,2024-09-12
100258,LLAV-12,S,2,2024-09-12
100259,MART-2A,S,1,2024-09-12
100260,PINT-BL,S,2,2024-09-12
100261,PINT-GR,S,1,2024-09-12
100262,ROND-M6,S,51,2024-09-12
100263,ROND-M8,S,66,2024-09-12
100264,SELL-TF,S,1,2024-09-12
100265,SOPLA-1,S,1,2024-09-12
100266,TOMA-SNC,S,29,2024-09-12
100267,TORN-M10,S,4,2024-09-12
100268,TORN-M4,S,3,2024-09-12
100269,TORN-M6,S,1,2024-09-12
100270,TORN-M8,S,6,2024-09-12
100271,TURC-M6,S,153,2024-09-12
100272,TURC-M8,S,37,2024-09-12
100273,CLAV-3P,S,3,2024-09-13
100274,CODE-1P,S,4,2024-09-13
100275,ESMA-NG,S,1,2024-09-13
100276,FOCOS-L15,S,2,2024-09-13
100277,FOCOS-L9,S,1,2024-09-13
100278,LIAV-10,S,1,2024-09-13
100279,LLAV-12,S,1,2024-09-13
100280,PINT-BL,S,3,2024-09-13
100281,ROND-M6,S,22,2024-09-13
100282,ROND-M8,S,21,2024-09-13
100283,SIER-HK,S,1,2024-09-13
100284,TOMA-DBL,S,1,2024-09-13
100285,TOMA-SNC,S,23,2024-09-13
100286,TORN-M10,S,12,2024-09-13
100287,TORN-M4,S,3,2024-09-13
100288,TORN-M6,S,5,2024-09-13
100289,TORN-M8,S,7,2024-09-13
100290,TURC-M6,S,37,2024-09-13
100291,TURC-M8,S,19,2024-09-13
100292,CLAV-3P,S,1,2024-09-14
100293,CODE-1P,S,5,2024-09-14
100294,CODE-2P,S,1,2024-09-14
100295,FOCOS-L15,S,1,2024-09-14
100296,FOCOS-L9,S,3,2024-09-14
100297,LLAV-12,S,1,2024-09-14
100298,MART-1A,S,1,2024-09-14
100299,PINT-BG,S,1,2024-09-14
100300,PINT-BL,S,1,2024-09-14
100301,PLIE-8P,S,2,2024-09-14
100302,ROLLO-1,S,1,2024-09-14
100303,ROND-M6,S,16,2024-09-14
100304,ROND-M8,S,20,2024-09-14
100305,TABL-1P,S,1,2024-09-14
100306,TALDR-1,S,1,2024-09-14
100307,TOMA-SNC,S,11,2024-09-14
100308,TORN-M10,S,10,2024-09-14
100309,TORN-M4,S,2,2024-09-14
100310,TORN-M6,S,8,2024-09-14
100311,TORN-M8,S,14,2024-09-14
100312,TURC-M6,S,42,2024-09-14
100313,TURC-M8,S,14,2024-09-14
100314,LIJAD-1,E,48,2024-09-16
100315,BROD-2P,S,1,2024-09-16
100316,CODE-1P,S,6,2024-09-16
100317,CODE-2P,S,2,2024-09-16
100318,FOCOS-L15,S,1,2024-09-16
100319,FOCOS-L9,S,4,2024-09-16
100320,INTE-SNC,S,1,2024-09-16
100321,LIJAD-1,S,1,2024-09-16
100322,MART-2A,S,1,2024-09-16
100323,PINT-BG,S,2,2024-09-16
100324,PINT-BL,S,11,2024-09-16
100325,ROND-M6,S,18,2024-09-16
100326,ROND-M8,S,21,2024-09-16
100327,SELL-TF,S,1,2024-09-16
100328,TOMA-SNC,S,13,2024-09-16
100329,TORN-M10,S,21,2024-09-16
100330,TORN-M4,S,3,2024-09-16
100331,TORN-M6,S,2,2024-09-16
100332,TORN-M8,S,6,2024-09-16
100333,TURC-M6,S,19,2024-09-16
100334,TURC-M8,S,24,2024-09-16
100335,CLAV-3P,S,3,2024-09-17
100336,CODE-1P,S,1,2024-09-17
100337,DEST-PH2,S,1,2024-09-17
100338,ESMA-NG,S,3,2024-09-17
100339,FOCOS-L15,S,1,2024-09-17
100340,FOCOS-L9,S,5,2024-09-17
100341,LIAV-10,S,1,2024-09-17
100342,LLAV-12,S,1,2024-09-17
100343,MART-2A,S,1,2024-09-17
100344,PINT-BG,S,2,2024-09-17
100345,PINT-BL,S,3,2024-09-17
100346,ROND-M6,S,44,2024-09-17
100347,ROND-M8,S,6,2024-09-17
100348,TOMA-SNC,S,3,2024-09-17
100349,TORN-M10,S,5,2024-09-17
100350,TORN-M4,S,9,2024-09-17
100351,TORN-M6,S,3,2024-09-17
100352,TORN-M8,S,9,2024-09-17
100353,TURC-M6,S,50,2024-09-17
100354,TURC-M8,S,6,2024-09-17
100355,CINT-5M,S,1,2024-09-18
100356,CLAV-2P,S,1,2024-09-18
100357,CLAV-3P,S,3,2024-09-18
100358,CODE-1P,S,1,2024-09-18
100359,CODE-2P,S,1,2024-09-18
100360,ESMA-NG,S,3,2024-09-18
100361,FOCOS-L15,S,1,2024-09-18
100362,FOCOS-L9,S,1,2024-09-18
100363,INTE-SNC,S,1,2024-09-18
100364,LIJAD-1,S,1,2024-09-18
100365,LLAV-12,S,2,2024-09-18
100366,MART-2A,S,1,2024-09-18
100367,PINT-BG,S,1,2024-09-18
100368,PINT-BL,S,2,2024-09-18
100369,PINT-GR,S,1,2024-09-18
100370,ROND-M6,S,33,2024-09-18
100371,ROND-M8,S,21,2024-09-18
100372,SIER-HK,S,1,2024-09-18
100373,TORN-M10,S,16,2024-09-18
100374,TORN-M4,S,3,2024-09-18
100375,TORN-M6,S,2,2024-09-18
100376,TORN-M8,S,41,2024-09-18
100377,TURC-M6,S,46,2024-09-18
100378,TURC-M8,S,23,2024-09-18
100379,CLAV-3P,S,8,2024-09-19
100380,CODE-1P,S,3,2024-09-19
100381,ESMA-BL,S,2,2024-09-19
100382,FOCOS-L9,S,1,2024-09-19
100383,LLAV-12,S,1,2024-09-19
100384,NIVE-60,S,1,2024-09-19
100385,PINT-BG,S,1,2024-09-19
100386,ROND-M6,S,60,2024-09-19
100387,ROND-M8,S,20,2024-09-19
100388,SELL-TF,S,2,2024-09-19
100389,TOMA-SNC,S,3,2024-09-19
100390,TORN-M10,S,9,2024-09-19
100391,TORN-M4,S,3,2024-09-19
100392,TORN-M6,S,10,2024-09-19
100393,TORN-M8,S,6,2024-09-19
100394,TURC-M6,S,145,2024-09-19
100395,TURC-M8,S,17,2024-09-19
100396,CABL-12,S,9,2024-09-20
100397,CLAV-3P,S,5,2024-09-20
100398,CODE-1P,S,4,2024-09-20
100399,CODE-2P,S,3,2024-09-20
100400,ESMA-NG,S,1,2024-09-20
100401,FOCOS-L15,S,1,2024-09-20
100402,FOCOS-L9,S,8,2024-09-20
100403,INTE-SNC,S,1,2024-09-20
100404,LIJAD-1,S,2,2024-09-20
100405,LLAV-12,S,1,2024-09-20
100406,MART-2A,S,1,2024-09-20
100407,PINT-BG,S,1,2024-09-20
100408,PLIE-6P,S,1,2024-09-20
100409,ROND-M6,S,78,2024-09-20
100410,ROND-M8,S,66,2024-09-20
100411,SELL-TF,S,2,2024-09-20
100412,TOMA-SNC,S,9,2024-09-20
100413,TORN-M10,S,1,2024-09-20
100414,TORN-M4,S,1,2024-09-20
100415,TORN-M6,S,6,2024-09-20
100416,TORN-M8,S,3,2024-09-20
100417,TUBO-2P,S,27,2024-09-20
100418,TURC-M6,S,21,2024-09-20
100419,TURC-M8,S,57,2024-09-20
100420,CLAV-3P,S,1,2024-09-21
100421,CODE-1P,S,2,2024-09-21
100422,CODE-2P,S,1,2024-09-21
100423,FOCOS-L15,S,2,2024-09-21
100424,FOCOS-L9,S,5,2024-09-21
100425,LIJAD-1,S,2,2024-09-21
100426,LLAV-12,S,1,2024-09-21
100427,MART-2A,S,2,2024-09-21
100428,PINT-BG,S,1,2024-09-21
100429,PINT-BL,S,3,2024-09-21
100430,PLIE-6P,S,1,2024-09-21
100431,ROND-M6,S,40,2024-09-21
100432,ROND-M8,S,34,2024-09-21
100433,SELL-TF,S,2,2024-09-21
100434,TOMA-SNC,S,13,2024-09-21
100435,TORN-M4,S,5,2024-09-21
100436,TORN-M6,S,9,2024-09-21
100437,TORN-M8,S,17,2024-09-21
100438,TUBO-1P,S,1,2024-09-21
100439,TURC-M6,S,67,2024-09-21
100440,TURC-M8,S,35,2024-09-21
100441,FOCOS-L9,E,130,2024-09-23
100442,CLAV-3P,S,4,2024-09-23
100443,CODE-1P,S,8,2024-09-23
100444,CODE-2P,S,1,2024-09-23
100445,ESMA-NG,S,1,2024-09-23
100446,FOCOS-L15,S,2,2024-09-23
100447,FOCOS-L9,S,2,2024-09-23
100448,INTE-SNC,S,1,2024-09-23
100449,LIAV-10,S,1,2024-09-23
100450,LLAV-12,S,1,2024-09-23
100451,MART-2A,S,1,2024-09-23
100452,PINT-GR,S,1,2024-09-23
100453,ROLLO-1,S,1,2024-09-23
100454,ROND-M6,S,12,2024-09-23
100455,ROND-M8,S,29,2024-09-23
100456,SIER-HK,S,1,2024-09-23
100457,TOMA-SNC,S,3,2024-09-23
100458,TORN-M10,S,11,2024-09-23
100459,TORN-M4,S,2,2024-09-23
100460,TORN-M6,S,6,2024-09-23
100461,TORN-M8,S,11,2024-09-23
100462,TURC-M6,S,89,2024-09-23
100463,TURC-M8,S,14,2024-09-23
100464,SOPLA-1,E,4,2024-09-24
100465,CODE-1P,S,4,2024-09-24
100466,DEST-PH2,S,2,2024-09-24
100467,ESMA-NG,S,3,2024-09-24
100468,FOCOS-L15,S,1,2024-09-24
100469,FOCOS-L9,S,3,2024-09-24
100470,LLAV-12,S,1,2024-09-24
100471,MART-2A,S,1,2024-09-24
100472,PINT-BG,S,1,2024-09-24
100473,ROND-M6,S,33,2024-09-24
100474,ROND-M8,S,62,2024-09-24
100475,TOMA-SNC,S,7,2024-09-24
100476,TORN-M10,S,6,2024-09-24
100477,TORN-M4,S,2,2024-09-24
100478,TORN-M6,S,6,2024-09-24
100479,TORN-M8,S,4,2024-09-24
100480,TURC-M6,S,80,2024-09-24
100481,TURC-M8,S,75,2024-09-24
100482,LLAV-12,E,35,2024-09-25
100483,BROD-2P,S,1,2024-09-25
100484,CINT-5M,S,2,2024-09-25
100485,CLAV-3P,S,4,2024-09-25
100486,CODE-1P,S,6,2024-09-25
100487,CODE-2P,S,2,2024-09-25
100488,FOCOS-L9,S,1,2024-09-25
100489,INTE-SNC,S,1,2024-09-25
100490,LIJAD-1,S,1,2024-09-25
100491,NIVE-60,S,1,2024-09-25
100492,PINT-BG,S,1,2024-09-25
100493,PINT-BL,S,3,2024-09-25
100494,PINT-GR,S,1,2024-09-25
100495,ROLLO-1,S,1,2024-09-25
100496,ROND-M6,S,16,2024-09-25
100497,ROND-M8,S,12,2024-09-25
100498,TALDR-1,S,1,2024-09-25
100499,TOMA-SNC,S,2,2024-09-25
100500,TORN-M10,S,6,2024-09-25
100501,TORN-M4,S,3,2024-09-25
100502,TORN-M6,S,11,2024-09-25
100503,TORN-M8,S,9,2024-09-25
100504,TUBO-1P,S,1,2024-09-25
100505,TURC-M6,S,14,2024-09-25
100506,TURC-M8,S,15,2024-09-25
100507,MART-2A,E,45,2024-09-26
100508,ROND-M6,E,2050,2024-09-26
100509,TUBO-2P,E,45,2024-09-26
100510,CLAV-3P,S,9,2024-09-26
100511,CODE-1P,S,5,2024-09-26
100512,CODE-2P,S,2,2024-09-26
100513,ESMA-NG,S,1,2024-09-26
100514,FOCOS-L15,S,1,2024-09-26
100515,FOCOS-L9,S,2,2024-09-26
100516,INTE-SNC,S,1,2024-09-26
100517,LIJAD-1,S,1,2024-09-26
100518,PINT-BL,S,4,2024-09-26
100519,ROND-M6,S,37,2024-09-26
100520,ROND-M8,S,16,2024-09-26
100521,SELL-TF,S,1,2024-09-26
100522,TORN-M10,S,14,2024-09-26
100523,TORN-M4,S,15,2024-09-26
100524,TORN-M6,S,5,2024-09-26
100525,TORN-M8,S,13,2024-09-26
100526,TURC-M6,S,14,2024-09-26
100527,TURC-M8,S,17,2024-09-26
100528,BROD-4P,S,1,2024-09-27
100529,CLAV-3P,S,3,2024-09-27
100530,CODE-1P,S,6,2024-09-27
100531,CODE-2P,S,2,2024-09-27
100532,INTE-SNC,S,1,2024-09-27
100533,LIAV-10,S,2,2024-09-27
100534,MART-2A,S,2,2024-09-27
100535,NIVE-60,S,2,2024-09-27
100536,PINT-BG,S,2,2024-09-27
100537,PINT-BL,S,2,2024-09-27
100538,ROND-M6,S,52,2024-09-27
100539,ROND-M8,S,42,2024-09-27
100540,SELL-TF,S,1,2024-09-27
100541,TOMA-SNC,S,6,2024-09-27
100542,TORN-M10,S,6,2024-09-27
100543,TORN-M4,S,5,2024-09-27
100544,TORN-M6,S,4,2024-09-27
100545,TORN-M8,S,6,2024-09-27
100546,TURC-M6,S,113,2024-09-27
100547,TURC-M8,S,10,2024-09-27
100548,CLAV-3P,S,6,2024-09-28
100549,CODE-1P,S,4,2024-09-28
100550,DEST-PL6,S,2,2024-09-28
100551,ESMA-NG,S,3,2024-09-28
100552,ESMER-1,S,2,2024-09-28
100553,FOCOS-L15,S,3,2024-09-28
100554,FOCOS-L9,S,1,2024-09-28
100555,LIJAD-1,S,1,2024-09-28
100556,MART-2A,S,1,2024-09-28
100557,PINT-BL,S,2,2024-09-28
100558,PINT-GR,S,1,2024-09-28
100559,ROND-M6,S,9,2024-09-28
100560,ROND-M8,S,16,2024-09-28
100561,TOMA-SNC,S,31,2024-09-28
100562,TORN-M10,S,6,2024-09-28
100563,TORN-M4,S,5,2024-09-28
100564,TORN-M6,S,6,2024-09-28
100565,TORN-M8,S,6,2024-09-28
100566,TUBO-1P,S,2,2024-09-28
100567,TURC-M6,S,40,2024-09-28
100568,TURC-M8,S,38,2024-09-28
100569,PINT-BG,E,37,2024-09-30
100570,CLAV-3P,S,1,2024-09-30
100571,CODE-1P,S,4,2024-09-30
100572,DEST-PH2,S,1,2024-09-30
100573,FOCOS-L9,S,1,2024-09-30
100574,INTE-SNC,S,1,2024-09-30
100575,LIAV-10,S,1,2024-09-30
100576,LLAV-12,S,1,2024-09-30
100577,PINT-BG,S,1,2024-09-30
100578,PINT-BL,S,1,2024-09-30
100579,PINT-GR,S,1,2024-09-30
100580,ROND-M6,S,22,2024-09-30
100581,ROND-M8,S,6,2024-09-30
100582,SELL-TF,S,1,2024-09-30
100583,SIER-HK,S,1,2024-09-30
100584,TOMA-DBL,S,2,2024-09-30
100585,TOMA-SNC,S,6,2024-09-30
100586,TORN-M10,S,9,2024-09-30
100587,TORN-M4,S,4,2024-09-30
100588,TORN-M6,S,3,2024-09-30
100589,TORN-M8,S,32,2024-09-30
100590,TURC-M6,S,66,2024-09-30
100591,TURC-M8,S,39,2024-09-30
100592,CINT-5M,E,20,2024-10-01
100593,ROND-M8,E,1850,2024-10-01
100594,TURC-M6,E,2900,2024-10-01
100595,CLAV-2P,S,1,2024-10-01
100596,CLAV-3P,S,6,2024-10-01
100597,CODE-1P,S,7,2024-10-01
100598,CODE-2P,S,3,2024-10-01
100599,ESMA-BL,S,1,2024-10-01
100600,FOCOS-L15,S,2,2024-10-01
100601,FOCOS-L9,S,1,2024-10-01
100602,LIJAD-1,S,1,2024-10-01
100603,PINT-BG,S,2,2024-10-01
100604,PINT-BL,S,1,2024-10-01
100605,ROND-M6,S,42,2024-10-01
100606,ROND-M8,S,13,2024-10-01
100607,TOMA-SNC,S,6,2024-10-01
100608,TORN-M10,S,4,2024-10-01
100609,TORN-M4,S,2,2024-10-01
100610,TORN-M8,S,10,2024-10-01
100611,TURC-M6,S,8,2024-10-01
100612,TURC-M8,S,23,2024-10-01
100613,CLAV-3P,S,2,2024-10-02
100614,CODE-2P,S,2,2024-10-02
100615,DEST-PL6,S,2,2024-10-02
100616,LIAV-10,S,1,2024-10-02
100617,PINT-BG,S,1,2024-10-02
100618,PINT-GR,S,1,2024-10-02
100619,ROND-M6,S,4,2024-10-02
100620,ROND-M8,S,5,2024-10-02
100621,SELL-TF,S,3,2024-10-02
100622,TOMA-DBL,S,1,2024-10-02
100623,TOMA-SNC,S,9,2024-10-02
100624,TORN-M10,S,6,2024-10-02
100625,TORN-M4,S,13,2024-10-02
100626,TORN-M6,S,1,2024-10-02
100627,TORN-M8,S,34,2024-10-02
100628,TURC-M6,S,18,2024-10-02
100629,TURC-M8,S,50,2024-10-02
100630,BROD-2P,S,1,2024-10-03
100631,CLAV-3P,S,7,2024-10-03
100632,CODE-1P,S,23,2024-10-03
100633,CODE-2P,S,3,2024-10-03
100634,DEST-PH2,S,1,2024-10-03
100635,DEST-PL6,S,1,2024-10-03
100636,FOCOS-L15,S,2,2024-10-03
100637,FOCOS-L9,S,2,2024-10-03
100638,INTE-SNC,S,1,2024-10-03
100639,LLAV-12,S,1,2024-10-03
100640,MART-2A,S,3,2024-10-03
100641,PINT-BL,S,2,2024-10-03
100642,ROND-M6,S,35,2024-10-03
100643,ROND-M8,S,21,2024-10-03
100644,TOMA-SNC,S,8,2024-10-03
100645,TORN-M10,S,3,2024-10-03
100646,TORN-M4,S,2,2024-10-03
100647,TORN-M6,S,6,2024-10-03
100648,TORN-M8,S,15,2024-10-03
100649,TUBO-1P,S,1,2024-10-03
100650,TURC-M6,S,17,2024-10-03
100651,TURC-M8,S,39,2024-10-03
100652,NIVE-60,E,20,2024-10-04
100653,BROD-2P,S,1,2024-10-04
100654,CINT-5M,S,1,2024-10-04
100655,CLAV-3P,S,4,2024-10-04
100656,CODE-1P,S,3,2024-10-04
100657,CODE-2P,S,1,2024-10-04
100658,FOCOS-L9,S,2,2024-10-04
100659,MART-2A,S,1,2024-10-04
100660,PINT-BG,S,2,2024-10-04
100661,PINT-BL,S,2,2024-10-04
100662,ROND-M6,S,46,2024-10-04
100663,ROND-M8,S,16,2024-10-04
100664,SELL-TF,S,1,2024-10-04
100665,TOMA-SNC,S,22,2024-10-04
100666,TORN-M10,S,2,2024-10-04
100667,TORN-M4,S,7,2024-10-04
100668,TORN-M8,S,14,2024-10-04
100669,TURC-M6,S,16,2024-10-04
100670,TURC-M8,S,5,2024-10-04
100671,CLAV-3P,S,4,2024-10-05
100672,CODE-2P,S,4,2024-10-05
100673,DEST-PH2,S,2,2024-10-05
100674,DEST-PL6,S,1,2024-10-05
100675,FOCOS-L15,S,1,2024-10-05
100676,FOCOS-L9,S,5,2024-10-05
100677,LIJAD-1,S,2,2024-10-05
100678,MART-2A,S,3,2024-10-05
100679,NIVE-60,S,1,2024-10-05
100680,PINT-BL,S,2,2024-10-05
100681,ROND-M6,S,19,2024-10-05
100682,ROND-M8,S,43,2024-10-05
100683,SELL-TF,S,1,2024-10-05
100684,TABL-2P,S,5,2024-10-05
100685,TOMA-SNC,S,12,2024-10-05
100686,TORN-M10,S,13,2024-10-05
100687,TORN-M4,S,6,2024-10-05
100688,TORN-M6,S,6,2024-10-05
100689,TORN-M8,S,26,2024-10-05
100690,TURC-M6,S,151,2024-10-05
100691,TURC-M8,S,42,2024-10-05
100692,LIAV-10,E,16,2024-10-07
100693,BROD-2P,S,1,2024-10-07
100694,BROD-4P,S,1,2024-10-07
100695,CINT-5M,S,1,2024-10-07
100696,CLAV-2P,S,2,2024-10-07
100697,CLAV-3P,S,1,2024-10-07
100698,CODE-2P,S,1,2024-10-07
100699,FOCOS-L15,S,1,2024-10-07
100700,LIAV-10,S,1,2024-10-07
100701,LIJAD-1,S,3,2024-10-07
100702,LLAV-12,S,2,2024-10-07
100703,PINT-BG,S,1,2024-10-07
100704,PINT-BL,S,3,2024-10-07
100705,PLIE-6P,S,1,2024-10-07
100706,ROND-M6,S,17,2024-10-07
100707,ROND-M8,S,31,2024-10-07
100708,SIER-C1,S,1,2024-10-07
100709,TABL-2P,S,4,2024-10-07
100710,TOMA-SNC,S,11,2024-10-07
100711,TORN-M4,S,4,2024-10-07
100712,TORN-M6,S,6,2024-10-07
100713,TORN-M8,S,14,2024-10-07
100714,TURC-M6,S,21,2024-10-07
100715,TURC-M8,S,8,2024-10-07
100716,CLAV-3P,S,5,2024-10-08
100717,CODE-1P,S,3,2024-10-08
100718,DEST-PL6,S,1,2024-10-08
100719,ESMA-NG,S,4,2024-10-08
100720,FOCOS-L15,S,1,2024-10-08
100721,FOCOS-L9,S,1,2024-10-08
100722,LLAV-12,S,1,2024-10-08
100723,PINT-BG,S,1,2024-10-08
100724,PINT-BL,S,1,2024-10-08
100725,ROND-M6,S,14,2024-10-08
100726,ROND-M8,S,10,2024-10-08
100727,SELL-TF,S,1,2024-10-08
100728,TOMA-SNC,S,4,2024-10-08
100729,TORN-M10,S,3,2024-10-08
100730,TORN-M4,S,10,2024-10-08
100731,TORN-M6,S,3,2024-10-08
100732,TORN-M8,S,6,2024-10-08
100733,TURC-M6,S,120,2024-10-08
100734,TURC-M8,S,36,2024-10-08
100735,FOCOS-L15,E,100,2024-10-09
100736,CLAV-3P,S,1,2024-10-09
100737,CODE-1P,S,6,2024-10-09
100738,CODE-2P,S,1,2024-10-09
100739,DEST-PL6,S,1,2024-10-09
100740,ESMA-NG,S,2,2024-10-09
100741,FOCOS-L15,S,1,2024-10-09
100742,LLAV-12,S,2,2024-10-09
100743,PINT-BL,S,7,2024-10-09
100744,PLIE-8P,S,1,2024-10-09
100745,ROND-M6,S,22,2024-10-09
100746,ROND-M8,S,40,2024-10-09
100747,TOMA-SNC,S,10,2024-10-09
100748,TORN-M10,S,3,2024-10-09
100749,TORN-M4,S,8,2024-10-09
100750,TORN-M6,S,10,2024-10-09
100751,TORN-M8,S,15,2024-10-09
100752,TURC-M6,S,38,2024-10-09
100753,TURC-M8,S,43,2024-10-09
100754,CLAV-2P,S,1,2024-10-10
100755,CODE-1P,S,13,2024-10-10
100756,CODE-2P,S,1,2024-10-10
100757,ESMA-NG,S,3,2024-10-10
100758,ESMER-1,S,1,2024-10-10
100759,FOCOS-L9,S,6,2024-10-10
100760,LLAV-12,S,2,2024-10-10
100761,PINT-BG,S,1,2024-10-10
100762,PINT-BL,S,3,2024-10-10
100763,PLIE-6P,S,1,2024-10-10
100764,ROND-M6,S,19,2024-10-10
100765,ROND-M8,S,14,2024-10-10
100766,SELL-TF,S,1,2024-10-10
100767,TOMA-SNC,S,3,2024-10-10
100768,TORN-M10,S,3,2024-10-10
100769,TORN-M6,S,11,2024-10-10
100770,TORN-M8,S,16,2024-10-10
100771,TURC-M6,S,133,2024-10-10
100772,TURC-M8,S,22,2024-10-10
100773,BROD-2P,S,1,2024-10-11
100774,CABL-12,S,7,2024-10-11
100775,CLAV-2P,S,1,2024-10-11
100776,CLAV-3P,S,1,2024-10-11
100777,CODE-1P,S,4,2024-10-11
100778,CODE-2P,S,6,2024-10-11
100779,ESMA-NG,S,1,2024-10-11
100780,FOCOS-L15,S,1,2024-10-11
100781,LLAV-12,S,2,2024-10-11
100782,MART-2A,S,1,2024-10-11
100783,PLIE-8P,S,1,2024-10-11
100784,ROND-M6,S,28,2024-10-11
100785,ROND-M8,S,16,2024-10-11
100786,SELL-TF,S,1,2024-10-11
100787,TOMA-SNC,S,9,2024-10-11
100788,TORN-M10,S,3,2024-10-11
100789,TORN-M4,S,5,2024-10-11
100790,TORN-M6,S,1,2024-10-11
100791,TORN-M8,S,17,2024-10-11
100792,TURC-M6,S,52,2024-10-11
100793,TURC-M8,S,6,2024-10-11
100794,CLAV-3P,S,3,2024-10-12
100795,CODE-1P,S,2,2024-10-12
100796,CODE-2P,S,1,2024-10-12
100797,DEST-PH2,S,1,2024-10-12
100798,ESMA-BL,S,1,2024-10-12
100799,MART-2A,S,1,2024-10-12
100800,PINT-BL,S,8,2024-10-12
100801,PLIE-8P,S,1,2024-10-12
100802,ROND-M6,S,6,2024-10-12
100803,ROND-M8,S,41,2024-10-12
100804,SELL-TF,S,2,2024-10-12
100805,TOMA-SNC,S,11,2024-10-12
100806,TORN-M4,S,17,2024-10-12
100807,TORN-M8,S,29,2024-10-12
100808,TURC-M6,S,13,2024-10-12
100809,TURC-M8,S,10,2024-10-12
100810,CODE-1P,E,300,2024-10-14
100811,TABL-2P,E,11,2024-10-14
100812,CLAV-2P,S,3,2024-10-14
100813,CLAV-3P,S,6,2024-10-14
100814,CODE-1P,S,2,2024-10-14
100815,ESMA-NG,S,2,2024-10-14
100816,FOCOS-L15,S,4,2024-10-14
100817,FOCOS-L9,S,3,2024-10-14
100818,MART-2A,S,1,2024-10-14
100819,PINT-BG,S,1,2024-10-14
100820,PINT-BL,S,6,2024-10-14
100821,ROND-M6,S,31,2024-10-14
100822,ROND-M8,S,43,2024-10-14
100823,TOMA-SNC,S,10,2024-10-14
100824,TORN-M10,S,31,2024-10-14
100825,TORN-M4,S,13,2024-10-14
100826,TORN-M6,S,4,2024-10-14
100827,TORN-M8,S,30,2024-10-14
100828,TURC-M6,S,42,2024-10-14
100829,TURC-M8,S,12,2024-10-14
100830,TORN-M8,E,700,2024-10-15
100831,BROD-4P,S,1,2024-10-15
100832,CLAV-3P,S,3,2024-10-15
100833,CODE-1P,S,24,2024-10-15
100834,CODE-2P,S,1,2024-10-15
100835,FOCOS-L9,S,1,2024-10-15
100836,PLIE-8P,S,1,2024-10-15
100837,ROND-M6,S,12,2024-10-15
100838,ROND-M8,S,53,2024-10-15
100839,SELL-TF,S,1,2024-10-15
100840,SIER-C1,S,1,2024-10-15
100841,SIER-HK,S,1,2024-10-15
100842,TOMA-DBL,S,1,2024-10-15
100843,TOMA-SNC,S,4,2024-10-15
100844,TORN-M10,S,11,2024-10-15
100845,TORN-M4,S,4,2024-10-15
100846,TORN-M8,S,60,2024-10-15
100847,TUBO-1P,S,2,2024-10-15
100848,TURC-M6,S,36,2024-10-15
100849,TURC-M8,S,33,2024-10-15
100850,CLAV-2P,S,1,2024-10-16
100851,CODE-1P,S,11,2024-10-16
100852,CODE-2P,S,1,2024-10-16
100853,ESMA-NG,S,1,2024-10-16
100854,FOCOS-L9,S,2,2024-10-16
100855,INTE-SNC,S,4,2024-10-16
100856,LLAV-12,S,3,2024-10-16
100857,MART-2A,S,4,2024-10-16
100858,PINT-BG,S,2,2024-10-16
100859,PINT-BL,S,6,2024-10-16
100860,PLIE-6P,S,1,2024-10-16
100861,ROND-M6,S,21,2024-10-16
100862,ROND-M8,S,45,2024-10-16
100863,TOMA-SNC,S,2,2024-10-16
100864,TORN-M10,S,24,2024-10-16
100865,TORN-M4,S,1,2024-10-16
100866,TORN-M6,S,14,2024-10-16
100867,TORN-M8,S,31,2024-10-16
100868,TURC-M6,S,27,2024-10-16
100869,TURC-M8,S,36,2024-10-16
100870,SIER-C1,E,4,2024-10-17
100871,BROD-2P,S,1,2024-10-17
100872,CLAV-3P,S,5,2024-10-17
100873,CODE-1P,S,3,2024-10-17
100874,CODE-2P,S,2,2024-10-17
100875,DEST-PL6,S,1,2024-10-17
100876,ESMA-NG,S,2,2024-10-17
100877,ESMER-2,S,1,2024-10-17
100878,FOCOS-L15,S,2,2024-10-17
100879,FOCOS-L9,S,1,2024-10-17
100880,MART-2A,S,1,2024-10-17
100881,NIVE-60,S,1,2024-10-17
100882,PINT-BG,S,1,2024-10-17
100883,PINT-BL,S,1,2024-10-17
100884,ROLLO-1,S,1,2024-10-17
100885,ROND-M6,S,6,2024-10-17
100886,ROND-M8,S,30,2024-10-17
100887,SELL-TF,S,2,2024-10-17
100888,TOMA-SNC,S,1,2024-10-17
100889,TORN-M10,S,7,2024-10-17
100890,TORN-M4,S,4,2024-10-17
100891,TORN-M6,S,1,2024-10-17
100892,TORN-M8,S,25,2024-10-17
100893,TURC-M6,S,50,2024-10-17
100894,TURC-M8,S,22,2024-10-17
100895,CLAV-2P,S,2,2024-10-18
100896,CLAV-3P,S,3,2024-10-18
100897,CODE-1P,S,16,2024-10-18
100898,DEST-PH2,S,1,2024-10-18
100899,ESMA-NG,S,1,2024-10-18
100900,LIAV-10,S,2,2024-10-18
100901,MART-2A,S,1,2024-10-18
100902,PINT-BG,S,2,2024-10-18
100903,PINT-BL,S,3,2024-10-18
100904,PINT-GR,S,1,2024-10-18
100905,ROLLO-1,S,1,2024-10-18
100906,ROND-M6,S,15,2024-10-18
100907,ROND-M8,S,28,2024-10-18
100908,SELL-TF,S,1,2024-10-18
100909,TABL-1P,S,1,2024-10-18
100910,TABL-2P,S,5,2024-10-18
100911,TOMA-SNC,S,3,2024-10-18
100912,TORN-M10,S,3,2024-10-18
100913,TORN-M4,S,8,2024-10-18
100914,TORN-M8,S,17,2024-10-18
100915,TURC-M6,S,73,2024-10-18
100916,TURC-M8,S,30,2024-10-18
100917,CODE-2P,E,125,2024-10-19
100918,CINT-5M,S,1,2024-10-19
100919,CLAV-3P,S,3,2024-10-19
100920,CODE-1P,S,10,2024-10-19
100921,FOCOS-L9,S,1,2024-10-19
100922,LIAV-10,S,1,2024-10-19
100923,LLAV-12,S,1,2024-10-19
100924,NIVE-60,S,1,2024-10-19
100925,PINT-BL,S,13,2024-10-19
100926,PINT-GR,S,1,2024-10-19
100927,ROND-M6,S,32,2024-10-19
100928,ROND-M8,S,13,2024-10-19
100929,TOMA-SNC,S,1,2024-10-19
100930,TORN-M10,S,18,2024-10-19
100931,TORN-M4,S,2,2024-10-19
100932,TORN-M6,S,4,2024-10-19
100933,TORN-M8,S,7,2024-10-19
100934,TUBO-1P,S,1,2024-10-19
100935,TURC-M6,S,62,2024-10-19
100936,TURC-M8,S,1,2024-10-19
100937,CLAV-3P,S,2,2024-10-21
100938,CODE-1P,S,3,2024-10-21
100939,FOCOS-L9,S,1,2024-10-21
100940,LIAV-10,S,1,2024-10-21
100941,PINT-BG,S,1,2024-10-21
100942,ROND-M6,S,65,2024-10-21
100943,ROND-M8,S,18,2024-10-21
100944,SELL-TF,S,1,2024-10-21
100945,SOPLA-1,S,1,2024-10-21
100946,TOMA-DBL,S,1,2024-10-21
100947,TOMA-SNC,S,3,2024-10-21
100948,TORN-M4,S,5,2024-10-21
100949,TORN-M6,S,5,2024-10-21
100950,TORN-M8,S,24,2024-10-21
100951,TURC-M6,S,23,2024-10-21
100952,TURC-M8,S,11,2024-10-21
100953,TORN-M10,E,450,2024-10-22
100954,CINT-5M,S,1,2024-10-22
100955,CLAV-3P,S,1,2024-10-22
100956,CODE-1P,S,10,2024-10-22
100957,ESMA-NG,S,1,2024-10-22
100958,FOCOS-L9,S,1,2024-10-22
100959,MART-2A,S,2,2024-10-22
100960,NIVE-60,S,1,2024-10-22
100961,PINT-BL,S,4,2024-10-22
100962,ROND-M6,S,8,2024-10-22
100963,ROND-M8,S,12,2024-10-22
100964,SELL-TF,S,1,2024-10-22
100965,SIER-HK,S,1,2024-10-22
100966,TABL-1P,S,1,2024-10-22
100967,TOMA-DBL,S,1,2024-10-22
100968,TOMA-SNC,S,5,2024-10-22
100969,TORN-M10,S,7,2024-10-22
100970,TORN-M4,S,4,2024-10-22
100971,TORN-M6,S,13,2024-10-22
100972,TORN-M8,S,19,2024-10-22
100973,TURC-M6,S,25,2024-10-22
100974,TURC-M8,S,7,2024-10-22
100975,DEST-PL6,E,30,2024-10-23
100976,CABL-12,S,9,2024-10-23
100977,CODE-1P,S,10,2024-10-23
100978,CODE-2P,S,1,2024-10-23
100979,DEST-PH2,S,1,2024-10-23
100980,DEST-PL6,S,1,2024-10-23
100981,ESMA-NG,S,1,2024-10-23
100982,FOCOS-L9,S,1,2024-10-23
100983,LIJAD-1,S,1,2024-10-23
100984,MART-2A,S,1,2024-10-23
100985,PINT-BG,S,1,2024-10-23
100986,PINT-BL,S,8,2024-10-23
100987,PLIE-6P,S,1,2024-10-23
100988,ROND-M6,S,27,2024-10-23
100989,ROND-M8,S,48,2024-10-23
100990,TOMA-SNC,S,35,2024-10-23
100991,TORN-M10,S,7,2024-10-23
100992,TORN-M4,S,2,2024-10-23
100993,TORN-M6,S,6,2024-10-23
100994,TORN-M8,S,7,2024-10-23
100995,TURC-M6,S,121,2024-10-23
100996,TURC-M8,S,34,2024-10-23
100997,CLAV-3P,S,1,2024-10-24
100998,CODE-1P,S,2,2024-10-24
100999,ESMA-NG,S,1,2024-10-24
101000,FOCOS-L15,S,2,2024-10-24
101001,FOCOS-L9,S,5,2024-10-24
101002,PINT-BL,S,3,2024-10-24
101003,PINT-GR,S,1,2024-10-24
101004,ROND-M6,S,44,2024-10-24
101005,ROND-M8,S,58,2024-10-24
101006,SELL-TF,S,3,2024-10-24
101007,SIER-HK,S,1,2024-10-24
101008,TOMA-DBL,S,1,2024-10-24
101009,TOMA-SNC,S,10,2024-10-24
101010,TORN-M10,S,8,2024-10-24
101011,TORN-M4,S,5,2024-10-24
101012,TORN-M6,S,4,2024-10-24
101013,TORN-M8,S,11,2024-10-24
101014,TURC-M6,S,72,2024-10-24
101015,TURC-M8,S,34,2024-10-24
101016,CLAV-3P,S,3,2024-10-25
101017,ESMA-NG,S,1,2024-10-25
101018,FOCOS-L9,S,3,2024-10-25
101019,LIJAD-1,S,2,2024-10-25
101020,PINT-BG,S,1,2024-10-25
101021,PINT-BL,S,4,2024-10-25
101022,ROND-M6,S,22,2024-10-25
101023,ROND-M8,S,14,2024-10-25
101024,TALDR-2,S,1,2024-10-25
101025,TOMA-SNC,S,3,2024-10-25
101026,TORN-M10,S,3,2024-10-25
101027,TORN-M8,S,10,2024-10-25
101028,TUBO-1P,S,2,2024-10-25
101029,TURC-M6,S,48,2024-10-25
101030,TURC-M8,S,51,2024-10-25
101031,ESMA-NG,E,42,2024-10-26
101032,CABL-12,S,15,2024-10-26
101033,CLAV-3P,S,4,2024-10-26
101034,CODE-1P,S,7,2024-10-26
101035,CODE-2P,S,1,2024-10-26
101036,DEST-PL6,S,1,2024-10-26
101037,ESMA-NG,S,1,2024-10-26
101038,FOCOS-L9,S,2,2024-10-26
101039,MART-1A,S,1,2024-10-26
101040,PINT-BL,S,7,2024-10-26
101041,ROND-M6,S,51,2024-10-26
101042,ROND-M8,S,31,2024-10-26
101043,TOMA-SNC,S,12,2024-10-26
101044,TORN-M4,S,3,2024-10-26
101045,TORN-M6,S,7,2024-10-26
101046,TORN-M8,S,3,2024-10-26
101047,TURC-M6,S,111,2024-10-26
101048,TURC-M8,S,11,2024-10-26
101049,CINT-5M,S,1,2024-10-28
101050,CLAV-3P,S,13,2024-10-28
101051,CODE-1P,S,1,2024-10-28
101052,CODE-2P,S,4,2024-10-28
101053,ESMA-NG,S,2,2024-10-28
101054,LIJAD-1,S,3,2024-10-28
101055,MART-2A,S,2,2024-10-28
101056,PINT-BG,S,4,2024-10-28
101057,PINT-BL,S,2,2024-10-28
101058,ROND-M6,S,3,2024-10-28
101059,ROND-M8,S,61,2024-10-28
101060,SELL-TF,S,1,2024-10-28
101061,TOMA-SNC,S,8,2024-10-28
101062,TORN-M10,S,4,2024-10-28
101063,TORN-M4,S,6,2024-10-28
101064,TORN-M6,S,7,2024-10-28
101065,TORN-M8,S,8,2024-10-28
101066,TURC-M6,S,48,2024-10-28
101067,TURC-M8,S,10,2024-10-28
101068,CLAV-3P,S,4,2024-10-29
101069,CODE-1P,S,1,2024-10-29
101070,CODE-2P,S,1,2024-10-29
101071,FOCOS-L15,S,1,2024-10-29
101072,LIJAD-1,S,1,2024-10-29
101073,LLAV-12,S,2,2024-10-29
101074,MART-2A,S,2,2024-10-29
101075,PINT-BG,S,1,2024-10-29
101076,PINT-BL,S,17,2024-10-29
101077,PLIE-6P,S,2,2024-10-29
101078,ROND-M6,S,34,2024-10-29
101079,ROND-M8,S,10,2024-10-29
101080,SELL-TF,S,2,2024-10-29
101081,TORN-M10,S,4,2024-10-29
101082,TORN-M4,S,19,2024-10-29
101083,TORN-M8,S,14,2024-10-29
101084,TURC-M6,S,47,2024-10-29
101085,TURC-M8,S,50,2024-10-29
101086,CINT-5M,S,1,2024-10-30
101087,CLAV-3P,S,4,2024-10-30
101088,CODE-1P,S,11,2024-10-30
101089,CODE-2P,S,1,2024-10-30
101090,ESMA-NG,S,3,2024-10-30
101091,LIAV-10,S,1,2024-10-30
101092,LIJAD-1,S,2,2024-10-30
101093,LLAV-12,S,2,2024-10-30
101094,MART-2A,S,1,2024-10-30
101095,NIVE-60,S,1,2024-10-30
101096,PINT-BG,S,2,2024-10-30
101097,PINT-GR,S,1,2024-10-30
101098,PLIE-6P,S,1,2024-10-30
101099,ROND-M6,S,24,2024-10-30
101100,ROND-M8,S,19,2024-10-30
101101,TOMA-SNC,S,2,2024-10-30
101102,TORN-M10,S,9,2024-10-30
101103,TORN-M4,S,2,2024-10-30
101104,TORN-M6,S,3,2024-10-30
101105,TORN-M8,S,15,2024-10-30
101106,TURC-M6,S,53,2024-10-30
101107,TURC-M8,S,36,2024-10-30
101108,CLAV-3P,S,3,2024-10-31
101109,ESMA-NG,S,2,2024-10-31
101110,ESMER-1,S,1,2024-10-31
101111,FOCOS-L9,S,16,2024-10-31
101112,INTE-SNC,S,1,2024-10-31
101113,LIJAD-1,S,3,2024-10-31
101114,NIVE-60,S,1,2024-10-31
101115,PINT-BL,S,10,2024-10-31
101116,PINT-GR,S,1,2024-10-31
101117,PLIE-6P,S,1,2024-10-31
101118,ROND-M6,S,13,2024-10-31
101119,ROND-M8,S,28,2024-10-31
101120,SELL-TF,S,1,2024-10-31
101121,TOMA-SNC,S,4,2024-10-31
101122,TORN-M10,S,6,2024-10-31
101123,TORN-M4,S,1,2024-10-31
101124,TORN-M6,S,6,2024-10-31
101125,TORN-M8,S,14,2024-10-31
101126,TURC-M6,S,127,2024-10-31
101127,TURC-M8,S,41,2024-10-31
101128,BROD-2P,S,1,2024-11-01
101129,CLAV-3P,S,2,2024-11-01
101130,CODE-1P,S,4,2024-11-01
101131,ESMER-1,S,1,2024-11-01
101132,FOCOS-L15,S,1,2024-11-01
101133,FOCOS-L9,S,5,2024-11-01
101134,INTE-SNC,S,1,2024-11-01
101135,LLAV-12,S,2,2024-11-01
101136,PINT-BL,S,1,2024-11-01
101137,PINT-GR,S,2,2024-11-01
101138,ROND-M6,S,17,2024-11-01
101139,ROND-M8,S,24,2024-11-01
101140,TABL-2P,S,5,2024-11-01
101141,TOMA-SNC,S,19,2024-11-01
101142,TORN-M10,S,1,2024-11-01
101143,TORN-M4,S,4,2024-11-01
101144,TORN-M6,S,6,2024-11-01
101145,TORN-M8,S,15,2024-11-01
101146,TURC-M6,S,140,2024-11-01
101147,TURC-M8,S,11,2024-11-01
101148,BROD-2P,S,1,2024-11-02
101149,BROD-4P,S,1,2024-11-02
101150,CABL-12,S,10,2024-11-02
101151,CLAV-2P,S,1,2024-11-02
101152,CLAV-3P,S,5,2024-11-02
101153,ESMA-NG,S,4,2024-11-02
101154,FOCOS-L15,S,1,2024-11-02
101155,MART-2A,S,2,2024-11-02
101156,PINT-BG,S,2,2024-11-02
101157,ROND-M6,S,32,2024-11-02
101158,ROND-M8,S,25,2024-11-02
101159,SELL-TF,S,3,2024-11-02
101160,TOMA-SNC,S,4,2024-11-02
101161,TORN-M10,S,6,2024-11-02
101162,TORN-M4,S,3,2024-11-02
101163,TORN-M6,S,5,2024-11-02
101164,TORN-M8,S,16,2024-11-02
101165,TURC-M6,S,46,2024-11-02
101166,TURC-M8,S,18,2024-11-02
101167,CLAV-3P,E,145,2024-11-04
101168,TORN-M6,E,800,2024-11-04
101169,TURC-M8,E,1450,2024-11-04
101170,CLAV-3P,S,1,2024-11-04
101171,CODE-1P,S,17,2024-11-04
101172,CODE-2P,S,3,2024-11-04
101173,ESMA-NG,S,1,2024-11-04
101174,FOCOS-L15,S,5,2024-11-04
101175,FOCOS-L9,S,1,2024-11-04
101176,LIJAD-1,S,1,2024-11-04
101177,MART-2A,S,1,2024-11-04
101178,PINT-BL,S,13,2024-11-04
101179,ROND-M6,S,31,2024-11-04
101180,ROND-M8,S,13,2024-11-04
101181,TABL-1P,S,1,2024-11-04
101182,TOMA-SNC,S,8,2024-11-04
101183,TORN-M10,S,4,2024-11-04
101184,TORN-M4,S,8,2024-11-04
101185,TORN-M6,S,1,2024-11-04
101186,TORN-M8,S,28,2024-11-04
101187,TURC-M6,S,99,2024-11-04
101188,TURC-M8,S,2,2024-11-04
101189,CLAV-3P,S,1,2024-11-05
101190,CODE-1P,S,3,2024-11-05
101191,DEST-PH2,S,1,2024-11-05
101192,ESMA-NG,S,2,2024-11-05
101193,FOCOS-L15,S,1,2024-11-05
101194,FOCOS-L9,S,4,2024-11-05
101195,LLAV-12,S,1,2024-11-05
101196,MART-2A,S,2,2024-11-05
101197,NIVE-60,S,1,2024-11-05
101198,PINT-BG,S,2,2024-11-05
101199,ROND-M6,S,11,2024-11-05
101200,ROND-M8,S,18,2024-11-05
101201,TOMA-SNC,S,9,2024-11-05
101202,TORN-M4,S,2,2024-11-05
101203,TORN-M8,S,4,2024-11-05
101204,TURC-M6,S,22,2024-11-05
101205,TURC-M8,S,1,2024-11-05
101206,CLAV-3P,S,8,2024-11-06
101207,CODE-1P,S,4,2024-11-06
101208,CODE-2P,S,2,2024-11-06
101209,DEST-PL6,S,1,2024-11-06
101210,ESMA-NG,S,1,2024-11-06
101211,FOCOS-L15,S,2,2024-11-06
101212,FOCOS-L9,S,4,2024-11-06
101213,LIAV-10,S,1,2024-11-06
101214,LIJAD-1,S,1,2024-11-06
101215,NIVE-60,S,3,2024-11-06
101216,PINT-BG,S,1,2024-11-06
101217,PINT-BL,S,3,2024-11-06
101218,ROND-M6,S,24,2024-11-06
101219,ROND-M8,S,4,2024-11-06
101220,SIER-C1,S,1,2024-11-06
101221,SIER-HK,S,1,2024-11-06
101222,TOMA-DBL,S,1,2024-11-06
101223,TOMA-SNC,S,11,2024-11-06
101224,TORN-M10,S,10,2024-11-06
101225,TORN-M6,S,2,2024-11-06
101226,TORN-M8,S,8,2024-11-06
101227,TURC-M6,S,17,2024-11-06
101228,TURC-M8,S,26,2024-11-06
101229,CLAV-2P,S,1,2024-11-07
101230,CODE-1P,S,4,2024-11-07
101231,CODE-2P,S,1,2024-11-07
101232,ESMA-NG,S,4,2024-11-07
101233,ESMER-1,S,1,2024-11-07
101234,INTE-SNC,S,1,2024-11-07
101235,LIJAD-1,S,1,2024-11-07
101236,LLAV-12,S,5,2024-11-07
101237,PINT-BL,S,8,2024-11-07
101238,PLIE-8P,S,1,2024-11-07
101239,ROND-M6,S,52,2024-11-07
101240,ROND-M8,S,48,2024-11-07
101241,SELL-TF,S,3,2024-11-07
101242,SOPLA-1,S,1,2024-11-07
101243,TOMA-SNC,S,14,2024-11-07
101244,TORN-M10,S,3,2024-11-07
101245,TORN-M6,S,2,2024-11-07
101246,TORN-M8,S,25,2024-11-07
101247,TURC-M6,S,92,2024-11-07
101248,TURC-M8,S,53,2024-11-07
101249,CABL-12,E,50,2024-11-08
101250,PLIE-6P,E,16,2024-11-08
101251,CLAV-3P,S,1,2024-11-08
101252,CODE-1P,S,8,2024-11-08
101253,CODE-2P,S,4,2024-11-08
101254,FOCOS-L9,S,7,2024-11-08
101255,MART-2A,S,3,2024-11-08
101256,NIVE-60,S,1,2024-11-08
101257,PINT-BG,S,2,2024-11-08
101258,PINT-BL,S,6,2024-11-08
101259,ROND-M6,S,12,2024-11-08
101260,ROND-M8,S,38,2024-11-08
101261,TOMA-SNC,S,10,2024-11-08
101262,TORN-M10,S,17,2024-11-08
101263,TORN-M4,S,4,2024-11-08
101264,TORN-M6,S,2,2024-11-08
101265,TORN-M8,S,20,2024-11-08
101266,TURC-M6,S,89,2024-11-08
101267,TURC-M8,S,25,2024-11-08
101268,PINT-GR,E,31,2024-11-09
101269,TABL-2P,E,10,2024-11-09
101270,CINT-5M,S,1,2024-11-09
101271,CLAV-3P,S,6,2024-11-09
101272,CODE-1P,S,5,2024-11-09
101273,CODE-2P,S,5,2024-11-09
101274,ESMA-BL,S,1,2024-11-09
101275,ESMA-NG,S,2,2024-11-09
101276,PINT-BG,S,1,2024-11-09
101277,PINT-BL,S,3,2024-11-09
101278,PINT-GR,S,2,2024-11-09
101279,ROND-M6,S,35,2024-11-09
101280,ROND-M8,S,34,2024-11-09
101281,SIER-HK,S,1,2024-11-09
101282,TOMA-SNC,S,3,2024-11-09
101283,TORN-M10,S,16,2024-11-09
101284,TORN-M4,S,5,2024-11-09
101285,TORN-M6,S,5,2024-11-09
101286,TORN-M8,S,2,2024-11-09
101287,TURC-M6,S,14,2024-11-09
101288,TURC-M8,S,21,2024-11-09
101289,PINT-BL,E,200,2024-11-11
101290,BROD-4P,S,1,2024-11-11
101291,CINT-5M,S,2,2024-11-11
101292,CLAV-2P,S,1,2024-11-11
101293,CLAV-3P,S,1,2024-11-11
101294,CODE-1P,S,3,2024-11-11
101295,DEST-PH2,S,1,2024-11-11
101296,ESMA-NG,S,1,2024-11-11
101297,LIJAD-1,S,1,2024-11-11
101298,PINT-BG,S,2,2024-11-11
101299,PINT-BL,S,6,2024-11-11
101300,ROND-M6,S,49,2024-11-11
101301,ROND-M8,S,2,2024-11-11
101302,SELL-TF,S,1,2024-11-11
101303,TOMA-SNC,S,20,2024-11-11
101304,TORN-M10,S,15,2024-11-11
101305,TORN-M4,S,5,2024-11-11
101306,TORN-M6,S,5,2024-11-11
101307,TORN-M8,S,1,2024-11-11
101308,TURC-M6,S,45,2024-11-11
101309,TURC-M8,S,29,2024-11-11
101310,CABL-12,S,9,2024-11-12
101311,CINT-5M,S,1,2024-11-12
101312,CLAV-3P,S,4,2024-11-12
101313,CODE-1P,S,3,2024-11-12
101314,CODE-2P,S,3,2024-11-12
101315,DEST-PH2,S,2,2024-11-12
101316,ESMA-NG,S,3,2024-11-12
101317,FOCOS-L15,S,2,2024-11-12
101318,FOCOS-L9,S,1,2024-11-12
101319,LIJAD-1,S,1,2024-11-12
101320,PINT-BL,S,8,2024-11-12
101321,ROND-M6,S,45,2024-11-12
101322,ROND-M8,S,39,2024-11-12
101323,SIER-C1,S,1,2024-11-12
101324,TOMA-SNC,S,2,2024-11-12
101325,TORN-M10,S,8,2024-11-12
101326,TORN-M4,S,1,2024-11-12
101327,TORN-M6,S,8,2024-11-12
101328,TORN-M8,S,5,2024-11-12
101329,TUBO-2P,S,16,2024-11-12
101330,TURC-M6,S,29,2024-11-12
101331,TURC-M8,S,18,2024-11-12
101332,CABL-12,S,15,2024-11-13
101333,CLAV-3P,S,1,2024-11-13
101334,CODE-1P,S,1,2024-11-13
101335,FOCOS-L15,S,2,2024-11-13
101336,FOCOS-L9,S,2,2024-11-13
101337,LIJAD-1,S,1,2024-11-13
101338,PINT-BG,S,1,2024-11-13
101339,PINT-BL,S,3,2024-11-13
101340,ROND-M6,S,53,2024-11-13
101341,ROND-M8,S,16,2024-11-13
101342,SIER-HK,S,1,2024-11-13
101343,TOMA-SNC,S,14,2024-11-13
101344,TORN-M10,S,16,2024-11-13
101345,TORN-M4,S,7,2024-11-13
101346,TORN-M6,S,1,2024-11-13
101347,TORN-M8,S,33,2024-11-13
101348,TURC-M6,S,16,2024-11-13
101349,TURC-M8,S,28,2024-11-13
101350,ESMER-1,E,6,2024-11-14
101351,CABL-12,S,9,2024-11-14
101352,CLAV-2P,S,1,2024-11-14
101353,CLAV-3P,S,1,2024-11-14
101354,ESMA-NG,S,1,2024-11-14
101355,FOCOS-L15,S,1,2024-11-14
101356,FOCOS-L9,S,7,2024-11-14
101357,INTE-SNC,S,1,2024-11-14
101358,PINT-BG,S,3,2024-11-14
101359,PINT-BL,S,10,2024-11-14
101360,PLIE-8P,S,1,2024-11-14
101361,ROND-M6,S,46,2024-11-14
101362,ROND-M8,S,56,2024-11-14
101363,SIER-HK,S,2,2024-11-14
101364,TOMA-SNC,S,12,2024-11-14
101365,TORN-M10,S,12,2024-11-14
101366,TORN-M4,S,3,2024-11-14
101367,TORN-M6,S,10,2024-11-14
101368,TORN-M8,S,22,2024-11-14
101369,TURC-M6,S,33,2024-11-14
101370,TURC-M8,S,26,2024-11-14
101371,CLAV-3P,S,3,2024-11-15
101372,CODE-2P,S,1,2024-11-15
101373,ESMA-NG,S,2,2024-11-15
101374,FOCOS-L9,S,2,2024-11-15
101375,LIAV-10,S,1,2024-11-15
101376,LLAV-12,S,1,2024-11-15
101377,NIVE-60,S,2,2024-11-15
101378,PINT-BG,S,3,2024-11-15
101379,PINT-BL,S,3,2024-11-15
101380,ROND-M6,S,17,2024-11-15
101381,ROND-M8,S,9,2024-11-15
101382,SELL-TF,S,1,2024-11-15
101383,TOMA-SNC,S,23,2024-11-15
101384,TORN-M10,S,4,2024-11-15
101385,TORN-M4,S,8,2024-11-15
101386,TORN-M8,S,14,2024-11-15
101387,TUBO-1P,S,1,2024-11-15
101388,TURC-M6,S,44,2024-11-15
101389,TURC-M8,S,19,2024-11-15
101390,TOMA-SNC,E,495,2024-11-16
101391,CINT-5M,S,4,2024-11-16
101392,CLAV-3P,S,5,2024-11-16
101393,CODE-1P,S,1,2024-11-16
101394,FOCOS-L9,S,9,2024-11-16
101395,INTE-SNC,S,2,2024-11-16
101396,LIAV-10,S,1,2024-11-16
101397,LLAV-12,S,2,2024-11-16
101398,MART-2A,S,1,2024-11-16
101399,PINT-BG,S,3,2024-11-16
101400,PINT-BL,S,1,2024-11-16
101401,ROND-M6,S,23,2024-11-16
101402,ROND-M8,S,17,2024-11-16
101403,TOMA-SNC,S,7,2024-11-16
101404,TORN-M10,S,6,2024-11-16
101405,TORN-M4,S,3,2024-11-16
101406,TORN-M8,S,7,2024-11-16
101407,TURC-M6,S,46,2024-11-16
101408,TURC-M8,S,8,2024-11-16
101409,PINT-BG,E,37,2024-11-18
101410,BROD-2P,S,1,2024-11-18
101411,CLAV-3P,S,4,2024-11-18
101412,ESMA-NG,S,2,2024-11-18
101413,FOCOS-L9,S,5,2024-11-18
101414,MART-2A,S,5,2024-11-18
101415,PINT-BL,S,2,2024-11-18
101416,PLIE-8P,S,1,2024-11-18
101417,ROND-M6,S,26,2024-11-18
101418,ROND-M8,S,14,2024-11-18
101419,SELL-TF,S,1,2024-11-18
101420,TOMA-SNC,S,12,2024-11-18
101421,TORN-M10,S,4,2024-11-18
101422,TORN-M4,S,15,2024-11-18
101423,TORN-M6,S,4,2024-11-18
101424,TORN-M8,S,8,2024-11-18
101425,TUBO-1P,S,2,2024-11-18
101426,TURC-M6,S,34,2024-11-18
101427,TURC-M8,S,3,2024-11-18
101428,DEST-PH2,E,30,2024-11-19
101429,BROD-2P,S,1,2024-11-19
101430,CLAV-3P,S,2,2024-11-19
101431,CODE-1P,S,6,2024-11-19
101432,FOCOS-L9,S,6,2024-11-19
101433,LIJAD-1,S,1,2024-11-19
101434,LLAV-12,S,2,2024-11-19
101435,MART-1A,S,1,2024-11-19
101436,PINT-BG,S,2,2024-11-19
101437,PINT-GR,S,1,2024-11-19
101438,ROND-M6,S,50,2024-11-19
101439,ROND-M8,S,39,2024-11-19
101440,TOMA-SNC,S,27,2024-11-19
101441,TORN-M10,S,8,2024-11-19
101442,TORN-M4,S,3,2024-11-19
101443,TORN-M6,S,1,2024-11-19
101444,TORN-M8,S,7,2024-11-19
101445,TURC-M6,S,31,2024-11-19
101446,TURC-M8,S,14,2024-11-19
101447,LLAV-12,E,35,2024-11-20
101448,BROD-4P,S,2,2024-11-20
101449,CODE-1P,S,4,2024-11-20
101450,CODE-2P,S,1,2024-11-20
101451,DEST-PH2,S,1,2024-11-20
101452,ESMA-NG,S,2,2024-11-20
101453,ESMER-1,S,1,2024-11-20
101454,FOCOS-L9,S,1,2024-11-20
101455,LIJAD-1,S,1,2024-11-20
101456,LLAV-12,S,2,2024-11-20
101457,PINT-BG,S,1,2024-11-20
101458,PINT-BL,S,4,2024-11-20
101459,PINT-GR,S,2,2024-11-20
101460,ROND-M6,S,9,2024-11-20
101461,ROND-M8,S,8,2024-11-20
101462,SIER-HK,S,1,2024-11-20
101463,TOMA-SNC,S,30,2024-11-20
101464,TORN-M10,S,11,2024-11-20
101465,TORN-M4,S,7,2024-11-20
101466,TORN-M8,S,31,2024-11-20
101467,TURC-M6,S,11,2024-11-20
101468,TURC-M8,S,17,2024-11-20
101469,BROD-2P,S,1,2024-11-21
101470,CINT-5M,S,2,2024-11-21
101471,CLAV-3P,S,4,2024-11-21
101472,CODE-1P,S,16,2024-11-21
101473,CODE-2P,S,4,2024-11-21
101474,FOCOS-L9,S,2,2024-11-21
101475,LIJAD-1,S,4,2024-11-21
101476,LLAV-12,S,2,2024-11-21
101477,MART-2A,S,6,2024-11-21
101478,PINT-BL,S,5,2024-11-21
101479,ROND-M6,S,34,2024-11-21
101480,ROND-M8,S,36,2024-11-21
101481,SELL-TF,S,2,2024-11-21
101482,TOMA-DBL,S,3,2024-11-21
101483,TOMA-SNC,S,8,2024-11-21
101484,TORN-M10,S,2,2024-11-21
101485,TORN-M4,S,9,2024-11-21
101486,TORN-M6,S,5,2024-11-21
101487,TORN-M8,S,7,2024-11-21
101488,TUBO-1P,S,1,2024-11-21
101489,TURC-M6,S,50,2024-11-21
101490,TURC-M8,S,21,2024-11-21
101491,BROD-2P,S,1,2024-11-22
101492,CLAV-3P,S,4,2024-11-22
101493,CODE-1P,S,1,2024-11-22
101494,FOCOS-L15,S,4,2024-11-22
101495,FOCOS-L9,S,2,2024-11-22
101496,LIJAD-1,S,1,2024-11-22
101497,NIVE-60,S,2,2024-11-22
101498,PINT-BL,S,8,2024-11-22
101499,ROND-M6,S,24,2024-11-22
101500,ROND-M8,S,7,2024-11-22
101501,SELL-TF,S,1,2024-11-22
101502,TOMA-DBL,S,1,2024-11-22
101503,TOMA-SNC,S,23,2024-11-22
101504,TORN-M10,S,5,2024-11-22
101505,TORN-M4,S,3,2024-11-22
101506,TORN-M6,S,1,2024-11-22
101507,TORN-M8,S,9,2024-11-22
101508,TURC-M6,S,14,2024-11-22
101509,TURC-M8,S,24,2024-11-22
101510,CLAV-2P,S,1,2024-11-23
101511,CODE-1P,S,5,2024-11-23
101512,CODE-2P,S,1,2024-11-23
101513,ESMA-NG,S,2,2024-11-23
101514,FOCOS-L15,S,1,2024-11-23
101515,LLAV-12,S,1,2024-11-23
101516,MART-2A,S,3,2024-11-23
101517,NIVE-60,S,1,2024-11-23
101518,PINT-BG,S,4,2024-11-23
101519,PINT-BL,S,1,2024-11-23
101520,ROLLO-1,S,1,2024-11-23
101521,ROND-M6,S,16,2024-11-23
101522,ROND-M8,S,7,2024-11-23
101523,TOMA-SNC,S,3,2024-11-23
101524,TORN-M10,S,8,2024-11-23
101525,TORN-M8,S,3,2024-11-23
101526,TURC-M6,S,73,2024-11-23
101527,TURC-M8,S,2,2024-11-23
101528,LIJAD-1,E,39,2024-11-25
101529,MART-2A,E,47,2024-11-25
101530,BROD-4P,S,1,2024-11-25
101531,CINT-5M,S,1,2024-11-25
101532,CLAV-3P,S,1,2024-11-25
101533,CODE-1P,S,11,2024-11-25
101534,CODE-2P,S,1,2024-11-25
101535,ESMA-NG,S,1,2024-11-25
101536,FOCOS-L15,S,1,2024-11-25
101537,FOCOS-L9,S,2,2024-11-25
101538,INTE-SNC,S,1,2024-11-25
101539,LIJAD-1,S,1,2024-11-25
101540,PINT-BG,S,2,2024-11-25
101541,ROND-M6,S,9,2024-11-25
101542,ROND-M8,S,22,2024-11-25
101543,TABL-1P,S,1,2024-11-25
101544,TOMA-SNC,S,31,2024-11-25
101545,TORN-M10,S,2,2024-11-25
101546,TORN-M4,S,5,2024-11-25
101547,TORN-M6,S,2,2024-11-25
101548,TORN-M8,S,36,2024-11-25
101549,TURC-M6,S,21,2024-11-25
101550,TURC-M8,S,8,2024-11-25
101551,CLAV-3P,S,1,2024-11-26
101552,CODE-1P,S,7,2024-11-26
101553,CODE-2P,S,2,2024-11-26
101554,DEST-PH2,S,1,2024-11-26
101555,ESMA-NG,S,1,2024-11-26
101556,FOCOS-L15,S,1,2024-11-26
101557,FOCOS-L9,S,5,2024-11-26
101558,LIAV-10,S,1,2024-11-26
101559,LLAV-12,S,1,2024-11-26
101560,MART-1A,S,1,2024-11-26
101561,MART-2A,S,1,2024-11-26
101562,PINT-BG,S,2,2024-11-26
101563,PINT-BL,S,3,2024-11-26
101564,ROND-M6,S,8,2024-11-26
101565,ROND-M8,S,11,2024-11-26
101566,TOMA-DBL,S,1,2024-11-26
101567,TOMA-SNC,S,13,2024-11-26
101568,TORN-M10,S,2,2024-11-26
101569,TORN-M4,S,1,2024-11-26
101570,TORN-M6,S,5,2024-11-26
101571,TORN-M8,S,29,2024-11-26
101572,TURC-M6,S,26,2024-11-26
101573,TURC-M8,S,71,2024-11-26
101574,FOCOS-L9,E,125,2024-11-27
101575,TUBO-1P,E,30,2024-11-27
101576,CLAV-2P,S,1,2024-11-27
101577,CLAV-3P,S,14,2024-11-27
101578,CODE-1P,S,6,2024-11-27
101579,DEST-PL6,S,1,2024-11-27
101580,FOCOS-L9,S,6,2024-11-27
101581,LIJAD-1,S,1,2024-11-27
101582,MART-2A,S,2,2024-11-27
101583,PINT-BG,S,1,2024-11-27
101584,PINT-BL,S,7,2024-11-27
101585,PINT-GR,S,1,2024-11-27
101586,ROND-M6,S,31,2024-11-27
101587,ROND-M8,S,9,2024-11-27
101588,SIER-HK,S,1,2024-11-27
101589,TOMA-SNC,S,2,2024-11-27
101590,TORN-M10,S,5,2024-11-27
101591,TORN-M4,S,8,2024-11-27
101592,TORN-M6,S,4,2024-11-27
101593,TORN-M8,S,13,2024-11-27
101594,TURC-M6,S,30,2024-11-27
101595,TURC-M8,S,22,2024-11-27
101596,BROD-4P,S,1,2024-11-28
101597,CINT-5M,S,1,2024-11-28
101598,CLAV-3P,S,3,2024-11-28
101599,DEST-PL6,S,1,2024-11-28
101600,FOCOS-L9,S,4,2024-11-28
101601,LIAV-10,S,1,2024-11-28
101602,MART-2A,S,3,2024-11-28
101603,PINT-BL,S,2,2024-11-28
101604,PINT-GR,S,1,2024-11-28
101605,PLIE-6P,S,1,2024-11-28
101606,ROND-M6,S,33,2024-11-28
101607,ROND-M8,S,13,2024-11-28
101608,TOMA-DBL,S,1,2024-11-28
101609,TOMA-SNC,S,9,2024-11-28
101610,TORN-M10,S,8,2024-11-28
101611,TORN-M4,S,3,2024-11-28
101612,TORN-M6,S,7,2024-11-28
101613,TORN-M8,S,26,2024-11-28
101614,TURC-M6,S,46,2024-11-28
101615,TURC-M8,S,23,2024-11-28
101616,CLAV-3P,S,8,2024-11-29
101617,CODE-1P,S,2,2024-11-29
101618,CODE-2P,S,1,2024-11-29
101619,ESMER-1,S,1,2024-11-29
101620,FOCOS-L9,S,8,2024-11-29
101621,INTE-SNC,S,1,2024-11-29
101622,LIJAD-1,S,1,2024-11-29
101623,LLAV-12,S,1,2024-11-29
101624,PINT-BL,S,15,2024-11-29
101625,PLIE-8P,S,1,2024-11-29
101626,ROND-M6,S,2,2024-11-29
101627,ROND-M8,S,12,2024-11-29
101628,TOMA-SNC,S,5,2024-11-29
101629,TORN-M10,S,14,2024-11-29
101630,TORN-M4,S,2,2024-11-29
101631,TORN-M6,S,1,2024-11-29
101632,TORN-M8,S,20,2024-11-29
101633,TURC-M6,S,21,2024-11-29
101634,TURC-M8,S,69,2024-11-29
101635,TABL-1P,E,6,2024-11-30
101636,TURC-M6,E,2900,2024-11-30
101637,BROD-4P,S,1,2024-11-30
101638,CINT-5M,S,2,2024-11-30
101639,CLAV-3P,S,9,2024-11-30
101640,CODE-1P,S,1,2024-11-30
101641,CODE-2P,S,2,2024-11-30
101642,ESMA-NG,S,1,2024-11-30
101643,ESMER-2,S,1,2024-11-30
101644,FOCOS-L9,S,1,2024-11-30
101645,INTE-SNC,S,1,2024-11-30
101646,LIAV-10,S,1,2024-11-30
101647,LLAV-12,S,1,2024-11-30
101648,MART-2A,S,1,2024-11-30
101649,PINT-BG,S,1,2024-11-30
101650,PINT-BL,S,6,2024-11-30
101651,ROND-M6,S,38,2024-11-30
101652,ROND-M8,S,3,2024-11-30
101653,SELL-TF,S,1,2024-11-30
101654,TOMA-SNC,S,16,2024-11-30
101655,TORN-M10,S,1,2024-11-30
101656,TORN-M4,S,6,2024-11-30
101657,TORN-M6,S,4,2024-11-30
101658,TORN-M8,S,23,2024-11-30
101659,TURC-M6,S,8,2024-11-30
101660,TURC-M8,S,63,2024-11-30
101661,TORN-M8,E,700,2024-12-02
101662,CLAV-3P,S,9,2024-12-02
101663,CODE-1P,S,4,2024-12-02
101664,FOCOS-L15,S,2,2024-12-02
101665,LIJAD-1,S,1,2024-12-02
101666,MART-2A,S,1,2024-12-02
101667,PINT-BG,S,1,2024-12-02
101668,PINT-BL,S,4,2024-12-02
101669,PINT-GR,S,2,2024-12-02
101670,ROND-M6,S,34,2024-12-02
101671,ROND-M8,S,7,2024-12-02
101672,SELL-TF,S,2,2024-12-02
101673,SIER-HK,S,1,2024-12-02
101674,TOMA-DBL,S,1,2024-12-02
101675,TOMA-SNC,S,13,2024-12-02
101676,TORN-M10,S,10,2024-12-02
101677,TORN-M4,S,7,2024-12-02
101678,TORN-M6,S,5,2024-12-02
101679,TORN-M8,S,8,2024-12-02
101680,TURC-M6,S,24,2024-12-02
101681,TURC-M8,S,8,2024-12-02
101682,BROD-4P,S,1,2024-12-03
101683,CINT-5M,S,1,2024-12-03
101684,CLAV-3P,S,1,2024-12-03
101685,DEST-PH2,S,1,2024-12-03
101686,DEST-PL6,S,1,2024-12-03
101687,ESMA-NG,S,1,2024-12-03
101688,FOCOS-L15,S,1,2024-12-03
101689,FOCOS-L9,S,2,2024-12-03
101690,INTE-SNC,S,1,2024-12-03
101691,LLAV-12,S,1,2024-12-03
101692,MART-2A,S,1,2024-12-03
101693,PINT-BG,S,1,2024-12-03
101694,PINT-BL,S,4,2024-12-03
101695,PINT-GR,S,1,2024-12-03
101696,PLIE-8P,S,1,2024-12-03
101697,ROND-M6,S,12,2024-12-03
101698,ROND-M8,S,15,2024-12-03
101699,TOMA-SNC,S,5,2024-12-03
101700,TORN-M10,S,11,2024-12-03
101701,TORN-M4,S,1,2024-12-03
101702,TORN-M6,S,9,2024-12-03
101703,TORN-M8,S,12,2024-12-03
101704,TURC-M6,S,79,2024-12-03
101705,TURC-M8,S,8,2024-12-03
101706,CINT-5M,S,1,2024-12-04
101707,CLAV-2P,S,1,2024-12-04
101708,CLAV-3P,S,2,2024-12-04
101709,CODE-1P,S,7,2024-12-04
101710,CODE-2P,S,2,2024-12-04
101711,FOCOS-L15,S,2,2024-12-04
101712,FOCOS-L9,S,3,2024-12-04
101713,LLAV-1P,S,13,2024-12-04
101714,MART-1A,S,1,2024-12-04
101715,MART-2A,S,1,2024-12-04
101716,PINT-BL,S,5,2024-12-04
101717,PINT-GR,S,1,2024-12-04
101718,PLIE-6P,S,4,2024-12-04
101719,ROND-M6,S,74,2024-12-04
101720,ROND-M8,S,7,2024-12-04
101721,SIER-HK,S,1,2024-12-04
101722,TOMA-SNC,S,32,2024-12-04
101723,TORN-M10,S,15,2024-12-04
101724,TORN-M4,S,4,2024-12-04
101725,TORN-M6,S,9,2024-12-04
101726,TORN-M8,S,18,2024-12-04
101727,TUBO-1P,S,2,2024-12-04
101728,TURC-M6,S,20,2024-12-04
101729,TURC-M8,S,10,2024-12-04
101730,CINT-5M,E,20,2024-12-05
101731,BROD-2P,S,1,2024-12-05
101732,CLAV-2P,S,1,2024-12-05
101733,CLAV-3P,S,7,2024-12-05
101734,CODE-1P,S,2,2024-12-05
101735,ESMA-NG,S,4,2024-12-05
101736,FOCOS-L9,S,1,2024-12-05
101737,LIAV-10,S,1,2024-12-05
101738,LLAV-12,S,1,2024-12-05
101739,MART-1A,S,1,2024-12-05
101740,NIVE-60,S,1,2024-12-05
101741,PINT-BG,S,2,2024-12-05
101742,PINT-BL,S,10,2024-12-05
101743,PLIE-6P,S,1,2024-12-05
101744,ROND-M6,S,20,2024-12-05
101745,ROND-M8,S,25,2024-12-05
101746,SELL-TF,S,1,2024-12-05
101747,TOMA-SNC,S,5,2024-12-05
101748,TORN-M10,S,2,2024-12-05
101749,TORN-M4,S,10,2024-12-05
101750,TORN-M6,S,3,2024-12-05
101751,TORN-M8,S,5,2024-12-05
101752,TUBO-1P,S,1,2024-12-05
101753,TURC-M6,S,52,2024-12-05
101754,TURC-M8,S,44,2024-12-05
101755,PLIE-8P,E,12,2024-12-06
101756,CLAV-3P,S,1,2024-12-06
101757,CODE-1P,S,1,2024-12-06
101758,ESMA-NG,S,1,2024-12-06
101759,FOCOS-L15,S,1,2024-12-06
101760,FOCOS-L9,S,2,2024-12-06
101761,MART-1A,S,1,2024-12-06
101762,MART-2A,S,2,2024-12-06
101763,PINT-BL,S,4,2024-12-06
101764,PLIE-6P,S,1,2024-12-06
101765,ROND-M6,S,21,2024-12-06
101766,ROND-M8,S,30,2024-12-06
101767,TOMA-SNC,S,8,2024-12-06
101768,TORN-M10,S,1,2024-12-06
101769,TORN-M4,S,2,2024-12-06
101770,TORN-M6,S,1,2024-12-06
101771,TORN-M8,S,9,2024-12-06
101772,TURC-M6,S,13,2024-12-06
101773,TURC-M8,S,36,2024-12-06
101774,SIER-HK,E,16,2024-12-07
101775,BROD-4P,S,1,2024-12-07
101776,CINT-5M,S,1,2024-12-07
101777,CLAV-3P,S,2,2024-12-07
101778,CODE-1P,S,1,2024-12-07
101779,CODE-2P,S,1,2024-12-07
101780,ESMA-NG,S,1,2024-12-07
101781,MART-2A,S,1,2024-12-07
101782,PINT-BG,S,2,2024-12-07
101783,PINT-BL,S,4,2024-12-07
101784,PLIE-6P,S,1,2024-12-07
101785,ROND-M6,S,28,2024-12-07
101786,ROND-M8,S,22,2024-12-07
101787,TALDR-1,S,1,2024-12-07
101788,TOMA-SNC,S,9,2024-12-07
101789,TORN-M10,S,6,2024-12-07
101790,TORN-M4,S,4,2024-12-07
101791,TORN-M6,S,12,2024-12-07
101792,TORN-M8,S,20,2024-12-07
101793,TURC-M6,S,100,2024-12-07
101794,TURC-M8,S,6,2024-12-07
101795,LLAV-1P,E,15,2024-12-09
101796,CLAV-2P,S,2,2024-12-09
101797,CODE-1P,S,4,2024-12-09
101798,CODE-2P,S,1,2024-12-09
101799,ESMA-NG,S,2,2024-12-09
101800,FOCOS-L15,S,3,2024-12-09
101801,FOCOS-L9,S,1,2024-12-09
101802,LIJAD-1,S,1,2024-12-09
101803,MART-2A,S,1,2024-12-09
101804,PINT-BG,S,1,2024-12-09
101805,PLIE-6P,S,1,2024-12-09
101806,ROND-M6,S,18,2024-12-09
101807,ROND-M8,S,26,2024-12-09
101808,TOMA-SNC,S,7,2024-12-09
101809,TORN-M10,S,13,2024-12-09
101810,TORN-M4,S,1,2024-12-09
101811,TORN-M6,S,5,2024-12-09
101812,TORN-M8,S,11,2024-12-09
101813,TURC-M6,S,32,2024-12-09
101814,TURC-M8,S,48,2024-12-09
101815,CLAV-3P,S,7,2024-12-10
101816,CODE-1P,S,4,2024-12-10
101817,CODE-2P,S,1,2024-12-10
101818,DEST-PL6,S,1,2024-12-10
101819,ESMA-NG,S,1,2024-12-10
101820,FOCOS-L15,S,2,2024-12-10
101821,LIJAD-1,S,1,2024-12-10
101822,NIVE-60,S,1,2024-12-10
101823,PINT-BL,S,7,2024-12-10
101824,ROND-M6,S,41,2024-12-10
101825,ROND-M8,S,24,2024-12-10
101826,SELL-TF,S,1,2024-12-10
101827,TOMA-SNC,S,15,2024-12-10
101828,TORN-M10,S,3,2024-12-10
101829,TORN-M4,S,4,2024-12-10
101830,TORN-M6,S,12,2024-12-10
101831,TORN-M8,S,28,2024-12-10
101832,TURC-M6,S,92,2024-12-10
101833,TURC-M8,S,11,2024-12-10
101834,BROD-4P,S,2,2024-12-11
101835,CLAV-2P,S,1,2024-12-11
101836,CLAV-3P,S,2,2024-12-11
101837,CODE-1P,S,4,2024-12-11
101838,CODE-2P,S,2,2024-12-11
101839,FOCOS-L9,S,1,2024-12-11
101840,LIJAD-1,S,1,2024-12-11
101841,LLAV-12,S,1,2024-12-11
101842,MART-2A,S,3,2024-12-11
101843,NIVE-60,S,1,2024-12-11
101844,PINT-BG,S,2,2024-12-11
101845,PINT-BL,S,6,2024-12-11
101846,PINT-GR,S,1,2024-12-11
101847,PLIE-6P,S,1,2024-12-11
101848,ROLLO-1,S,1,2024-12-11
101849,ROND-M6,S,11,2024-12-11
101850,ROND-M8,S,6,2024-12-11
101851,SIER-C1,S,1,2024-12-11
101852,TOMA-SNC,S,20,2024-12-11
101853,TORN-M10,S,1,2024-12-11
101854,TORN-M4,S,5,2024-12-11
101855,TORN-M8,S,8,2024-12-11
101856,TURC-M6,S,41,2024-12-11
101857,TURC-M8,S,63,2024-12-11
101858,CINT-5M,S,1,2024-12-12
101859,CLAV-3P,S,4,2024-12-12
101860,CODE-1P,S,1,2024-12-12
101861,ESMA-NG,S,3,2024-12-12
101862,FOCOS-L9,S,5,2024-12-12
101863,INTE-SNC,S,1,2024-12-12
101864,LIJAD-1,S,4,2024-12-12
101865,ROND-M6,S,10,2024-12-12
101866,ROND-M8,S,7,2024-12-12
101867,SIER-HK,S,1,2024-12-12
101868,TOMA-SNC,S,1,2024-12-12
101869,TORN-M10,S,2,2024-12-12
101870,TORN-M4,S,4,2024-12-12
101871,TORN-M6,S,1,2024-12-12
101872,TORN-M8,S,16,2024-12-12
101873,TURC-M6,S,51,2024-12-12
101874,TURC-M8,S,24,2024-12-12
101875,ESMA-NG,E,42,2024-12-13
101876,CLAV-3P,S,2,2024-12-13
101877,CODE-1P,S,12,2024-12-13
101878,CODE-2P,S,3,2024-12-13
101879,ESMA-NG,S,1,2024-12-13
101880,FOCOS-L15,S,3,2024-12-13
101881,FOCOS-L9,S,4,2024-12-13
101882,LIJAD-1,S,2,2024-12-13
101883,PINT-BG,S,1,2024-12-13
101884,PINT-BL,S,4,2024-12-13
101885,PINT-GR,S,1,2024-12-13
101886,ROND-M6,S,32,2024-12-13
101887,ROND-M8,S,19,2024-12-13
101888,SELL-TF,S,1,2024-12-13
101889,TOMA-SNC,S,10,2024-12-13
101890,TORN-M10,S,9,2024-12-13
101891,TORN-M4,S,7,2024-12-13
101892,TORN-M6,S,4,2024-12-13
101893,TORN-M8,S,3,2024-12-13
101894,TURC-M6,S,115,2024-12-13
101895,TURC-M8,S,37,2024-12-13
101896,BROD-4P,S,1,2024-12-14
101897,CLAV-3P,S,1,2024-12-14
101898,CODE-1P,S,2,2024-12-14
101899,DEST-PH2,S,2,2024-12-14
101900,ESMA-NG,S,1,2024-12-14
101901,FOCOS-L15,S,1,2024-12-14
101902,FOCOS-L9,S,4,2024-12-14
101903,LLAV-12,S,1,2024-12-14
101904,MART-2A,S,1,2024-12-14
101905,PINT-BG,S,1,2024-12-14
101906,PINT-BL,S,4,2024-12-14
101907,PINT-GR,S,1,2024-12-14
101908,ROLLO-1,S,1,2024-12-14
101909,ROND-M6,S,23,2024-12-14
101910,ROND-M8,S,6,2024-12-14
101911,SIER-HK,S,1,2024-12-14
101912,TOMA-SNC,S,10,2024-12-14
101913,TORN-M10,S,9,2024-12-14
101914,TORN-M4,S,4,2024-12-14
101915,TORN-M6,S,15,2024-12-14
101916,TORN-M8,S,21,2024-12-14
101917,TURC-M6,S,77,2024-12-14
101918,TURC-M8,S,14,2024-12-14
101919,ESMER-2,E,4,2024-12-16
101920,CLAV-2P,S,1,2024-12-16
101921,CLAV-3P,S,3,2024-12-16
101922,CODE-1P,S,5,2024-12-16
101923,ESMA-NG,S,1,2024-12-16
101924,FOCOS-L15,S,1,2024-12-16
101925,FOCOS-L9,S,1,2024-12-16
101926,LIJAD-1,S,5,2024-12-16
101927,NIVE-60,S,1,2024-12-16
101928,PINT-BL,S,1,2024-12-16
101929,PINT-GR,S,1,2024-12-16
101930,PLIE-8P,S,1,2024-12-16
101931,ROND-M6,S,18,2024-12-16
101932,ROND-M8,S,11,2024-12-16
101933,TOMA-SNC,S,14,2024-12-16
101934,TORN-M10,S,6,2024-12-16
101935,TORN-M4,S,5,2024-12-16
101936,TORN-M6,S,1,2024-12-16
101937,TORN-M8,S,28,2024-12-16
101938,TURC-M6,S,50,2024-12-16
101939,BROD-2P,S,1,2024-12-17
101940,BROD-4P,S,1,2024-12-17
101941,CINT-5M,S,1,2024-12-17
101942,CLAV-2P,S,1,2024-12-17
101943,CODE-1P,S,9,2024-12-17
101944,DEST-PH2,S,2,2024-12-17
101945,FOCOS-L15,S,1,2024-12-17
101946,FOCOS-L9,S,3,2024-12-17
101947,MART-2A,S,2,2024-12-17
101948,PINT-BL,S,13,2024-12-17
101949,PINT-GR,S,1,2024-12-17
101950,ROND-M6,S,13,2024-12-17
101951,ROND-M8,S,54,2024-12-17
101952,TOMA-SNC,S,10,2024-12-17
101953,TORN-M10,S,4,2024-12-17
101954,TORN-M4,S,1,2024-12-17
101955,TORN-M6,S,1,2024-12-17
101956,TORN-M8,S,1,2024-12-17
101957,TURC-M6,S,102,2024-12-17
101958,TURC-M8,S,16,2024-12-17
101959,CABL-12,S,9,2024-12-18
101960,CLAV-3P,S,2,2024-12-18
101961,DEST-PL6,S,1,2024-12-18
101962,ESMA-NG,S,1,2024-12-18
101963,ESMER-1,S,1,2024-12-18
101964,FOCOS-L15,S,2,2024-12-18
101965,FOCOS-L9,S,1,2024-12-18
101966,LIJAD-1,S,1,2024-12-18
101967,MART-2A,S,1,2024-12-18
101968,PINT-BL,S,10,2024-12-18
101969,ROND-M6,S,19,2024-12-18
101970,ROND-M8,S,24,2024-12-18
101971,SELL-TF,S,1,2024-12-18
101972,TOMA-SNC,S,23,2024-12-18
101973,TORN-M10,S,7,2024-12-18
101974,TORN-M4,S,7,2024-12-18
101975,TORN-M6,S,7,2024-12-18
101976,TORN-M8,S,14,2024-12-18
101977,TURC-M6,S,43,2024-12-18
101978,TURC-M8,S,27,2024-12-18
101979,BROD-4P,S,1,2024-12-19
101980,CABL-12,S,11,2024-12-19
101981,CINT-5M,S,2,2024-12-19
101982,CLAV-3P,S,3,2024-12-19
101983,CODE-1P,S,4,2024-12-19
101984,CODE-2P,S,1,2024-12-19
101985,ESMA-BL,S,1,2024-12-19
101986,ESMA-NG,S,2,2024-12-19
101987,FOCOS-L15,S,1,2024-12-19
101988,FOCOS-L9,S,1,2024-12-19
101989,LLAV-12,S,1,2024-12-19
101990,MART-2A,S,1,2024-12-19
101991,PINT-BL,S,1,2024-12-19
101992,ROND-M6,S,37,2024-12-19
101993,ROND-M8,S,5,2024-12-19
101994,SELL-TF,S,1,2024-12-19
101995,SOPLA-1,S,1,2024-12-19
101996,TALDR-1,S,1,2024-12-19
101997,TOMA-SNC,S,6,2024-12-19
101998,TORN-M10,S,9,2024-12-19
101999,TORN-M4,S,10,2024-12-19
102000,TORN-M6,S,6,2024-12-19
102001,TORN-M8,S,26,2024-12-19
102002,TURC-M6,S,57,2024-12-19
102003,TURC-M8,S,37,2024-12-19
102004,CLAV-3P,E,145,2024-12-20
102005,NIVE-60,E,20,2024-12-20
102006,CLAV-2P,S,1,2024-12-20
102007,CLAV-3P,S,2,2024-12-20
102008,CODE-1P,S,2,2024-12-20
102009,DEST-PH2,S,1,2024-12-20
102010,FOCOS-L9,S,2,2024-12-20
102011,LIJAD-1,S,1,2024-12-20
102012,MART-2A,S,1,2024-12-20
102013,PINT-BL,S,16,2024-12-20
102014,PINT-GR,S,1,2024-12-20
102015,PLIE-6P,S,1,2024-12-20
102016,ROND-M6,S,40,2024-12-20
102017,ROND-M8,S,49,2024-12-20
102018,SELL-TF,S,1,2024-12-20
102019,SIER-HK,S,1,2024-12-20
102020,SOPLA-1,S,1,2024-12-20
102021,TOMA-SNC,S,3,2024-12-20
102022,TORN-M10,S,2,2024-12-20
102023,TORN-M4,S,17,2024-12-20
102024,TORN-M6,S,3,2024-12-20
102025,TORN-M8,S,4,2024-12-20
102026,TURC-M6,S,33,2024-12-20
102027,TURC-M8,S,21,2024-12-20
102028,BROD-2P,E,40,2024-12-21
102029,BROD-4P,S,1,2024-12-21
102030,CABL-14,S,12,2024-12-21
102031,CODE-1P,S,11,2024-12-21
102032,FOCOS-L15,S,1,2024-12-21
102033,FOCOS-L9,S,2,2024-12-21
102034,MART-2A,S,2,2024-12-21
102035,PINT-BG,S,1,2024-12-21
102036,PINT-BL,S,2,2024-12-21
102037,PINT-GR,S,5,2024-12-21
102038,ROND-M6,S,42,2024-12-21
102039,ROND-M8,S,5,2024-12-21
102040,SIER-HK,S,1,2024-12-21
102041,TOMA-SNC,S,6,2024-12-21
102042,TORN-M10,S,7,2024-12-21
102043,TORN-M4,S,6,2024-12-21
102044,TORN-M6,S,14,2024-12-21
102045,TORN-M8,S,3,2024-12-21
102046,TURC-M6,S,108,2024-12-21
102047,TURC-M8,S,6,2024-12-21
102048,CABL-12,E,53,2024-12-23
102049,CODE-1P,E,300,2024-12-23
102050,PINT-BG,E,37,2024-12-23
102051,ROND-M6,E,2050,2024-12-23
102052,CLAV-3P,S,1,2024-12-23
102053,CODE-1P,S,3,2024-12-23
102054,DEST-PL6,S,1,2024-12-23
102055,ESMA-NG,S,2,2024-12-23
102056,ESMER-1,S,1,2024-12-23
102057,FOCOS-L9,S,4,2024-12-23
102058,LIJAD-1,S,1,2024-12-23
102059,LLAV-12,S,1,2024-12-23
102060,MART-2A,S,1,2024-12-23
102061,PINT-BG,S,3,2024-12-23
102062,PINT-BL,S,3,2024-12-23
102063,ROND-M6,S,9,2024-12-23
102064,ROND-M8,S,7,2024-12-23
102065,TOMA-SNC,S,5,2024-12-23
102066,TORN-M10,S,6,2024-12-23
102067,TORN-M4,S,1,2024-12-23
102068,TORN-M6,S,5,2024-12-23
102069,TORN-M8,S,33,2024-12-23
102070,TUBO-1P,S,1,2024-12-23
102071,TURC-M6,S,63,2024-12-23
102072,TURC-M8,S,16,2024-12-23
102073,SIER-C1,E,4,2024-12-24
102074,CLAV-3P,S,8,2024-12-24
102075,CODE-1P,S,1,2024-12-24
102076,ESMA-NG,S,1,2024-12-24
102077,FOCOS-L9,S,6,2024-12-24
102078,LIJAD-1,S,1,2024-12-24
102079,MART-2A,S,2,2024-12-24
102080,PINT-BL,S,5,2024-12-24
102081,PINT-GR,S,1,2024-12-24
102082,ROND-M6,S,5,2024-12-24
102083,ROND-M8,S,38,2024-12-24
102084,TOMA-DBL,S,1,2024-12-24
102085,TOMA-SNC,S,14,2024-12-24
102086,TORN-M10,S,8,2024-12-24
102087,TORN-M4,S,7,2024-12-24
102088,TORN-M6,S,3,2024-12-24
102089,TORN-M8,S,3,2024-12-24
102090,TURC-M6,S,63,2024-12-24
102091,TURC-M8,S,19,2024-12-24
102092,BROD-4P,S,1,2024-12-25
102093,CLAV-3P,S,2,2024-12-25
102094,CODE-1P,S,3,2024-12-25
102095,ESMA-NG,S,2,2024-12-25
102096,FOCOS-L15,S,1,2024-12-25
102097,FOCOS-L9,S,1,2024-12-25
102098,LIJAD-1,S,2,2024-12-25
102099,LLAV-12,S,1,2024-12-25
102100,MART-2A,S,1,2024-12-25
102101,PINT-BL,S,12,2024-12-25
102102,PLIE-8P,S,2,2024-12-25
102103,ROND-M6,S,57,2024-12-25
102104,ROND-M8,S,23,2024-12-25
102105,TOMA-SNC,S,16,2024-12-25
102106,TORN-M10,S,6,2024-12-25
102107,TORN-M4,S,4,2024-12-25
102108,TORN-M6,S,3,2024-12-25
102109,TORN-M8,S,2,2024-12-25
102110,TURC-M6,S,19,2024-12-25
102111,TURC-M8,S,25,2024-12-25
102112,TORN-M4,E,1050,2024-12-26
102113,BROD-4P,S,1,2024-12-26
102114,CLAV-2P,S,1,2024-12-26
102115,CLAV-3P,S,4,2024-12-26
102116,CODE-1P,S,7,2024-12-26
102117,CODE-2P,S,3,2024-12-26
102118,ESMA-BL,S,1,2024-12-26
102119,FOCOS-L15,S,3,2024-12-26
102120,FOCOS-L9,S,6,2024-12-26
102121,LIJAD-1,S,1,2024-12-26
102122,NIVE-60,S,2,2024-12-26
102123,PINT-BG,S,1,2024-12-26
102124,PINT-BL,S,9,2024-12-26
102125,PINT-GR,S,1,2024-12-26
102126,ROND-M6,S,24,2024-12-26
102127,ROND-M8,S,33,2024-12-26
102128,TOMA-SNC,S,15,2024-12-26
102129,TORN-M10,S,15,2024-12-26
102130,TORN-M6,S,4,2024-12-26
102131,TORN-M8,S,4,2024-12-26
102132,TUBO-2P,S,25,2024-12-26
102133,TURC-M6,S,22,2024-12-26
102134,TURC-M8,S,53,2024-12-26
102135,TORN-M10,E,450,2024-12-27
102136,BROD-4P,S,1,2024-12-27
102137,CLAV-3P,S,5,2024-12-27
102138,CODE-1P,S,1,2024-12-27
102139,FOCOS-L9,S,1,2024-12-27
102140,LIAV-10,S,1,2024-12-27
102141,MART-2A,S,1,2024-12-27
102142,NIVE-60,S,2,2024-12-27
102143,PINT-BL,S,8,2024-12-27
102144,PINT-GR,S,1,2024-12-27
102145,PLIE-6P,S,1,2024-12-27
102146,ROLLO-1,S,1,2024-12-27
102147,ROND-M6,S,7,2024-12-27
102148,ROND-M8,S,38,2024-12-27
102149,SELL-TF,S,3,2024-12-27
102150,TOMA-SNC,S,1,2024-12-27
102151,TORN-M10,S,20,2024-12-27
102152,TORN-M4,S,2,2024-12-27
102153,TORN-M6,S,8,2024-12-27
102154,TORN-M8,S,7,2024-12-27
102155,TURC-M6,S,54,2024-12-27
102156,TURC-M8,S,35,2024-12-27
102157,PINT-BL,E,195,2024-12-28
102158,TOMA-DBL,E,60,2024-12-28
102159,TOMA-SNC,E,490,2024-12-28
102160,BROD-4P,S,2,2024-12-28
102161,CLAV-2P,S,1,2024-12-28
102162,CLAV-3P,S,2,2024-12-28
102163,CODE-1P,S,4,2024-12-28
102164,CODE-2P,S,2,2024-12-28
102165,DEST-PH2,S,1,2024-12-28
102166,ESMA-NG,S,1,2024-12-28
102167,FOCOS-L15,S,2,2024-12-28
102168,INTE-SNC,S,2,2024-12-28
102169,MART-2A,S,2,2024-12-28
102170,PINT-BG,S,2,2024-12-28
102171,PINT-BL,S,3,2024-12-28
102172,PLIE-6P,S,1,2024-12-28
102173,ROND-M6,S,52,2024-12-28
102174,ROND-M8,S,61,2024-12-28
102175,SOPLA-1,S,1,2024-12-28
102176,TOMA-SNC,S,5,2024-12-28
102177,TORN-M10,S,2,2024-12-28
102178,TORN-M4,S,2,2024-12-28
102179,TORN-M6,S,9,2024-12-28
102180,TORN-M8,S,8,2024-12-28
102181,TURC-M6,S,49,2024-12-28
102182,TURC-M8,S,44,2024-12-28
102183,CABL-14,E,15,2024-12-30
102184,SOPLA-1,E,4,2024-12-30
102185,BROD-2P,S,1,2024-12-30
102186,CLAV-3P,S,2,2024-12-30
102187,CODE-1P,S,2,2024-12-30
102188,CODE-2P,S,2,2024-12-30
102189,FOCOS-L15,S,1,2024-12-30
102190,FOCOS-L9,S,2,2024-12-30
102191,LIJAD-1,S,3,2024-12-30
102192,MART-2A,S,1,2024-12-30
102193,NIVE-60,S,1,2024-12-30
102194,PINT-BL,S,4,2024-12-30
102195,PINT-GR,S,2,2024-12-30
102196,PLIE-6P,S,1,2024-12-30
102197,ROND-M6,S,16,2024-12-30
102198,ROND-M8,S,6,2024-12-30
102199,TOMA-SNC,S,12,2024-12-30
102200,TORN-M10,S,12,2024-12-30
102201,TORN-M4,S,4,2024-12-30
102202,TORN-M6,S,3,2024-12-30
102203,TORN-M8,S,12,2024-12-30
102204,TURC-M6,S,45,2024-12-30
102205,TURC-M8,S,31,2024-12-30
102206,CODE-2P,S,1,2024-12-31
102207,ESMA-NG,S,1,2024-12-31
102208,FOCOS-L15,S,1,2024-12-31
102209,FOCOS-L9,S,3,2024-12-31
102210,LIJAD-1,S,2,2024-12-31
102211,MART-2A,S,3,2024-12-31
102212,PINT-BL,S,4,2024-12-31
102213,ROND-M6,S,34,2024-12-31
102214,ROND-M8,S,20,2024-12-31
102215,SELL-TF,S,2,2024-12-31
102216,SOPLA-1,S,1,2024-12-31
102217,TOMA-DBL,S,1,2024-12-31
102218,TOMA-SNC,S,17,2024-12-31
102219,TORN-M10,S,12,2024-12-31
102220,TORN-M4,S,6,2024-12-31
102221,TORN-M6,S,6,2024-12-31
102222,TORN-M8,S,16,2024-12-31
102223,TURC-M6,S,7,2024-12-31
102224,TURC-M8,S,23,2024-12-31
102225,ROND-M8,E,1850,2025-01-01
102226,CLAV-3P,S,7,2025-01-01
102227,CODE-1P,S,1,2025-01-01
102228,CODE-2P,S,1,2025-01-01
102229,ESMA-NG,S,2,2025-01-01
102230,FOCOS-L9,S,2,2025-01-01
102231,LIJAD-1,S,1,2025-01-01
102232,PINT-BL,S,2,2025-01-01
102233,PINT-GR,S,1,2025-01-01
102234,ROND-M6,S,51,2025-01-01
102235,ROND-M8,S,43,2025-01-01
102236,TOMA-SNC,S,2,2025-01-01
102237,TORN-M10,S,2,2025-01-01
102238,TORN-M4,S,4,2025-01-01
102239,TORN-M6,S,3,2025-01-01
102240,TORN-M8,S,36,2025-01-01
102241,TURC-M6,S,51,2025-01-01
102242,TURC-M8,S,6,2025-01-01
102243,LIAV-10,E,16,2025-01-02
102244,CABL-12,S,12,2025-01-02
102245,CLAV-3P,S,2,2025-01-02
102246,CODE-1P,S,3,2025-01-02
102247,ESMA-NG,S,1,2025-01-02
102248,FOCOS-L15,S,1,2025-01-02
102249,FOCOS-L9,S,2,2025-01-02
102250,PINT-BG,S,1,2025-01-02
102251,PINT-BL,S,2,2025-01-02
102252,PINT-GR,S,1,2025-01-02
102253,ROND-M6,S,23,2025-01-02
102254,ROND-M8,S,26,2025-01-02
102255,SOPLA-1,S,1,2025-01-02
102256,TOMA-SNC,S,23,2025-01-02
102257,TORN-M10,S,8,2025-01-02
102258,TORN-M6,S,1,2025-01-02
102259,TORN-M8,S,1,2025-01-02
102260,TURC-M6,S,20,2025-01-02
102261,TURC-M8,S,23,2025-01-02
102262,BROD-2P,S,1,2025-01-03
102263,CODE-1P,S,3,2025-01-03
102264,CODE-2P,S,2,2025-01-03
102265,DEST-PL6,S,1,2025-01-03
102266,ESMA-NG,S,3,2025-01-03
102267,FOCOS-L15,S,1,2025-01-03
102268,LIJAD-1,S,1,2025-01-03
102269,PINT-BG,S,1,2025-01-03
102270,PINT-BL,S,2,2025-01-03
102271,ROLLO-1,S,1,2025-01-03
102272,ROND-M6,S,15,2025-01-03
102273,ROND-M8,S,42,2025-01-03
102274,TABL-2P,S,9,2025-01-03
102275,TOMA-SNC,S,2,2025-01-03
102276,TORN-M10,S,3,2025-01-03
102277,TORN-M4,S,2,2025-01-03
102278,TORN-M6,S,11,2025-01-03
102279,TORN-M8,S,7,2025-01-03
102280,TURC-M6,S,70,2025-01-03
102281,TURC-M8,S,32,2025-01-03
102282,TUBO-2P,E,41,2025-01-04
102283,CABL-12,S,8,2025-01-04
102284,CLAV-3P,S,1,2025-01-04
102285,CODE-1P,S,14,2025-01-04
102286,CODE-2P,S,1,2025-01-04
102287,DEST-PL6,S,1,2025-01-04
102288,ESMA-NG,S,3,2025-01-04
102289,LIJAD-1,S,1,2025-01-04
102290,LLAV-12,S,1,2025-01-04
102291,MART-2A,S,2,2025-01-04
102292,PINT-BG,S,2,2025-01-04
102293,PINT-BL,S,1,2025-01-04
102294,PINT-GR,S,2,2025-01-04
102295,PLIE-6P,S,1,2025-01-04
102296,ROND-M6,S,14,2025-01-04
102297,ROND-M8,S,24,2025-01-04
102298,TOMA-SNC,S,6,2025-01-04
102299,TORN-M10,S,5,2025-01-04
102300,TORN-M4,S,10,2025-01-04
102301,TORN-M6,S,1,2025-01-04
102302,TORN-M8,S,7,2025-01-04
102303,TURC-M6,S,45,2025-01-04
102304,TURC-M8,S,10,2025-01-04
102305,CLAV-3P,S,1,2025-01-06
102306,CODE-1P,S,7,2025-01-06
102307,DEST-PH2,S,1,2025-01-06
102308,ESMA-NG,S,2,2025-01-06
102309,FOCOS-L9,S,2,2025-01-06
102310,MART-2A,S,2,2025-01-06
102311,PINT-BG,S,2,2025-01-06
102312,ROND-M6,S,24,2025-01-06
102313,ROND-M8,S,20,2025-01-06
102314,TOMA-SNC,S,1,2025-01-06
102315,TORN-M10,S,10,2025-01-06
102316,TORN-M6,S,5,2025-01-06
102317,TORN-M8,S,15,2025-01-06
102318,TUBO-1P,S,1,2025-01-06
102319,TURC-M6,S,13,2025-01-06
102320,TURC-M8,S,36,2025-01-06
102321,BROD-4P,E,30,2025-01-07
102322,TALDR-1,E,6,2025-01-07
102323,CINT-5M,S,1,2025-01-07
102324,CLAV-3P,S,1,2025-01-07
102325,CODE-1P,S,12,2025-01-07
102326,ESMA-NG,S,1,2025-01-07
102327,FOCOS-L15,S,2,2025-01-07
102328,FOCOS-L9,S,1,2025-01-07
102329,INTE-SNC,S,1,2025-01-07
102330,MART-2A,S,4,2025-01-07
102331,NIVE-60,S,1,2025-01-07
102332,ROND-M6,S,16,2025-01-07
102333,ROND-M8,S,26,2025-01-07
102334,TOMA-SNC,S,19,2025-01-07
102335,TORN-M10,S,5,2025-01-07
102336,TORN-M4,S,3,2025-01-07
102337,TORN-M6,S,6,2025-01-07
102338,TORN-M8,S,25,2025-01-07
102339,TURC-M6,S,9,2025-01-07
102340,TURC-M8,S,6,2025-01-07
102341,MART-2A,E,45,2025-01-08
102342,PINT-GR,E,31,2025-01-08
102343,PLIE-6P,E,16,2025-01-08
102344,CLAV-3P,S,3,2025-01-08
102345,CODE-1P,S,6,2025-01-08
102346,ESMA-NG,S,1,2025-01-08
102347,FOCOS-L15,S,1,2025-01-08
102348,LIAV-10,S,1,2025-01-08
102349,LLAV-12,S,1,2025-01-08
102350,NIVE-60,S,1,2025-01-08
102351,PINT-BL,S,2,2025-01-08
102352,PLIE-6P,S,1,2025-01-08
102353,ROND-M6,S,27,2025-01-08
102354,ROND-M8,S,4,2025-01-08
102355,TOMA-SNC,S,2,2025-01-08
102356,TORN-M10,S,24,2025-01-08
102357,TORN-M4,S,11,2025-01-08
102358,TORN-M6,S,12,2025-01-08
102359,TORN-M8,S,39,2025-01-08
102360,TURC-M6,S,41,2025-01-08
102361,TURC-M8,S,35,2025-01-08
102362,CLAV-3P,S,1,2025-01-09
102363,CODE-1P,S,3,2025-01-09
102364,FOCOS-L9,S,1,2025-01-09
102365,INTE-SNC,S,2,2025-01-09
102366,LIJAD-1,S,1,2025-01-09
102367,PINT-BG,S,2,2025-01-09
102368,PINT-BL,S,3,2025-01-09
102369,PLIE-6P,S,1,2025-01-09
102370,ROND-M6,S,8,2025-01-09
102371,ROND-M8,S,22,2025-01-09
102372,TOMA-SNC,S,12,2025-01-09
102373,TORN-M10,S,7,2025-01-09
102374,TORN-M4,S,8,2025-01-09
102375,TORN-M6,S,10,2025-01-09
102376,TORN-M8,S,13,2025-01-09
102377,TUBO-1P,S,2,2025-01-09
102378,TURC-M6,S,47,2025-01-09
102379,TURC-M8,S,20,2025-01-09
102380,CLAV-3P,S,2,2025-01-10
102381,CODE-1P,S,6,2025-01-10
102382,CODE-2P,S,1,2025-01-10
102383,ESMA-NG,S,1,2025-01-10
102384,FOCOS-L9,S,2,2025-01-10
102385,LLAV-12,S,1,2025-01-10
102386,MART-2A,S,2,2025-01-10
102387,PINT-GR,S,1,2025-01-10
102388,ROND-M6,S,18,2025-01-10
102389,ROND-M8,S,32,2025-01-10
102390,TOMA-SNC,S,9,2025-01-10
102391,TORN-M10,S,6,2025-01-10
102392,TORN-M4,S,3,2025-01-10
102393,TORN-M6,S,3,2025-01-10
102394,TORN-M8,S,36,2025-01-10
102395,TURC-M6,S,38,2025-01-10
102396,TURC-M8,S,50,2025-01-10
102397,ESMER-1,E,6,2025-01-11
102398,CLAV-3P,S,1,2025-01-11
102399,CODE-1P,S,2,2025-01-11
102400,DEST-PH2,S,1,2025-01-11
102401,ESMA-NG,S,1,2025-01-11
102402,FOCOS-L9,S,1,2025-01-11
102403,INTE-SNC,S,1,2025-01-11
102404,LLAV-12,S,1,2025-01-11
102405,PINT-BG,S,1,2025-01-11
102406,PINT-BL,S,5,2025-01-11
102407,PINT-GR,S,1,2025-01-11
102408,ROND-M6,S,6,2025-01-11
102409,ROND-M8,S,8,2025-01-11
102410,TOMA-SNC,S,12,2025-01-11
102411,TORN-M10,S,10,2025-01-11
102412,TORN-M4,S,10,2025-01-11
102413,TORN-M6,S,1,2025-01-11
102414,TORN-M8,S,13,2025-01-11
102415,TURC-M6,S,11,2025-01-11
102416,TURC-M8,S,10,2025-01-11
102417,TURC-M8,E,1450,2025-01-13
102418,CABL-12,S,14,2025-01-13
102419,CLAV-3P,S,3,2025-01-13
102420,CODE-1P,S,1,2025-01-13
102421,DEST-PH2,S,1,2025-01-13
102422,ESMA-NG,S,1,2025-01-13
102423,FOCOS-L15,S,3,2025-01-13
102424,FOCOS-L9,S,3,2025-01-13
102425,LLAV-12,S,3,2025-01-13
102426,NIVE-60,S,1,2025-01-13
102427,PLIE-8P,S,1,2025-01-13
102428,ROND-M6,S,16,2025-01-13
102429,ROND-M8,S,44,2025-01-13
102430,TOMA-SNC,S,5,2025-01-13
102431,TORN-M10,S,2,2025-01-13
102432,TORN-M6,S,6,2025-01-13
102433,TORN-M8,S,41,2025-01-13
102434,TUBO-1P,S,1,2025-01-13
102435,TURC-M6,S,102,2025-01-13
102436,TURC-M8,S,47,2025-01-13
102437,CINT-5M,S,1,2025-01-14
102438,CLAV-3P,S,3,2025-01-14
102439,CODE-1P,S,1,2025-01-14
102440,CODE-2P,S,2,2025-01-14
102441,DEST-PL6,S,2,2025-01-14
102442,FOCOS-L15,S,1,2025-01-14
102443,FOCOS-L9,S,2,2025-01-14
102444,LIJAD-1,S,2,2025-01-14
102445,LLAV-12,S,1,2025-01-14
102446,PINT-BG,S,1,2025-01-14
102447,PINT-BL,S,5,2025-01-14
102448,PLIE-8P,S,1,2025-01-14
102449,ROND-M6,S,56,2025-01-14
102450,ROND-M8,S,12,2025-01-14
102451,SELL-TF,S,2,2025-01-14
102452,TOMA-SNC,S,8,2025-01-14
102453,TORN-M10,S,1,2025-01-14
102454,TORN-M4,S,3,2025-01-14
102455,TORN-M6,S,1,2025-01-14
102456,TORN-M8,S,16,2025-01-14
102457,TURC-M6,S,151,2025-01-14
102458,TURC-M8,S,42,2025-01-14
102459,BROD-4P,S,1,2025-01-15
102460,CLAV-3P,S,2,2025-01-15
102461,CODE-1P,S,1,2025-01-15
102462,DEST-PL6,S,1,2025-01-15
102463,FOCOS-L15,S,2,2025-01-15
102464,FOCOS-L9,S,2,2025-01-15
102465,MART-2A,S,2,2025-01-15
102466,PINT-BL,S,1,2025-01-15
102467,ROND-M6,S,14,2025-01-15
102468,ROND-M8,S,43,2025-01-15
102469,SIER-HK,S,1,2025-01-15
102470,TOMA-SNC,S,27,2025-01-15
102471,TORN-M10,S,9,2025-01-15
102472,TORN-M4,S,9,2025-01-15
102473,TORN-M6,S,4,2025-01-15
102474,TORN-M8,S,12,2025-01-15
102475,TUBO-1P,S,1,2025-01-15
102476,TURC-M6,S,43,2025-01-15
102477,TURC-M8,S,13,2025-01-15
102478,CLAV-2P,S,3,2025-01-16
102479,CLAV-3P,S,1,2025-01-16
102480,CODE-1P,S,8,2025-01-16
102481,CODE-2P,S,2,2025-01-16
102482,ESMA-NG,S,2,2025-01-16
102483,INTE-SNC,S,1,2025-01-16
102484,PINT-BL,S,1,2025-01-16
102485,ROND-M6,S,53,2025-01-16
102486,ROND-M8,S,47,2025-01-16
102487,TOMA-SNC,S,19,2025-01-16
102488,TORN-M10,S,3,2025-01-16
102489,TORN-M4,S,4,2025-01-16
102490,TORN-M6,S,2,2025-01-16
102491,TORN-M8,S,23,2025-01-16
102492,TUBO-1P,S,1,2025-01-16
102493,TURC-M6,S,6,2025-01-16
102494,TURC-M8,S,78,2025-01-16
102495,LIJAD-1,E,40,2025-01-17
102496,SOPLA-1,E,4,2025-01-17
102497,BROD-4P,S,1,2025-01-17
102498,CLAV-3P,S,2,2025-01-17
102499,CODE-1P,S,6,2025-01-17
102500,CODE-2P,S,1,2025-01-17
102501,DEST-PL6,S,1,2025-01-17
102502,ESMA-NG,S,1,2025-01-17
102503,FOCOS-L9,S,3,2025-01-17
102504,LIAV-10,S,1,2025-01-17
102505,LIJAD-1,S,1,2025-01-17
102506,NIVE-60,S,1,2025-01-17
102507,PINT-BG,S,1,2025-01-17
102508,PINT-BL,S,5,2025-01-17
102509,PINT-GR,S,1,2025-01-17
102510,ROND-M6,S,32,2025-01-17
102511,ROND-M8,S,11,2025-01-17
102512,SELL-TF,S,2,2025-01-17
102513,TABL-2P,S,6,2025-01-17
102514,TOMA-SNC,S,14,2025-01-17
102515,TORN-M10,S,6,2025-01-17
102516,TORN-M4,S,2,2025-01-17
102517,TORN-M6,S,1,2025-01-17
102518,TORN-M8,S,7,2025-01-17
102519,TURC-M6,S,41,2025-01-17
102520,TURC-M8,S,23,2025-01-17
102521,CLAV-3P,S,1,2025-01-18
102522,CODE-1P,S,9,2025-01-18
102523,ESMA-NG,S,1,2025-01-18
102524,INTE-SNC,S,1,2025-01-18
102525,PINT-BL,S,1,2025-01-18
102526,ROND-M6,S,17,2025-01-18
102527,ROND-M8,S,4,2025-01-18
102528,TOMA-SNC,S,9,2025-01-18
102529,TORN-M10,S,5,2025-01-18
102530,TORN-M4,S,1,2025-01-18
102531,TORN-M6,S,3,2025-01-18
102532,TORN-M8,S,13,2025-01-18
102533,TUBO-1P,S,1,2025-01-18
102534,TURC-M6,S,23,2025-01-18
102535,TURC-M8,S,29,2025-01-18
102536,ESMA-NG,E,43,2025-01-20
102537,CLAV-2P,S,1,2025-01-20
102538,CLAV-3P,S,2,2025-01-20
102539,CODE-1P,S,1,2025-01-20
102540,CODE-2P,S,1,2025-01-20
102541,FOCOS-L15,S,2,2025-01-20
102542,NIVE-60,S,1,2025-01-20
102543,PINT-BG,S,2,2025-01-20
102544,PINT-BL,S,6,2025-01-20
102545,PLIE-6P,S,1,2025-01-20
102546,ROND-M6,S,55,2025-01-20
102547,ROND-M8,S,19,2025-01-20
102548,TOMA-SNC,S,40,2025-01-20
102549,TORN-M10,S,4,2025-01-20
102550,TORN-M4,S,4,2025-01-20
102551,TORN-M6,S,12,2025-01-20
102552,TORN-M8,S,23,2025-01-20
102553,TURC-M6,S,95,2025-01-20
102554,TURC-M8,S,20,2025-01-20
102555,BROD-4P,S,1,2025-01-21
102556,CINT-5M,S,1,2025-01-21
102557,CLAV-2P,S,1,2025-01-21
102558,CLAV-3P,S,5,2025-01-21
102559,CODE-2P,S,1,2025-01-21
102560,FOCOS-L15,S,1,2025-01-21
102561,INTE-SNC,S,2,2025-01-21
102562,LIJAD-1,S,1,2025-01-21
102563,MART-1A,S,1,2025-01-21
102564,MART-2A,S,1,2025-01-21
102565,NIVE-60,S,1,2025-01-21
102566,PINT-BL,S,2,2025-01-21
102567,ROND-M6,S,23,2025-01-21
102568,ROND-M8,S,5,2025-01-21
102569,SELL-TF,S,2,2025-01-21
102570,TOMA-SNC,S,8,2025-01-21
102571,TORN-M10,S,5,2025-01-21
102572,TORN-M4,S,12,2025-01-21
102573,TORN-M6,S,11,2025-01-21
102574,TORN-M8,S,10,2025-01-21
102575,TURC-M6,S,50,2025-01-21
102576,TURC-M8,S,24,2025-01-21
102577,BROD-4P,S,1,2025-01-22
102578,CLAV-3P,S,2,2025-01-22
102579,CODE-1P,S,4,2025-01-22
102580,DEST-PL6,S,1,2025-01-22
102581,FOCOS-L9,S,4,2025-01-22
102582,LIJAD-1,S,1,2025-01-22
102583,MART-2A,S,2,2025-01-22
102584,PINT-BL,S,1,2025-01-22
102585,PLIE-8P,S,1,2025-01-22
102586,ROLLO-1,S,1,2025-01-22
102587,ROND-M6,S,20,2025-01-22
102588,ROND-M8,S,10,2025-01-22
102589,SELL-TF,S,1,2025-01-22
102590,TOMA-SNC,S,7,2025-01-22
102591,TORN-M10,S,2,2025-01-22
102592,TORN-M4,S,1,2025-01-22
102593,TORN-M6,S,7,2025-01-22
102594,TORN-M8,S,23,2025-01-22
102595,TUBO-1P,S,1,2025-01-22
102596,TURC-M6,S,170,2025-01-22
102597,TURC-M8,S,42,2025-01-22
102598,BROD-4P,S,1,2025-01-23
102599,CLAV-3P,S,2,2025-01-23
102600,CODE-1P,S,4,2025-01-23
102601,CODE-2P,S,2,2025-01-23
102602,ESMA-NG,S,2,2025-01-23
102603,FOCOS-L15,S,2,2025-01-23
102604,FOCOS-L9,S,3,2025-01-23
102605,LIJAD-1,S,1,2025-01-23
102606,LLAV-12,S,1,2025-01-23
102607,MART-2A,S,1,2025-01-23
102608,PINT-BL,S,2,2025-01-23
102609,PINT-GR,S,1,2025-01-23
102610,PLIE-6P,S,1,2025-01-23
102611,ROND-M6,S,31,2025-01-23
102612,ROND-M8,S,15,2025-01-23
102613,SELL-TF,S,1,2025-01-23
102614,SIER-HK,S,2,2025-01-23
102615,TOMA-SNC,S,4,2025-01-23
102616,TORN-M10,S,8,2025-01-23
102617,TORN-M6,S,15,2025-01-23
102618,TORN-M8,S,29,2025-01-23
102619,TURC-M6,S,8,2025-01-23
102620,TURC-M8,S,11,2025-01-23
102621,CLAV-3P,S,4,2025-01-24
102622,CODE-1P,S,2,2025-01-24
102623,CODE-2P,S,3,2025-01-24
102624,DEST-PL6,S,1,2025-01-24
102625,FOCOS-L15,S,1,2025-01-24
102626,FOCOS-L9,S,3,2025-01-24
102627,MART-2A,S,1,2025-01-24
102628,NIVE-60,S,1,2025-01-24
102629,PINT-BG,S,3,2025-01-24
102630,PINT-BL,S,1,2025-01-24
102631,ROND-M6,S,24,2025-01-24
102632,ROND-M8,S,6,2025-01-24
102633,TALDR-2,S,1,2025-01-24
102634,TOMA-SNC,S,9,2025-01-24
102635,TORN-M10,S,5,2025-01-24
102636,TORN-M4,S,7,2025-01-24
102637,TORN-M6,S,3,2025-01-24
102638,TORN-M8,S,19,2025-01-24
102639,TUBO-2P,S,19,2025-01-24
102640,TURC-M6,S,23,2025-01-24
102641,TURC-M8,S,12,2025-01-24
102642,CINT-5M,S,2,2025-01-25
102643,CLAV-3P,S,2,2025-01-25
102644,CODE-1P,S,12,2025-01-25
102645,CODE-2P,S,1,2025-01-25
102646,DEST-PH2,S,1,2025-01-25
102647,FOCOS-L15,S,2,2025-01-25
102648,FOCOS-L9,S,2,2025-01-25
102649,LIJAD-1,S,1,2025-01-25
102650,LLAV-12,S,2,2025-01-25
102651,MART-2A,S,1,2025-01-25
102652,NIVE-60,S,1,2025-01-25
102653,PINT-BL,S,2,2025-01-25
102654,ROND-M6,S,31,2025-01-25
102655,ROND-M8,S,24,2025-01-25
102656,SELL-TF,S,2,2025-01-25
102657,TOMA-SNC,S,8,2025-01-25
102658,TORN-M10,S,10,2025-01-25
102659,TORN-M4,S,4,2025-01-25
102660,TORN-M6,S,11,2025-01-25
102661,TORN-M8,S,18,2025-01-25
102662,TURC-M6,S,121,2025-01-25
102663,TURC-M8,S,40,2025-01-25
102664,TABL-2P,E,15,2025-01-27
102665,BROD-2P,S,1,2025-01-27
102666,CABL-12,S,11,2025-01-27
102667,CLAV-3P,S,9,2025-01-27
102668,CODE-1P,S,1,2025-01-27
102669,CODE-2P,S,2,2025-01-27
102670,DEST-PL6,S,1,2025-01-27
102671,FOCOS-L15,S,3,2025-01-27
102672,MART-2A,S,1,2025-01-27
102673,NIVE-60,S,1,2025-01-27
102674,PINT-BL,S,1,2025-01-27
102675,PLIE-8P,S,1,2025-01-27
102676,ROND-M6,S,20,2025-01-27
102677,ROND-M8,S,35,2025-01-27
102678,TOMA-SNC,S,3,2025-01-27
102679,TORN-M10,S,3,2025-01-27
102680,TORN-M4,S,2,2025-01-27
102681,TORN-M6,S,3,2025-01-27
102682,TORN-M8,S,7,2025-01-27
102683,TURC-M6,S,169,2025-01-27
102684,TURC-M8,S,35,2025-01-27
102685,CINT-5M,S,1,2025-01-28
102686,CLAV-3P,S,2,2025-01-28
102687,CODE-1P,S,2,2025-01-28
102688,CODE-2P,S,2,2025-01-28
102689,ESMA-NG,S,4,2025-01-28
102690,FOCOS-L15,S,2,2025-01-28
102691,FOCOS-L9,S,2,2025-01-28
102692,LIJAD-1,S,3,2025-01-28
102693,MART-2A,S,4,2025-01-28
102694,PINT-BG,S,1,2025-01-28
102695,PINT-BL,S,6,2025-01-28
102696,ROND-M6,S,25,2025-01-28
102697,ROND-M8,S,3,2025-01-28
102698,SELL-TF,S,1,2025-01-28
102699,TOMA-DBL,S,2,2025-01-28
102700,TOMA-SNC,S,9,2025-01-28
102701,TORN-M10,S,8,2025-01-28
102702,TORN-M4,S,8,2025-01-28
102703,TORN-M6,S,5,2025-01-28
102704,TORN-M8,S,29,2025-01-28
102705,TURC-M6,S,4,2025-01-28
102706,TURC-M8,S,43,2025-01-28
102707,CLAV-3P,S,9,2025-01-29
102708,CODE-1P,S,2,2025-01-29
102709,CODE-2P,S,2,2025-01-29
102710,INTE-SNC,S,1,2025-01-29
102711,LIJAD-1,S,1,2025-01-29
102712,MART-2A,S,1,2025-01-29
102713,PINT-BL,S,2,2025-01-29
102714,PINT-GR,S,1,2025-01-29
102715,ROND-M6,S,24,2025-01-29
102716,ROND-M8,S,53,2025-01-29
102717,TOMA-SNC,S,4,2025-01-29
102718,TORN-M10,S,2,2025-01-29
102719,TORN-M4,S,6,2025-01-29
102720,TORN-M6,S,9,2025-01-29
102721,TORN-M8,S,11,2025-01-29
102722,TURC-M6,S,163,2025-01-29
102723,TURC-M8,S,24,2025-01-29
102724,TORN-M8,E,750,2025-01-30
102725,CINT-5M,S,1,2025-01-30
102726,CLAV-2P,S,1,2025-01-30
102727,CLAV-3P,S,1,2025-01-30
102728,CODE-1P,S,1,2025-01-30
102729,ESMA-NG,S,2,2025-01-30
102730,FOCOS-L9,S,2,2025-01-30
102731,LIJAD-1,S,1,2025-01-30
102732,MART-2A,S,1,2025-01-30
102733,PINT-BL,S,2,2025-01-30
102734,PINT-GR,S,1,2025-01-30
102735,PLIE-8P,S,1,2025-01-30
102736,ROND-M6,S,17,2025-01-30
102737,ROND-M8,S,2,2025-01-30
102738,TOMA-SNC,S,6,2025-01-30
102739,TORN-M10,S,21,2025-01-30
102740,TORN-M4,S,2,2025-01-30
102741,TORN-M6,S,2,2025-01-30
102742,TORN-M8,S,18,2025-01-30
102743,TURC-M6,S,63,2025-01-30
102744,TURC-M8,S,6,2025-01-30
102745,CINT-5M,S,1,2025-01-31
102746,CODE-1P,S,3,2025-01-31
102747,CODE-2P,S,2,2025-01-31
102748,ESMA-NG,S,1,2025-01-31
102749,FOCOS-L15,S,2,2025-01-31
102750,FOCOS-L9,S,2,2025-01-31
102751,INTE-SNC,S,1,2025-01-31
102752,LIAV-10,S,1,2025-01-31
102753,PINT-BL,S,3,2025-01-31
102754,PINT-GR,S,1,2025-01-31
102755,ROND-M6,S,6,2025-01-31
102756,ROND-M8,S,22,2025-01-31
102757,TOMA-SNC,S,11,2025-01-31
102758,TORN-M10,S,6,2025-01-31
102759,TORN-M4,S,7,2025-01-31
102760,TORN-M6,S,2,2025-01-31
102761,TORN-M8,S,6,2025-01-31
102762,TUBO-1P,S,1,2025-01-31
102763,TURC-M6,S,95,2025-01-31
102764,TURC-M8,S,37,2025-01-31
102765,CLAV-3P,S,2,2025-02-01
102766,CODE-1P,S,1,2025-02-01
102767,CODE-2P,S,1,2025-02-01
102768,DEST-PH2,S,2,2025-02-01
102769,FOCOS-L15,S,2,2025-02-01
102770,FOCOS-L9,S,9,2025-02-01
102771,PINT-BL,S,4,2025-02-01
102772,PINT-GR,S,1,2025-02-01
102773,ROND-M6,S,13,2025-02-01
102774,ROND-M8,S,24,2025-02-01
102775,SELL-TF,S,2,2025-02-01
102776,TOMA-SNC,S,11,2025-02-01
102777,TORN-M10,S,5,2025-02-01
102778,TORN-M4,S,4,2025-02-01
102779,TORN-M6,S,9,2025-02-01
102780,TORN-M8,S,19,2025-02-01
102781,TURC-M6,S,50,2025-02-01
102782,TURC-M8,S,4,2025-02-01
102783,TURC-M6,E,2900,2025-02-03
102784,CLAV-3P,S,11,2025-02-03
102785,CODE-1P,S,7,2025-02-03
102786,CODE-2P,S,1,2025-02-03
102787,FOCOS-L15,S,2,2025-02-03
102788,FOCOS-L9,S,4,2025-02-03
102789,INTE-SNC,S,1,2025-02-03
102790,PINT-BG,S,1,2025-02-03
102791,ROND-M6,S,13,2025-02-03
102792,ROND-M8,S,10,2025-02-03
102793,TOMA-SNC,S,4,2025-02-03
102794,TORN-M10,S,2,2025-02-03
102795,TORN-M4,S,5,2025-02-03
102796,TORN-M6,S,1,2025-02-03
102797,TORN-M8,S,9,2025-02-03
102798,TURC-M6,S,78,2025-02-03
102799,TURC-M8,S,12,2025-02-03
102800,CLAV-3P,S,1,2025-02-04
102801,CODE-1P,S,8,2025-02-04
102802,ESMA-NG,S,1,2025-02-04
102803,FOCOS-L9,S,2,2025-02-04
102804,MART-2A,S,1,2025-02-04
102805,NIVE-60,S,1,2025-02-04
102806,PINT-GR,S,1,2025-02-04
102807,ROLLO-1,S,1,2025-02-04
102808,ROND-M6,S,22,2025-02-04
102809,ROND-M8,S,45,2025-02-04
102810,TOMA-SNC,S,7,2025-02-04
102811,TORN-M10,S,8,2025-02-04
102812,TORN-M4,S,5,2025-02-04
102813,TORN-M6,S,3,2025-02-04
102814,TORN-M8,S,6,2025-02-04
102815,TUBO-1P,S,2,2025-02-04
102816,TURC-M6,S,27,2025-02-04
102817,TURC-M8,S,5,2025-02-04
102818,FOCOS-L9,E,130,2025-02-05
102819,CINT-5M,S,1,2025-02-05
102820,CODE-1P,S,5,2025-02-05
102821,FOCOS-L9,S,1,2025-02-05
102822,INTE-SNC,S,1,2025-02-05
102823,MART-2A,S,1,2025-02-05
102824,PINT-BL,S,2,2025-02-05
102825,PINT-GR,S,1,2025-02-05
102826,ROND-M6,S,57,2025-02-05
102827,ROND-M8,S,16,2025-02-05
102828,TOMA-SNC,S,17,2025-02-05
102829,TORN-M10,S,3,2025-02-05
102830,TORN-M4,S,1,2025-02-05
102831,TURC-M6,S,13,2025-02-05
102832,TURC-M8,S,21,2025-02-05
102833,BROD-4P,S,1,2025-02-06
102834,CLAV-3P,S,2,2025-02-06
102835,CODE-1P,S,7,2025-02-06
102836,FOCOS-L9,S,4,2025-02-06
102837,MART-2A,S,1,2025-02-06
102838,PINT-BG,S,1,2025-02-06
102839,PLIE-8P,S,1,2025-02-06
102840,ROND-M6,S,63,2025-02-06
102841,ROND-M8,S,8,2025-02-06
102842,SELL-TF,S,1,2025-02-06
102843,TOMA-SNC,S,3,2025-02-06
102844,TORN-M10,S,7,2025-02-06
102845,TORN-M4,S,6,2025-02-06
102846,TORN-M6,S,6,2025-02-06
102847,TORN-M8,S,41,2025-02-06
102848,TURC-M6,S,10,2025-02-06
102849,TURC-M8,S,22,2025-02-06
102850,TALDR-2,E,4,2025-02-07
102851,CINT-5M,S,1,2025-02-07
102852,CODE-1P,S,2,2025-02-07
102853,ESMA-NG,S,1,2025-02-07
102854,FOCOS-L15,S,1,2025-02-07
102855,FOCOS-L9,S,1,2025-02-07
102856,LIJAD-1,S,1,2025-02-07
102857,LLAV-12,S,1,2025-02-07
102858,PINT-BG,S,1,2025-02-07
102859,PINT-BL,S,1,2025-02-07
102860,PLIE-8P,S,1,2025-02-07
102861,ROND-M6,S,1,2025-02-07
102862,ROND-M8,S,30,2025-02-07
102863,SIER-C1,S,1,2025-02-07
102864,TABL-1P,S,1,2025-02-07
102865,TOMA-SNC,S,1,2025-02-07
102866,TORN-M10,S,10,2025-02-07
102867,TORN-M4,S,1,2025-02-07
102868,TORN-M8,S,9,2025-02-07
102869,TURC-M6,S,32,2025-02-07
102870,TURC-M8,S,23,2025-02-07
102871,CABL-12,S,9,2025-02-08
102872,CINT-5M,S,1,2025-02-08
102873,CLAV-3P,S,5,2025-02-08
102874,CODE-1P,S,9,2025-02-08
102875,ESMA-NG,S,1,2025-02-08
102876,PINT-BG,S,2,2025-02-08
102877,PINT-BL,S,8,2025-02-08
102878,ROND-M6,S,101,2025-02-08
102879,ROND-M8,S,8,2025-02-08
102880,SELL-TF,S,1,2025-02-08
102881,TOMA-SNC,S,3,2025-02-08
102882,TORN-M10,S,10,2025-02-08
102883,TORN-M4,S,2,2025-02-08
102884,TORN-M6,S,3,2025-02-08
102885,TORN-M8,S,4,2025-02-08
102886,TURC-M6,S,55,2025-02-08
102887,TURC-M8,S,11,2025-02-08
102888,CINT-5M,S,1,2025-02-10
102889,CLAV-3P,S,2,2025-02-10
102890,CODE-1P,S,5,2025-02-10
102891,DEST-PL6,S,1,2025-02-10
102892,FOCOS-L15,S,1,2025-02-10
102893,FOCOS-L9,S,11,2025-02-10
102894,MART-2A,S,1,2025-02-10
102895,NIVE-60,S,1,2025-02-10
102896,PINT-BG,S,1,2025-02-10
102897,PINT-BL,S,7,2025-02-10
102898,PLIE-6P,S,1,2025-02-10
102899,ROND-M6,S,12,2025-02-10
102900,ROND-M8,S,77,2025-02-10
102901,SOPLA-1,S,1,2025-02-10
102902,TOMA-SNC,S,1,2025-02-10
102903,TORN-M4,S,5,2025-02-10
102904,TORN-M6,S,4,2025-02-10
102905,TORN-M8,S,14,2025-02-10
102906,TURC-M6,S,125,2025-02-10
102907,TURC-M8,S,97,2025-02-10
102908,BROD-4P,S,1,2025-02-11
102909,CLAV-3P,S,2,2025-02-11
102910,CODE-1P,S,10,2025-02-11
102911,DEST-PL6,S,1,2025-02-11
102912,ESMA-NG,S,1,2025-02-11
102913,FOCOS-L9,S,2,2025-02-11
102914,LLAV-12,S,1,2025-02-11
102915,MART-2A,S,1,2025-02-11
102916,PINT-BL,S,1,2025-02-11
102917,ROLLO-1,S,1,2025-02-11
102918,ROND-M6,S,19,2025-02-11
102919,ROND-M8,S,40,2025-02-11
102920,SELL-TF,S,1,2025-02-11
102921,SIER-C1,S,1,2025-02-11
102922,TOMA-DBL,S,1,2025-02-11
102923,TOMA-SNC,S,18,2025-02-11
102924,TORN-M10,S,1,2025-02-11
102925,TORN-M4,S,8,2025-02-11
102926,TORN-M6,S,3,2025-02-11
102927,TORN-M8,S,9,2025-02-11
102928,TUBO-1P,S,1,2025-02-11
102929,TURC-M6,S,117,2025-02-11
102930,TURC-M8,S,16,2025-02-11
102931,BROD-4P,S,2,2025-02-12
102932,CODE-1P,S,3,2025-02-12
102933,FOCOS-L15,S,1,2025-02-12
102934,FOCOS-L9,S,1,2025-02-12
102935,INTE-SNC,S,1,2025-02-12
102936,MART-2A,S,4,2025-02-12
102937,PINT-BG,S,1,2025-02-12
102938,PINT-BL,S,5,2025-02-12
102939,ROND-M6,S,17,2025-02-12
102940,ROND-M8,S,9,2025-02-12
102941,SELL-TF,S,2,2025-02-12
102942,TOMA-SNC,S,16,2025-02-12
102943,TORN-M10,S,8,2025-02-12
102944,TORN-M4,S,2,2025-02-12
102945,TORN-M6,S,5,2025-02-12
102946,TORN-M8,S,13,2025-02-12
102947,TURC-M6,S,51,2025-02-12
102948,TURC-M8,S,38,2025-02-12
102949,CINT-5M,S,1,2025-02-13
102950,CODE-1P,S,3,2025-02-13
102951,CODE-2P,S,2,2025-02-13
102952,FOCOS-L9,S,4,2025-02-13
102953,LIAV-10,S,1,2025-02-13
102954,PINT-BG,S,1,2025-02-13
102955,PLIE-6P,S,1,2025-02-13
102956,ROND-M6,S,45,2025-02-13
102957,ROND-M8,S,1,2025-02-13
102958,SIER-C1,S,1,2025-02-13
102959,SIER-HK,S,1,2025-02-13
102960,TOMA-SNC,S,15,2025-02-13
102961,TORN-M10,S,3,2025-02-13
102962,TORN-M4,S,3,2025-02-13
102963,TORN-M6,S,4,2025-02-13
102964,TORN-M8,S,17,2025-02-13
102965,TURC-M6,S,23,2025-02-13
102966,TURC-M8,S,46,2025-02-13
102967,CABL-14,S,13,2025-02-14
102968,CLAV-2P,S,1,2025-02-14
102969,CLAV-3P,S,2,2025-02-14
102970,CODE-1P,S,4,2025-02-14
102971,CODE-2P,S,4,2025-02-14
102972,ESMA-NG,S,1,2025-02-14
102973,ESMER-2,S,1,2025-02-14
102974,FOCOS-L9,S,3,2025-02-14
102975,MART-2A,S,1,2025-02-14
102976,NIVE-60,S,1,2025-02-14
102977,PINT-BL,S,1,2025-02-14
102978,ROND-M6,S,18,2025-02-14
102979,ROND-M8,S,22,2025-02-14
102980,SOPLA-1,S,1,2025-02-14
102981,TOMA-SNC,S,5,2025-02-14
102982,TORN-M10,S,6,2025-02-14
102983,TORN-M4,S,4,2025-02-14
102984,TORN-M6,S,9,2025-02-14
102985,TORN-M8,S,40,2025-02-14
102986,TUBO-1P,S,2,2025-02-14
102987,TURC-M6,S,5,2025-02-14
102988,TURC-M8,S,12,2025-02-14
102989,CABL-12,E,54,2025-02-15
102990,CLAV-2P,S,1,2025-02-15
102991,CLAV-3P,S,11,2025-02-15
102992,CODE-1P,S,6,2025-02-15
102993,DEST-PL6,S,2,2025-02-15
102994,FOCOS-L9,S,1,2025-02-15
102995,LIJAD-1,S,2,2025-02-15
102996,LLAV-12,S,1,2025-02-15
102997,PINT-BL,S,2,2025-02-15
102998,PINT-GR,S,1,2025-02-15
102999,ROND-M6,S,19,2025-02-15
103000,ROND-M8,S,58,2025-02-15
103001,SIER-HK,S,1,2025-02-15
103002,TOMA-DBL,S,1,2025-02-15
103003,TOMA-SNC,S,9,2025-02-15
103004,TORN-M10,S,4,2025-02-15
103005,TORN-M4,S,12,2025-02-15
103006,TORN-M6,S,1,2025-02-15
103007,TORN-M8,S,18,2025-02-15
103008,TURC-M6,S,28,2025-02-15
103009,TURC-M8,S,5,2025-02-15
103010,CABL-14,E,13,2025-02-17
103011,CLAV-2P,S,1,2025-02-17
103012,CLAV-3P,S,1,2025-02-17
103013,CODE-1P,S,3,2025-02-17
103014,FOCOS-L15,S,1,2025-02-17
103015,FOCOS-L9,S,7,2025-02-17
103016,LIAV-10,S,2,2025-02-17
103017,PINT-BL,S,1,2025-02-17
103018,PLIE-8P,S,1,2025-02-17
103019,ROND-M6,S,4,2025-02-17
103020,ROND-M8,S,10,2025-02-17
103021,SELL-TF,S,2,2025-02-17
103022,TOMA-SNC,S,8,2025-02-17
103023,TORN-M10,S,5,2025-02-17
103024,TORN-M4,S,1,2025-02-17
103025,TORN-M6,S,9,2025-02-17
103026,TORN-M8,S,47,2025-02-17
103027,TURC-M6,S,72,2025-02-17
103028,TURC-M8,S,23,2025-02-17
103029,CLAV-2P,S,1,2025-02-18
103030,CODE-1P,S,3,2025-02-18
103031,CODE-2P,S,1,2025-02-18
103032,DEST-PL6,S,1,2025-02-18
103033,FOCOS-L9,S,1,2025-02-18
103034,INTE-SNC,S,2,2025-02-18
103035,LLAV-12,S,1,2025-02-18
103036,MART-2A,S,2,2025-02-18
103037,NIVE-60,S,1,2025-02-18
103038,PINT-BL,S,5,2025-02-18
103039,ROND-M6,S,16,2025-02-18
103040,ROND-M8,S,41,2025-02-18
103041,SELL-TF,S,1,2025-02-18
103042,TOMA-SNC,S,9,2025-02-18
103043,TORN-M10,S,6,2025-02-18
103044,TORN-M4,S,8,2025-02-18
103045,TORN-M6,S,10,2025-02-18
103046,TORN-M8,S,9,2025-02-18
103047,TURC-M6,S,38,2025-02-18
103048,TURC-M8,S,35,2025-02-18
103049,CINT-5M,S,1,2025-02-19
103050,CLAV-3P,S,1,2025-02-19
103051,CODE-1P,S,2,2025-02-19
103052,CODE-2P,S,1,2025-02-19
103053,ESMA-NG,S,1,2025-02-19
103054,FOCOS-L9,S,3,2025-02-19
103055,MART-2A,S,1,2025-02-19
103056,PINT-BL,S,2,2025-02-19
103057,ROND-M6,S,4,2025-02-19
103058,ROND-M8,S,26,2025-02-19
103059,SELL-TF,S,1,2025-02-19
103060,TOMA-SNC,S,17,2025-02-19
103061,TORN-M10,S,10,2025-02-19
103062,TORN-M4,S,3,2025-02-19
103063,TORN-M6,S,7,2025-02-19
103064,TORN-M8,S,26,2025-02-19
103065,TURC-M6,S,25,2025-02-19
103066,TURC-M8,S,20,2025-02-19
103067,BROD-4P,S,1,2025-02-20
103068,CLAV-3P,S,1,2025-02-20
103069,CODE-1P,S,8,2025-02-20
103070,DEST-PL6,S,2,2025-02-20
103071,ESMA-NG,S,1,2025-02-20
103072,FOCOS-L15,S,2,2025-02-20
103073,FOCOS-L9,S,2,2025-02-20
103074,MART-2A,S,2,2025-02-20
103075,PINT-BL,S,2,2025-02-20
103076,ROLLO-1,S,1,2025-02-20
103077,ROND-M6,S,14,2025-02-20
103078,ROND-M8,S,31,2025-02-20
103079,SIER-C1,S,1,2025-02-20
103080,SIER-HK,S,1,2025-02-20
103081,TOMA-SNC,S,6,2025-02-20
103082,TORN-M10,S,4,2025-02-20
103083,TORN-M4,S,4,2025-02-20
103084,TORN-M6,S,2,2025-02-20
103085,TORN-M8,S,6,2025-02-20
103086,TURC-M6,S,126,2025-02-20
103087,TURC-M8,S,69,2025-02-20
103088,CLAV-3P,E,150,2025-02-21
103089,BROD-4P,S,2,2025-02-21
103090,CODE-1P,S,2,2025-02-21
103091,ESMA-NG,S,2,2025-02-21
103092,FOCOS-L9,S,1,2025-02-21
103093,INTE-SNC,S,1,2025-02-21
103094,LLAV-12,S,1,2025-02-21
103095,MART-2A,S,1,2025-02-21
103096,PINT-BG,S,1,2025-02-21
103097,PINT-BL,S,5,2025-02-21
103098,ROND-M6,S,14,2025-02-21
103099,ROND-M8,S,11,2025-02-21
103100,SIER-HK,S,1,2025-02-21
103101,TOMA-DBL,S,1,2025-02-21
103102,TOMA-SNC,S,13,2025-02-21
103103,TORN-M10,S,6,2025-02-21
103104,TORN-M4,S,6,2025-02-21
103105,TORN-M6,S,4,2025-02-21
103106,TORN-M8,S,5,2025-02-21
103107,TURC-M6,S,38,2025-02-21
103108,TURC-M8,S,33,2025-02-21
103109,CINT-5M,E,20,2025-02-22
103110,CABL-12,S,6,2025-02-22
103111,CLAV-3P,S,2,2025-02-22
103112,CODE-1P,S,7,2025-02-22
103113,FOCOS-L9,S,8,2025-02-22
103114,INTE-SNC,S,1,2025-02-22
103115,NIVE-60,S,1,2025-02-22
103116,PINT-BG,S,1,2025-02-22
103117,PINT-BL,S,2,2025-02-22
103118,ROND-M6,S,69,2025-02-22
103119,ROND-M8,S,21,2025-02-22
103120,SIER-HK,S,2,2025-02-22
103121,TOMA-SNC,S,6,2025-02-22
103122,TORN-M10,S,1,2025-02-22
103123,TORN-M4,S,7,2025-02-22
103124,TORN-M6,S,3,2025-02-22
103125,TORN-M8,S,13,2025-02-22
103126,TURC-M6,S,49,2025-02-22
103127,TURC-M8,S,14,2025-02-22
103128,FOCOS-L15,E,100,2025-02-24
103129,PLIE-8P,E,12,2025-02-24
103130,TOMA-SNC,E,500,2025-02-24
103131,CODE-1P,S,6,2025-02-24
103132,CODE-2P,S,2,2025-02-24
103133,ESMA-NG,S,2,2025-02-24
103134,FOCOS-L15,S,2,2025-02-24
103135,FOCOS-L9,S,4,2025-02-24
103136,LIJAD-1,S,2,2025-02-24
103137,MART-2A,S,1,2025-02-24
103138,NIVE-60,S,1,2025-02-24
103139,PINT-BL,S,1,2025-02-24
103140,PLIE-8P,S,1,2025-02-24
103141,ROND-M6,S,18,2025-02-24
103142,ROND-M8,S,24,2025-02-24
103143,TOMA-SNC,S,12,2025-02-24
103144,TORN-M10,S,10,2025-02-24
103145,TORN-M4,S,9,2025-02-24
103146,TORN-M6,S,7,2025-02-24
103147,TORN-M8,S,14,2025-02-24
103148,TUBO-2P,S,20,2025-02-24
103149,TURC-M6,S,62,2025-02-24
103150,TURC-M8,S,34,2025-02-24
103151,CLAV-3P,S,3,2025-02-25
103152,CODE-1P,S,9,2025-02-25
103153,ESMA-NG,S,1,2025-02-25
103154,PINT-BG,S,1,2025-02-25
103155,PINT-BL,S,2,2025-02-25
103156,ROND-M6,S,69,2025-02-25
103157,ROND-M8,S,10,2025-02-25
103158,TOMA-SNC,S,4,2025-02-25
103159,TORN-M10,S,8,2025-02-25
103160,TORN-M4,S,4,2025-02-25
103161,TORN-M6,S,6,2025-02-25
103162,TORN-M8,S,21,2025-02-25
103163,TURC-M6,S,69,2025-02-25
103164,TURC-M8,S,46,2025-02-25
103165,CINT-5M,S,1,2025-02-26
103166,CLAV-3P,S,3,2025-02-26
103167,CODE-1P,S,4,2025-02-26
103168,ESMA-NG,S,1,2025-02-26
103169,FOCOS-L15,S,1,2025-02-26
103170,FOCOS-L9,S,1,2025-02-26
103171,LLAV-12,S,2,2025-02-26
103172,MART-2A,S,2,2025-02-26
103173,PINT-BL,S,3,2025-02-26
103174,PINT-GR,S,1,2025-02-26
103175,PLIE-8P,S,1,2025-02-26
103176,ROND-M6,S,15,2025-02-26
103177,ROND-M8,S,46,2025-02-26
103178,TOMA-SNC,S,1,2025-02-26
103179,TORN-M10,S,9,2025-02-26
103180,TORN-M4,S,2,2025-02-26
103181,TORN-M6,S,8,2025-02-26
103182,TORN-M8,S,19,2025-02-26
103183,TURC-M6,S,72,2025-02-26
103184,TURC-M8,S,28,2025-02-26
103185,NIVE-60,E,20,2025-02-27
103186,BROD-2P,S,1,2025-02-27
103187,CLAV-2P,S,1,2025-02-27
103188,CLAV-3P,S,10,2025-02-27
103189,CODE-1P,S,11,2025-02-27
103190,DEST-PH2,S,1,2025-02-27
103191,FOCOS-L9,S,2,2025-02-27
103192,LIJAD-1,S,1,2025-02-27
103193,ROND-M6,S,59,2025-02-27
103194,ROND-M8,S,36,2025-02-27
103195,SELL-TF,S,1,2025-02-27
103196,SIER-HK,S,1,2025-02-27
103197,TOMA-SNC,S,12,2025-02-27
103198,TORN-M10,S,3,2025-02-27
103199,TORN-M4,S,5,2025-02-27
103200,TORN-M6,S,1,2025-02-27
103201,TORN-M8,S,15,2025-02-27
103202,TURC-M6,S,40,2025-02-27
103203,TURC-M8,S,17,2025-02-27
103204,CINT-5M,S,1,2025-02-28
103205,CLAV-3P,S,2,2025-02-28
103206,CODE-1P,S,8,2025-02-28
103207,CODE-2P,S,1,2025-02-28
103208,DEST-PL6,S,1,2025-02-28
103209,FOCOS-L15,S,1,2025-02-28
103210,FOCOS-L9,S,5,2025-02-28
103211,NIVE-60,S,1,2025-02-28
103212,ROND-M6,S,7,2025-02-28
103213,ROND-M8,S,24,2025-02-28
103214,TOMA-DBL,S,1,2025-02-28
103215,TOMA-SNC,S,33,2025-02-28
103216,TORN-M10,S,13,2025-02-28
103217,TORN-M4,S,3,2025-02-28
103218,TORN-M6,S,4,2025-02-28
103219,TORN-M8,S,9,2025-02-28
103220,TURC-M6,S,48,2025-02-28
103221,TURC-M8,S,17,2025-02-28
103222,CINT-5M,S,1,2025-03-01
103223,CLAV-3P,S,1,2025-03-01
103224,CODE-1P,S,3,2025-03-01
103225,CODE-2P,S,4,2025-03-01
103226,DEST-PL6,S,1,2025-03-01
103227,FOCOS-L15,S,1,2025-03-01
103228,FOCOS-L9,S,1,2025-03-01
103229,LLAV-12,S,1,2025-03-01
103230,MART-2A,S,2,2025-03-01
103231,PINT-BG,S,2,2025-03-01
103232,PINT-BL,S,2,2025-03-01
103233,ROND-M6,S,18,2025-03-01
103234,ROND-M8,S,34,2025-03-01
103235,TALDR-1,S,1,2025-03-01
103236,TOMA-SNC,S,2,2025-03-01
103237,TORN-M10,S,8,2025-03-01
103238,TORN-M4,S,5,2025-03-01
103239,TORN-M6,S,3,2025-03-01
103240,TORN-M8,S,5,2025-03-01
103241,TURC-M6,S,22,2025-03-01
103242,TURC-M8,S,6,2025-03-01
103243,TUBO-2P,E,39,2025-03-03
103244,CLAV-3P,S,2,2025-03-03
103245,CODE-1P,S,4,2025-03-03
103246,DEST-PH2,S,1,2025-03-03
103247,ESMA-NG,S,1,2025-03-03
103248,FOCOS-L15,S,1,2025-03-03
103249,FOCOS-L9,S,2,2025-03-03
103250,LIJAD-1,S,1,2025-03-03
103251,NIVE-60,S,1,2025-03-03
103252,PINT-BL,S,6,2025-03-03
103253,ROND-M6,S,19,2025-03-03
103254,ROND-M8,S,52,2025-03-03
103255,SOPLA-1,S,1,2025-03-03
103256,TOMA-SNC,S,7,2025-03-03
103257,TORN-M4,S,6,2025-03-03
103258,TORN-M6,S,11,2025-03-03
103259,TORN-M8,S,6,2025-03-03
103260,TURC-M6,S,20,2025-03-03
103261,TURC-M8,S,67,2025-03-03
103262,CODE-1P,E,300,2025-03-04
103263,LLAV-12,E,35,2025-03-04
103264,CABL-12,S,7,2025-03-04
103265,CODE-1P,S,2,2025-03-04
103266,DEST-PL6,S,1,2025-03-04
103267,ESMA-NG,S,2,2025-03-04
103268,FOCOS-L9,S,6,2025-03-04
103269,LIJAD-1,S,1,2025-03-04
103270,MART-2A,S,1,2025-03-04
103271,PINT-BG,S,2,2025-03-04
103272,PINT-BL,S,1,2025-03-04
103273,PINT-GR,S,1,2025-03-04
103274,PLIE-6P,S,1,2025-03-04
103275,ROND-M6,S,1,2025-03-04
103276,ROND-M8,S,8,2025-03-04
103277,SELL-TF,S,4,2025-03-04
103278,TOMA-SNC,S,16,2025-03-04
103279,TORN-M10,S,16,2025-03-04
103280,TORN-M4,S,5,2025-03-04
103281,TORN-M6,S,2,2025-03-04
103282,TORN-M8,S,21,2025-03-04
103283,TURC-M6,S,152,2025-03-04
103284,TURC-M8,S,24,2025-03-04
103285,CLAV-3P,S,1,2025-03-05
103286,CODE-2P,S,1,2025-03-05
103287,DEST-PL6,S,1,2025-03-05
103288,FOCOS-L9,S,3,2025-03-05
103289,LLAV-12,S,1,2025-03-05
103290,MART-1A,S,1,2025-03-05
103291,MART-2A,S,2,2025-03-05
103292,PINT-BG,S,2,2025-03-05
103293,PINT-BL,S,1,2025-03-05
103294,PINT-GR,S,1,2025-03-05
103295,PLIE-8P,S,1,2025-03-05
103296,ROND-M6,S,37,2025-03-05
103297,ROND-M8,S,33,2025-03-05
103298,SELL-TF,S,1,2025-03-05
103299,TOMA-SNC,S,7,2025-03-05
103300,TORN-M10,S,3,2025-03-05
103301,TORN-M4,S,5,2025-03-05
103302,TORN-M6,S,2,2025-03-05
103303,TORN-M8,S,8,2025-03-05
103304,TURC-M6,S,39,2025-03-05
103305,TURC-M8,S,15,2025-03-05
103306,CINT-5M,S,1,2025-03-06
103307,CLAV-3P,S,2,2025-03-06
103308,CODE-1P,S,2,2025-03-06
103309,DEST-PH2,S,1,2025-03-06
103310,ESMA-NG,S,1,2025-03-06
103311,FOCOS-L9,S,2,2025-03-06
103312,LIJAD-1,S,1,2025-03-06
103313,PINT-BL,S,2,2025-03-06
103314,PINT-GR,S,1,2025-03-06
103315,PLIE-8P,S,1,2025-03-06
103316,ROND-M6,S,3,2025-03-06
103317,ROND-M8,S,41,2025-03-06
103318,SELL-TF,S,1,2025-03-06
103319,TOMA-SNC,S,14,2025-03-06
103320,TORN-M10,S,7,2025-03-06
103321,TORN-M4,S,9,2025-03-06
103322,TORN-M6,S,12,2025-03-06
103323,TORN-M8,S,18,2025-03-06
103324,TURC-M6,S,127,2025-03-06
103325,TURC-M8,S,32,2025-03-06
103326,PINT-BG,E,37,2025-03-07
103327,CLAV-3P,S,1,2025-03-07
103328,CODE-1P,S,6,2025-03-07
103329,ESMA-NG,S,2,2025-03-07
103330,ESMER-2,S,1,2025-03-07
103331,FOCOS-L9,S,1,2025-03-07
103332,LLAV-12,S,1,2025-03-07
103333,MART-2A,S,4,2025-03-07
103334,PINT-BL,S,9,2025-03-07
103335,PINT-GR,S,3,2025-03-07
103336,ROND-M6,S,29,2025-03-07
103337,ROND-M8,S,25,2025-03-07
103338,TABL-1P,S,1,2025-03-07
103339,TOMA-SNC,S,19,2025-03-07
103340,TORN-M10,S,4,2025-03-07
103341,TORN-M4,S,4,2025-03-07
103342,TORN-M6,S,2,2025-03-07
103343,TORN-M8,S,3,2025-03-07
103344,TUBO-1P,S,1,2025-03-07
103345,TURC-M6,S,130,2025-03-07
103346,TURC-M8,S,5,2025-03-07
103347,CABL-14,S,9,2025-03-08
103348,CLAV-3P,S,6,2025-03-08
103349,CODE-1P,S,5,2025-03-08
103350,LIJAD-1,S,2,2025-03-08
103351,MART-2A,S,1,2025-03-08
103352,PINT-BL,S,2,2025-03-08
103353,ROND-M6,S,17,2025-03-08
103354,ROND-M8,S,40,2025-03-08
103355,SELL-TF,S,1,2025-03-08
103356,TOMA-SNC,S,3,2025-03-08
103357,TORN-M10,S,5,2025-03-08
103358,TORN-M4,S,2,2025-03-08
103359,TORN-M6,S,4,2025-03-08
103360,TORN-M8,S,45,2025-03-08
103361,TURC-M6,S,99,2025-03-08
103362,TURC-M8,S,37,2025-03-08
103363,MART-2A,E,46,2025-03-10
103364,CINT-5M,S,1,2025-03-10
103365,CLAV-2P,S,1,2025-03-10
103366,CLAV-3P,S,4,2025-03-10
103367,CODE-1P,S,7,2025-03-10
103368,CODE-2P,S,3,2025-03-10
103369,DEST-PL6,S,1,2025-03-10
103370,FOCOS-L15,S,1,2025-03-10
103371,LIAV-10,S,1,2025-03-10
103372,LIJAD-1,S,1,2025-03-10
103373,LLAV-12,S,1,2025-03-10
103374,MART-2A,S,2,2025-03-10
103375,PINT-BL,S,3,2025-03-10
103376,PINT-GR,S,1,2025-03-10
103377,ROND-M6,S,53,2025-03-10
103378,ROND-M8,S,32,2025-03-10
103379,SELL-TF,S,2,2025-03-10
103380,TOMA-SNC,S,8,2025-03-10
103381,TORN-M10,S,12,2025-03-10
103382,TORN-M4,S,11,2025-03-10
103383,TORN-M6,S,1,2025-03-10
103384,TORN-M8,S,47,2025-03-10
103385,TURC-M6,S,28,2025-03-10
103386,TURC-M8,S,11,2025-03-10
103387,CLAV-3P,S,7,2025-03-11
103388,CODE-1P,S,2,2025-03-11
103389,CODE-2P,S,4,2025-03-11
103390,ESMA-NG,S,1,2025-03-11
103391,FOCOS-L9,S,1,2025-03-11
103392,LIJAD-1,S,1,2025-03-11
103393,MART-1A,S,1,2025-03-11
103394,PINT-BG,S,1,2025-03-11
103395,PINT-BL,S,5,2025-03-11
103396,ROND-M6,S,79,2025-03-11
103397,ROND-M8,S,48,2025-03-11
103398,SELL-TF,S,1,2025-03-11
103399,TOMA-SNC,S,23,2025-03-11
103400,TORN-M10,S,15,2025-03-11
103401,TORN-M4,S,11,2025-03-11
103402,TORN-M6,S,2,2025-03-11
103403,TORN-M8,S,7,2025-03-11
103404,TURC-M6,S,67,2025-03-11
103405,TURC-M8,S,38,2025-03-11
103406,SIER-C1,E,4,2025-03-12
103407,TURC-M8,E,1450,2025-03-12
103408,BROD-2P,S,1,2025-03-12
103409,CLAV-2P,S,1,2025-03-12
103410,CLAV-3P,S,5,2025-03-12
103411,CODE-1P,S,3,2025-03-12
103412,DEST-PL6,S,1,2025-03-12
103413,ESMA-NG,S,1,2025-03-12
103414,FOCOS-L9,S,5,2025-03-12
103415,MART-2A,S,1,2025-03-12
103416,NIVE-60,S,1,2025-03-12
103417,PINT-BG,S,4,2025-03-12
103418,PINT-BL,S,3,2025-03-12
103419,ROND-M6,S,37,2025-03-12
103420,ROND-M8,S,5,2025-03-12
103421,SIER-C1,S,2,2025-03-12
103422,TOMA-DBL,S,1,2025-03-12
103423,TOMA-SNC,S,14,2025-03-12
103424,TORN-M10,S,8,2025-03-12
103425,TORN-M4,S,1,2025-03-12
103426,TORN-M6,S,6,2025-03-12
103427,TORN-M8,S,14,2025-03-12
103428,TURC-M6,S,118,2025-03-12
103429,TURC-M8,S,9,2025-03-12
103430,BROD-4P,S,1,2025-03-13
103431,CINT-5M,S,1,2025-03-13
103432,CLAV-3P,S,4,2025-03-13
103433,CODE-1P,S,1,2025-03-13
103434,CODE-2P,S,2,2025-03-13
103435,ESMA-NG,S,1,2025-03-13
103436,FOCOS-L15,S,1,2025-03-13
103437,FOCOS-L9,S,2,2025-03-13
103438,LIJAD-1,S,3,2025-03-13
103439,PINT-BG,S,1,2025-03-13
103440,PINT-GR,S,1,2025-03-13
103441,ROND-M6,S,3,2025-03-13
103442,TOMA-SNC,S,8,2025-03-13
103443,TORN-M10,S,2,2025-03-13
103444,TORN-M4,S,8,2025-03-13
103445,TORN-M6,S,3,2025-03-13
103446,TORN-M8,S,10,2025-03-13
103447,TURC-M6,S,25,2025-03-13
103448,TURC-M8,S,50,2025-03-13
103449,CLAV-3P,S,4,2025-03-14
103450,CODE-1P,S,2,2025-03-14
103451,CODE-2P,S,1,2025-03-14
103452,DEST-PL6,S,3,2025-03-14
103453,FOCOS-L15,S,1,2025-03-14
103454,FOCOS-L9,S,3,2025-03-14
103455,LIAV-10,S,1,2025-03-14
103456,MART-2A,S,1,2025-03-14
103457,PINT-BG,S,1,2025-03-14
103458,PINT-BL,S,4,2025-03-14
103459,PLIE-8P,S,1,2025-03-14
103460,ROND-M6,S,29,2025-03-14
103461,ROND-M8,S,8,2025-03-14
103462,TOMA-SNC,S,10,2025-03-14
103463,TORN-M10,S,12,2025-03-14
103464,TORN-M4,S,7,2025-03-14
103465,TORN-M6,S,3,2025-03-14
103466,TORN-M8,S,16,2025-03-14
103467,TURC-M6,S,200,2025-03-14
103468,TURC-M8,S,11,2025-03-14
103469,DEST-PL6,E,30,2025-03-15
103470,CLAV-3P,S,1,2025-03-15
103471,CODE-1P,S,15,2025-03-15
103472,CODE-2P,S,1,2025-03-15
103473,ESMA-NG,S,1,2025-03-15
103474,FOCOS-L15,S,3,2025-03-15
103475,LIJAD-1,S,1,2025-03-15
103476,PINT-BL,S,3,2025-03-15
103477,PINT-GR,S,1,2025-03-15
103478,ROLLO-1,S,1,2025-03-15
103479,ROND-M6,S,9,2025-03-15
103480,ROND-M8,S,2,2025-03-15
103481,SELL-TF,S,1,2025-03-15
103482,SIER-C1,S,1,2025-03-15
103483,TALDR-2,S,1,2025-03-15
103484,TOMA-SNC,S,11,2025-03-15
103485,TORN-M10,S,6,2025-03-15
103486,TORN-M4,S,2,2025-03-15
103487,TORN-M8,S,6,2025-03-15
103488,TURC-M6,S,27,2025-03-15
103489,TURC-M8,S,35,2025-03-15
103490,CLAV-3P,S,9,2025-03-17
103491,CODE-1P,S,5,2025-03-17
103492,CODE-2P,S,2,2025-03-17
103493,ESMA-BL,S,1,2025-03-17
103494,ESMA-NG,S,1,2025-03-17
103495,LIJAD-1,S,2,2025-03-17
103496,MART-2A,S,1,2025-03-17
103497,PINT-BL,S,3,2025-03-17
103498,ROND-M6,S,37,2025-03-17
103499,ROND-M8,S,21,2025-03-17
103500,SOPLA-1,S,1,2025-03-17
103501,TOMA-SNC,S,17,2025-03-17
103502,TORN-M10,S,6,2025-03-17
103503,TORN-M4,S,1,2025-03-17
103504,TORN-M6,S,4,2025-03-17
103505,TORN-M8,S,30,2025-03-17
103506,TURC-M6,S,50,2025-03-17
103507,TURC-M8,S,25,2025-03-17
103508,TORN-M10,E,450,2025-03-18
103509,CABL-12,S,11,2025-03-18
103510,CLAV-3P,S,2,2025-03-18
103511,CODE-1P,S,8,2025-03-18
103512,CODE-2P,S,1,2025-03-18
103513,DEST-PL6,S,2,2025-03-18
103514,FOCOS-L15,S,3,2025-03-18
103515,LIJAD-1,S,3,2025-03-18
103516,LLAV-12,S,2,2025-03-18
103517,NIVE-60,S,1,2025-03-18
103518,PINT-BL,S,6,2025-03-18
103519,ROND-M6,S,28,2025-03-18
103520,ROND-M8,S,7,2025-03-18
103521,SELL-TF,S,1,2025-03-18
103522,SIER-HK,S,1,2025-03-18
103523,SOPLA-1,S,1,2025-03-18
103524,TALDR-1,S,1,2025-03-18
103525,TOMA-DBL,S,1,2025-03-18
103526,TOMA-SNC,S,4,2025-03-18
103527,TORN-M10,S,2,2025-03-18
103528,TORN-M4,S,5,2025-03-18
103529,TORN-M6,S,7,2025-03-18
103530,TORN-M8,S,2,2025-03-18
103531,TURC-M6,S,41,2025-03-18
103532,TURC-M8,S,24,2025-03-18
103533,PINT-BL,E,195,2025-03-19
103534,ROND-M6,E,2050,2025-03-19
103535,CLAV-2P,S,2,2025-03-19
103536,CLAV-3P,S,2,2025-03-19
103537,CODE-1P,S,4,2025-03-19
103538,FOCOS-L9,S,3,2025-03-19
103539,INTE-SNC,S,1,2025-03-19
103540,LIAV-10,S,1,2025-03-19
103541,LLAV-12,S,1,2025-03-19
103542,MART-2A,S,8,2025-03-19
103543,NIVE-60,S,1,2025-03-19
103544,PINT-BL,S,2,2025-03-19
103545,PINT-GR,S,2,2025-03-19
103546,ROND-M6,S,33,2025-03-19
103547,ROND-M8,S,47,2025-03-19
103548,SIER-C1,S,1,2025-03-19
103549,TOMA-SNC,S,1,2025-03-19
103550,TORN-M4,S,1,2025-03-19
103551,TORN-M6,S,8,2025-03-19
103552,TORN-M8,S,13,2025-03-19
103553,TURC-M6,S,78,2025-03-19
103554,TURC-M8,S,58,2025-03-19
103555,CLAV-3P,S,2,2025-03-20
103556,CODE-1P,S,1,2025-03-20
103557,CODE-2P,S,1,2025-03-20
103558,FOCOS-L9,S,1,2025-03-20
103559,LIAV-10,S,1,2025-03-20
103560,LIJAD-1,S,2,2025-03-20
103561,MART-2A,S,1,2025-03-20
103562,NIVE-60,S,1,2025-03-20
103563,PINT-BL,S,2,2025-03-20
103564,ROLLO-1,S,1,2025-03-20
103565,ROND-M6,S,2,2025-03-20
103566,ROND-M8,S,15,2025-03-20
103567,TOMA-SNC,S,19,2025-03-20
103568,TORN-M10,S,2,2025-03-20
103569,TORN-M4,S,2,2025-03-20
103570,TORN-M6,S,6,2025-03-20
103571,TORN-M8,S,8,2025-03-20
103572,TUBO-1P,S,1,2025-03-20
103573,TURC-M6,S,161,2025-03-20
103574,TURC-M8,S,44,2025-03-20
103575,CLAV-2P,S,1,2025-03-21
103576,CLAV-3P,S,1,2025-03-21
103577,CODE-1P,S,5,2025-03-21
103578,CODE-2P,S,1,2025-03-21
103579,ESMA-NG,S,1,2025-03-21
103580,FOCOS-L15,S,1,2025-03-21
103581,FOCOS-L9,S,2,2025-03-21
103582,LLAV-12,S,1,2025-03-21
103583,MART-2A,S,3,2025-03-21
103584,PINT-BG,S,1,2025-03-21
103585,PINT-BL,S,1,2025-03-21
103586,ROND-M6,S,14,2025-03-21
103587,ROND-M8,S,1,2025-03-21
103588,SELL-TF,S,2,2025-03-21
103589,TOMA-SNC,S,19,2025-03-21
103590,TORN-M10,S,10,2025-03-21
103591,TORN-M4,S,1,2025-03-21
103592,TORN-M6,S,2,2025-03-21
103593,TORN-M8,S,5,2025-03-21
103594,TURC-M6,S,16,2025-03-21
103595,TURC-M8,S,51,2025-03-21
103596,CINT-5M,S,1,2025-03-22
103597,CLAV-3P,S,3,2025-03-22
103598,CODE-1P,S,3,2025-03-22
103599,CODE-2P,S,1,2025-03-22
103600,DEST-PL6,S,1,2025-03-22
103601,ESMA-NG,S,2,2025-03-22
103602,LIJAD-1,S,2,2025-03-22
103603,MART-2A,S,1,2025-03-22
103604,PINT-BG,S,1,2025-03-22
103605,PINT-BL,S,8,2025-03-22
103606,ROND-M6,S,20,2025-03-22
103607,ROND-M8,S,48,2025-03-22
103608,TOMA-SNC,S,1,2025-03-22
103609,TORN-M10,S,18,2025-03-22
103610,TORN-M4,S,6,2025-03-22
103611,TORN-M6,S,8,2025-03-22
103612,TORN-M8,S,7,2025-03-22
103613,TURC-M6,S,73,2025-03-22
103614,TURC-M8,S,6,2025-03-22
103615,TORN-M8,E,700,2025-03-24
103616,TURC-M6,E,3000,2025-03-24
103617,CINT-5M,S,1,2025-03-24
103618,CLAV-3P,S,1,2025-03-24
103619,CODE-1P,S,1,2025-03-24
103620,CODE-2P,S,1,2025-03-24
103621,DEST-PL6,S,1,2025-03-24
103622,ESMA-NG,S,1,2025-03-24
103623,FOCOS-L9,S,2,2025-03-24
103624,LIJAD-1,S,1,2025-03-24
103625,LLAV-12,S,1,2025-03-24
103626,MART-2A,S,1,2025-03-24
103627,PINT-BG,S,1,2025-03-24
103628,PINT-BL,S,4,2025-03-24
103629,ROND-M6,S,32,2025-03-24
103630,ROND-M8,S,11,2025-03-24
103631,TOMA-SNC,S,9,2025-03-24
103632,TORN-M10,S,8,2025-03-24
103633,TORN-M4,S,3,2025-03-24
103634,TORN-M6,S,4,2025-03-24
103635,TORN-M8,S,25,2025-03-24
103636,TURC-M6,S,62,2025-03-24
103637,TURC-M8,S,7,2025-03-24
103638,ROLLO-1,E,20,2025-03-25
103639,CINT-5M,S,1,2025-03-25
103640,CLAV-3P,S,2,2025-03-25
103641,CODE-1P,S,5,2025-03-25
103642,CODE-2P,S,1,2025-03-25
103643,DEST-PL6,S,1,2025-03-25
103644,INTE-SNC,S,1,2025-03-25
103645,MART-1A,S,1,2025-03-25
103646,PINT-BG,S,1,2025-03-25
103647,PINT-BL,S,8,2025-03-25
103648,ROND-M6,S,17,2025-03-25
103649,ROND-M8,S,18,2025-03-25
103650,SELL-TF,S,1,2025-03-25
103651,TOMA-DBL,S,1,2025-03-25
103652,TORN-M10,S,47,2025-03-25
103653,TORN-M4,S,2,2025-03-25
103654,TORN-M6,S,2,2025-03-25
103655,TORN-M8,S,3,2025-03-25
103656,TURC-M6,S,101,2025-03-25
103657,TURC-M8,S,7,2025-03-25
103658,CINT-5M,S,2,2025-03-26
103659,CLAV-3P,S,4,2025-03-26
103660,CODE-1P,S,2,2025-03-26
103661,CODE-2P,S,3,2025-03-26
103662,ESMA-NG,S,2,2025-03-26
103663,LIJAD-1,S,2,2025-03-26
103664,MART-1A,S,1,2025-03-26
103665,NIVE-60,S,2,2025-03-26
103666,PINT-BG,S,1,2025-03-26
103667,ROND-M6,S,37,2025-03-26
103668,ROND-M8,S,6,2025-03-26
103669,TOMA-DBL,S,1,2025-03-26
103670,TOMA-SNC,S,2,2025-03-26
103671,TORN-M10,S,6,2025-03-26
103672,TORN-M4,S,2,2025-03-26
103673,TORN-M6,S,1,2025-03-26
103674,TORN-M8,S,29,2025-03-26
103675,TURC-M6,S,151,2025-03-26
103676,TURC-M8,S,26,2025-03-26
103677,CODE-2P,E,120,2025-03-27
103678,BROD-4P,S,1,2025-03-27
103679,CLAV-3P,S,4,2025-03-27
103680,CODE-2P,S,1,2025-03-27
103681,DEST-PL6,S,1,2025-03-27
103682,ESMER-1,S,1,2025-03-27
103683,FOCOS-L9,S,3,2025-03-27
103684,MART-2A,S,3,2025-03-27
103685,PINT-BL,S,12,2025-03-27
103686,PINT-GR,S,1,2025-03-27
103687,ROND-M6,S,4,2025-03-27
103688,ROND-M8,S,27,2025-03-27
103689,TOMA-SNC,S,3,2025-03-27
103690,TORN-M10,S,2,2025-03-27
103691,TORN-M4,S,10,2025-03-27
103692,TORN-M6,S,4,2025-03-27
103693,TORN-M8,S,2,2025-03-27
103694,TURC-M6,S,36,2025-03-27
103695,TURC-M8,S,8,2025-03-27
103696,BROD-4P,S,1,2025-03-28
103697,CLAV-3P,S,8,2025-03-28
103698,CODE-1P,S,6,2025-03-28
103699,CODE-2P,S,2,2025-03-28
103700,ESMA-NG,S,1,2025-03-28
103701,FOCOS-L15,S,1,2025-03-28
103702,FOCOS-L9,S,1,2025-03-28
103703,LIJAD-1,S,2,2025-03-28
103704,PINT-BG,S,2,2025-03-28
103705,PINT-BL,S,5,2025-03-28
103706,ROND-M6,S,10,2025-03-28
103707,ROND-M8,S,17,2025-03-28
103708,SELL-TF,S,1,2025-03-28
103709,SIER-C1,S,1,2025-03-28
103710,SIER-HK,S,1,2025-03-28
103711,TOMA-SNC,S,3,2025-03-28
103712,TORN-M10,S,10,2025-03-28
103713,TORN-M4,S,1,2025-03-28
103714,TORN-M6,S,13,2025-03-28
103715,TORN-M8,S,7,2025-03-28
103716,TURC-M6,S,80,2025-03-28
103717,TURC-M8,S,19,2025-03-28
103718,LIJAD-1,E,40,2025-03-29
103719,BROD-4P,S,1,2025-03-29
103720,ESMA-NG,S,2,2025-03-29
103721,ESMER-1,S,1,2025-03-29
103722,FOCOS-L15,S,2,2025-03-29
103723,FOCOS-L9,S,3,2025-03-29
103724,MART-1A,S,1,2025-03-29
103725,MART-2A,S,3,2025-03-29
103726,PINT-BG,S,1,2025-03-29
103727,PINT-BL,S,5,2025-03-29
103728,PINT-GR,S,1,2025-03-29
103729,ROND-M6,S,19,2025-03-29
103730,ROND-M8,S,56,2025-03-29
103731,SIER-HK,S,1,2025-03-29
103732,TOMA-SNC,S,2,2025-03-29
103733,TORN-M10,S,2,2025-03-29
103734,TORN-M4,S,9,2025-03-29
103735,TORN-M8,S,2,2025-03-29
103736,TUBO-2P,S,21,2025-03-29
103737,TURC-M6,S,81,2025-03-29
103738,TURC-M8,S,11,2025-03-29
103739,CLAV-3P,S,1,2025-03-31
103740,CODE-1P,S,2,2025-03-31
103741,FOCOS-L15,S,1,2025-03-31
103742,FOCOS-L9,S,5,2025-03-31
103743,MART-1A,S,1,2025-03-31
103744,NIVE-60,S,1,2025-03-31
103745,PINT-BG,S,1,2025-03-31
103746,PINT-BL,S,7,2025-03-31
103747,PINT-GR,S,1,2025-03-31
103748,ROND-M6,S,61,2025-03-31
103749,ROND-M8,S,23,2025-03-31
103750,SELL-TF,S,3,2025-03-31
103751,TOMA-DBL,S,1,2025-03-31
103752,TOMA-SNC,S,20,2025-03-31
103753,TORN-M10,S,5,2025-03-31
103754,TORN-M4,S,3,2025-03-31
103755,TORN-M6,S,4,2025-03-31
103756,TORN-M8,S,11,2025-03-31
103757,TUBO-1P,S,1,2025-03-31
103758,TURC-M6,S,27,2025-03-31
103759,TURC-M8,S,8,2025-03-31
103760,SOPLA-1,E,4,2025-04-01
103761,CINT-5M,S,1,2025-04-01
103762,CLAV-3P,S,5,2025-04-01
103763,CODE-1P,S,4,2025-04-01
103764,CODE-2P,S,2,2025-04-01
103765,FOCOS-L9,S,4,2025-04-01
103766,LIAV-10,S,1,2025-04-01
103767,LLAV-12,S,3,2025-04-01
103768,PINT-BG,S,2,2025-04-01
103769,PINT-BL,S,5,2025-04-01
103770,ROND-M6,S,53,2025-04-01
103771,ROND-M8,S,32,2025-04-01
103772,SELL-TF,S,1,2025-04-01
103773,TOMA-DBL,S,2,2025-04-01
103774,TORN-M10,S,8,2025-04-01
103775,TORN-M4,S,1,2025-04-01
103776,TORN-M6,S,6,2025-04-01
103777,TORN-M8,S,6,2025-04-01
103778,TURC-M6,S,65,2025-04-01
103779,TURC-M8,S,3,2025-04-01
103780,SIER-HK,E,16,2025-04-02
103781,CABL-12,S,8,2025-04-02
103782,CLAV-3P,S,2,2025-04-02
103783,CODE-1P,S,2,2025-04-02
103784,FOCOS-L9,S,1,2025-04-02
103785,INTE-SNC,S,1,2025-04-02
103786,LIJAD-1,S,1,2025-04-02
103787,LLAV-12,S,1,2025-04-02
103788,NIVE-60,S,1,2025-04-02
103789,ROLLO-1,S,1,2025-04-02
103790,ROND-M6,S,29,2025-04-02
103791,ROND-M8,S,15,2025-04-02
103792,SIER-HK,S,1,2025-04-02
103793,TOMA-SNC,S,6,2025-04-02
103794,TORN-M10,S,5,2025-04-02
103795,TORN-M4,S,7,2025-04-02
103796,TORN-M6,S,4,2025-04-02
103797,TORN-M8,S,3,2025-04-02
103798,TURC-M6,S,108,2025-04-02
103799,TURC-M8,S,54,2025-04-02
103800,ROND-M8,E,1850,2025-04-03
103801,BROD-4P,S,1,2025-04-03
103802,CLAV-2P,S,1,2025-04-03
103803,CLAV-3P,S,2,2025-04-03
103804,CODE-1P,S,2,2025-04-03
103805,MART-1A,S,1,2025-04-03
103806,NIVE-60,S,1,2025-04-03
103807,PINT-BL,S,4,2025-04-03
103808,ROND-M6,S,30,2025-04-03
103809,ROND-M8,S,28,2025-04-03
103810,SELL-TF,S,1,2025-04-03
103811,TABL-2P,S,9,2025-04-03
103812,TOMA-SNC,S,3,2025-04-03
103813,TORN-M10,S,4,2025-04-03
103814,TORN-M4,S,11,2025-04-03
103815,TORN-M6,S,4,2025-04-03
103816,TORN-M8,S,8,2025-04-03
103817,TURC-M6,S,109,2025-04-03
103818,TURC-M8,S,36,2025-04-03
103819,CLAV-3P,S,3,2025-04-04
103820,CODE-1P,S,3,2025-04-04
103821,DEST-PL6,S,1,2025-04-04
103822,ESMA-NG,S,1,2025-04-04
103823,FOCOS-L15,S,1,2025-04-04
103824,FOCOS-L9,S,3,2025-04-04
103825,LIJAD-1,S,1,2025-04-04
103826,LLAV-12,S,1,2025-04-04
103827,MART-1A,S,1,2025-04-04
103828,MART-2A,S,1,2025-04-04
103829,PINT-BL,S,6,2025-04-04
103830,PLIE-6P,S,1,2025-04-04
103831,ROLLO-1,S,1,2025-04-04
103832,ROND-M6,S,31,2025-04-04
103833,ROND-M8,S,51,2025-04-04
103834,TOMA-SNC,S,4,2025-04-04
103835,TORN-M10,S,12,2025-04-04
103836,TORN-M4,S,4,2025-04-04
103837,TORN-M6,S,10,2025-04-04
103838,TORN-M8,S,8,2025-04-04
103839,TUBO-1P,S,1,2025-04-04
103840,TURC-M6,S,58,2025-04-04
103841,TURC-M8,S,30,2025-04-04
103842,CLAV-3P,S,2,2025-04-05
103843,CODE-1P,S,5,2025-04-05
103844,CODE-2P,S,1,2025-04-05
103845,DEST-PH2,S,1,2025-04-05
103846,ESMA-BL,S,1,2025-04-05
103847,ESMA-NG,S,1,2025-04-05
103848,FOCOS-L15,S,1,2025-04-05
103849,FOCOS-L9,S,2,2025-04-05
103850,MART-1A,S,1,2025-04-05
103851,NIVE-60,S,2,2025-04-05
103852,PINT-BL,S,4,2025-04-05
103853,ROND-M6,S,47,2025-04-05
103854,ROND-M8,S,68,2025-04-05
103855,SELL-TF,S,1,2025-04-05
103856,TOMA-SNC,S,5,2025-04-05
103857,TORN-M10,S,5,2025-04-05
103858,TORN-M4,S,4,2025-04-05
103859,TORN-M6,S,7,2025-04-05
103860,TORN-M8,S,7,2025-04-05
103861,TUBO-1P,S,1,2025-04-05
103862,TURC-M6,S,72,2025-04-05
103863,TURC-M8,S,13,2025-04-05
103864,ESMA-NG,E,42,2025-04-07
103865,SIER-C1,E,4,2025-04-07
103866,CLAV-2P,S,1,2025-04-07
103867,CLAV-3P,S,5,2025-04-07
103868,CODE-2P,S,1,2025-04-07
103869,ESMA-NG,S,1,2025-04-07
103870,FOCOS-L15,S,3,2025-04-07
103871,FOCOS-L9,S,2,2025-04-07
103872,MART-2A,S,3,2025-04-07
103873,PINT-BL,S,4,2025-04-07
103874,PLIE-6P,S,1,2025-04-07
103875,ROND-M6,S,4,2025-04-07
103876,ROND-M8,S,32,2025-04-07
103877,SELL-TF,S,2,2025-04-07
103878,TOMA-SNC,S,10,2025-04-07
103879,TORN-M10,S,14,2025-04-07
103880,TORN-M4,S,5,2025-04-07
103881,TORN-M6,S,3,2025-04-07
103882,TORN-M8,S,15,2025-04-07
103883,TUBO-1P,S,1,2025-04-07
103884,TURC-M6,S,53,2025-04-07
103885,TURC-M8,S,1,2025-04-07
103886,CLAV-3P,S,2,2025-04-08
103887,CODE-1P,S,1,2025-04-08
103888,FOCOS-L9,S,1,2025-04-08
103889,INTE-SNC,S,1,2025-04-08
103890,LLAV-12,S,3,2025-04-08
103891,PINT-BL,S,3,2025-04-08
103892,ROND-M6,S,63,2025-04-08
103893,ROND-M8,S,19,2025-04-08
103894,TOMA-DBL,S,1,2025-04-08
103895,TOMA-SNC,S,11,2025-04-08
103896,TORN-M4,S,5,2025-04-08
103897,TORN-M6,S,5,2025-04-08
103898,TORN-M8,S,21,2025-04-08
103899,TUBO-1P,S,1,2025-04-08
103900,TURC-M6,S,11,2025-04-08
103901,TURC-M8,S,29,2025-04-08
103902,FOCOS-L9,E,120,2025-04-09
103903,CLAV-3P,S,5,2025-04-09
103904,CODE-1P,S,7,2025-04-09
103905,DEST-PL6,S,1,2025-04-09
103906,ESMA-NG,S,1,2025-04-09
103907,FOCOS-L15,S,1,2025-04-09
103908,FOCOS-L9,S,2,2025-04-09
103909,LIAV-10,S,1,2025-04-09
103910,LIJAD-1,S,2,2025-04-09
103911,PINT-BG,S,1,2025-04-09
103912,PINT-BL,S,2,2025-04-09
103913,PLIE-6P,S,1,2025-04-09
103914,ROND-M6,S,17,2025-04-09
103915,ROND-M8,S,1,2025-04-09
103916,TOMA-SNC,S,13,2025-04-09
103917,TORN-M10,S,2,2025-04-09
103918,TORN-M4,S,5,2025-04-09
103919,TORN-M6,S,4,2025-04-09
103920,TORN-M8,S,4,2025-04-09
103921,TURC-M6,S,36,2025-04-09
103922,TURC-M8,S,27,2025-04-09
103923,CINT-5M,S,1,2025-04-10
103924,CLAV-3P,S,3,2025-04-10
103925,CODE-1P,S,4,2025-04-10
103926,DEST-PL6,S,1,2025-04-10
103927,LLAV-12,S,1,2025-04-10
103928,MART-2A,S,1,2025-04-10
103929,PINT-BL,S,8,2025-04-10
103930,ROND-M6,S,60,2025-04-10
103931,ROND-M8,S,70,2025-04-10
103932,TOMA-DBL,S,4,2025-04-10
103933,TOMA-SNC,S,6,2025-04-10
103934,TORN-M10,S,14,2025-04-10
103935,TORN-M4,S,2,2025-04-10
103936,TORN-M6,S,2,2025-04-10
103937,TORN-M8,S,20,2025-04-10
103938,TURC-M6,S,53,2025-04-10
103939,TURC-M8,S,20,2025-04-10
103940,CODE-1P,S,5,2025-04-11
103941,CODE-2P,S,2,2025-04-11
103942,DEST-PL6,S,1,2025-04-11
103943,ESMA-NG,S,2,2025-04-11
103944,FOCOS-L15,S,1,2025-04-11
103945,FOCOS-L9,S,2,2025-04-11
103946,INTE-SNC,S,1,2025-04-11
103947,LIJAD-1,S,3,2025-04-11
103948,MART-2A,S,3,2025-04-11
103949,NIVE-60,S,1,2025-04-11
103950,PINT-BG,S,1,2025-04-11
103951,PINT-BL,S,2,2025-04-11
103952,ROND-M6,S,26,2025-04-11
103953,ROND-M8,S,43,2025-04-11
103954,SELL-TF,S,1,2025-04-11
103955,TOMA-DBL,S,1,2025-04-11
103956,TOMA-SNC,S,10,2025-04-11
103957,TORN-M10,S,8,2025-04-11
103958,TORN-M4,S,7,2025-04-11
103959,TORN-M6,S,7,2025-04-11
103960,TORN-M8,S,5,2025-04-11
103961,TURC-M6,S,51,2025-04-11
103962,TURC-M8,S,5,2025-04-11
103963,BROD-4P,S,1,2025-04-12
103964,CALAD-1,S,1,2025-04-12
103965,CINT-5M,S,1,2025-04-12
103966,CLAV-3P,S,7,2025-04-12
103967,CODE-1P,S,12,2025-04-12
103968,CODE-2P,S,1,2025-04-12
103969,ESMA-NG,S,1,2025-04-12
103970,ESMER-1,S,1,2025-04-12
103971,FOCOS-L15,S,1,2025-04-12
103972,FOCOS-L9,S,5,2025-04-12
103973,LIJAD-1,S,2,2025-04-12
103974,LLAV-12,S,3,2025-04-12
103975,PINT-BG,S,1,2025-04-12
103976,PINT-BL,S,12,2025-04-12
103977,ROND-M6,S,56,2025-04-12
103978,ROND-M8,S,44,2025-04-12
103979,SIER-HK,S,1,2025-04-12
103980,TOMA-SNC,S,11,2025-04-12
103981,TORN-M10,S,2,2025-04-12
103982,TORN-M4,S,2,2025-04-12
103983,TORN-M6,S,2,2025-04-12
103984,TORN-M8,S,5,2025-04-12
103985,TURC-M6,S,7,2025-04-12
103986,TURC-M8,S,14,2025-04-12
103987,BROD-4P,S,3,2025-04-14
103988,CLAV-3P,S,1,2025-04-14
103989,CODE-1P,S,13,2025-04-14
103990,FOCOS-L15,S,5,2025-04-14
103991,FOCOS-L9,S,3,2025-04-14
103992,LIAV-10,S,3,2025-04-14
103993,LLAV-12,S,1,2025-04-14
103994,MART-2A,S,1,2025-04-14
103995,PINT-BL,S,8,2025-04-14
103996,ROND-M6,S,21,2025-04-14
103997,ROND-M8,S,61,2025-04-14
103998,TOMA-SNC,S,11,2025-04-14
103999,TORN-M10,S,4,2025-04-14
104000,TORN-M4,S,7,2025-04-14
104001,TORN-M6,S,5,2025-04-14
104002,TORN-M8,S,12,2025-04-14
104003,TURC-M6,S,56,2025-04-14
104004,TURC-M8,S,15,2025-04-14
104005,CLAV-3P,S,4,2025-04-15
104006,CODE-1P,S,12,2025-04-15
104007,CODE-2P,S,2,2025-04-15
104008,DEST-PH2,S,2,2025-04-15
104009,PINT-BL,S,2,2025-04-15
104010,PLIE-6P,S,1,2025-04-15
104011,ROND-M6,S,15,2025-04-15
104012,ROND-M8,S,36,2025-04-15
104013,SELL-TF,S,1,2025-04-15
104014,TOMA-SNC,S,1,2025-04-15
104015,TORN-M10,S,16,2025-04-15
104016,TORN-M4,S,4,2025-04-15
104017,TORN-M6,S,5,2025-04-15
104018,TORN-M8,S,13,2025-04-15
104019,TURC-M6,S,69,2025-04-15
104020,TURC-M8,S,62,2025-04-15
104021,CLAV-3P,S,5,2025-04-16
104022,CODE-1P,S,4,2025-04-16
104023,CODE-2P,S,1,2025-04-16
104024,ESMA-NG,S,1,2025-04-16
104025,FOCOS-L15,S,1,2025-04-16
104026,INTE-SNC,S,1,2025-04-16
104027,LIJAD-1,S,1,2025-04-16
104028,PINT-BG,S,1,2025-04-16
104029,ROND-M6,S,33,2025-04-16
104030,ROND-M8,S,12,2025-04-16
104031,TOMA-DBL,S,1,2025-04-16
104032,TOMA-SNC,S,7,2025-04-16
104033,TORN-M10,S,2,2025-04-16
104034,TORN-M4,S,5,2025-04-16
104035,TORN-M6,S,13,2025-04-16
104036,TORN-M8,S,9,2025-04-16
104037,TURC-M6,S,69,2025-04-16
104038,TURC-M8,S,34,2025-04-16
104039,BROD-4P,S,1,2025-04-17
104040,CLAV-3P,S,4,2025-04-17
104041,CODE-1P,S,1,2025-04-17
104042,DEST-PH2,S,2,2025-04-17
104043,DEST-PL6,S,1,2025-04-17
104044,ESMA-NG,S,1,2025-04-17
104045,FOCOS-L15,S,2,2025-04-17
104046,FOCOS-L9,S,2,2025-04-17
104047,LIAV-10,S,2,2025-04-17
104048,LIJAD-1,S,2,2025-04-17
104049,MART-2A,S,2,2025-04-17
104050,PINT-BL,S,16,2025-04-17
104051,PLIE-6P,S,2,2025-04-17
104052,ROND-M6,S,30,2025-04-17
104053,ROND-M8,S,24,2025-04-17
104054,TOMA-DBL,S,1,2025-04-17
104055,TOMA-SNC,S,9,2025-04-17
104056,TORN-M10,S,2,2025-04-17
104057,TORN-M4,S,5,2025-04-17
104058,TORN-M8,S,7,2025-04-17
104059,TURC-M6,S,78,2025-04-17
104060,TURC-M8,S,56,2025-04-17
104061,CLAV-3P,S,1,2025-04-18
104062,CODE-1P,S,15,2025-04-18
104063,ESMA-NG,S,1,2025-04-18
104064,FOCOS-L9,S,2,2025-04-18
104065,LLAV-12,S,1,2025-04-18
104066,MART-2A,S,3,2025-04-18
104067,PINT-BL,S,1,2025-04-18
104068,PINT-GR,S,1,2025-04-18
104069,PLIE-6P,S,1,2025-04-18
104070,ROND-M6,S,6,2025-04-18
104071,ROND-M8,S,16,2025-04-18
104072,SELL-TF,S,1,2025-04-18
104073,TOMA-SNC,S,3,2025-04-18
104074,TORN-M10,S,7,2025-04-18
104075,TORN-M4,S,1,2025-04-18
104076,TORN-M6,S,2,2025-04-18
104077,TORN-M8,S,6,2025-04-18
104078,TUBO-1P,S,1,2025-04-18
104079,TURC-M6,S,56,2025-04-18
104080,TURC-M8,S,6,2025-04-18
104081,CINT-5M,S,2,2025-04-19
104082,CLAV-3P,S,2,2025-04-19
104083,CODE-1P,S,6,2025-04-19
104084,DEST-PH2,S,1,2025-04-19
104085,ESMA-NG,S,5,2025-04-19
104086,FOCOS-L15,S,3,2025-04-19
104087,FOCOS-L9,S,3,2025-04-19
104088,INTE-SNC,S,1,2025-04-19
104089,MART-2A,S,3,2025-04-19
104090,PINT-BG,S,1,2025-04-19
104091,PINT-BL,S,1,2025-04-19
104092,ROND-M6,S,23,2025-04-19
104093,ROND-M8,S,29,2025-04-19
104094,SELL-TF,S,5,2025-04-19
104095,TALDR-1,S,1,2025-04-19
104096,TORN-M10,S,1,2025-04-19
104097,TORN-M4,S,5,2025-04-19
104098,TORN-M6,S,12,2025-04-19
104099,TORN-M8,S,12,2025-04-19
104100,TUBO-1P,S,2,2025-04-19
104101,TUBO-2P,S,22,2025-04-19
104102,TURC-M6,S,64,2025-04-19
104103,TURC-M8,S,12,2025-04-19
104104,INTE-SNC,E,100,2025-04-21
104105,CALAD-1,S,1,2025-04-21
104106,CINT-5M,S,1,2025-04-21
104107,CLAV-3P,S,8,2025-04-21
104108,CODE-1P,S,2,2025-04-21
104109,CODE-2P,S,3,2025-04-21
104110,DEST-PL6,S,1,2025-04-21
104111,FOCOS-L15,S,1,2025-04-21
104112,LLAV-12,S,2,2025-04-21
104113,PINT-BL,S,1,2025-04-21
104114,ROND-M6,S,43,2025-04-21
104115,ROND-M8,S,62,2025-04-21
104116,SELL-TF,S,1,2025-04-21
104117,SIER-HK,S,1,2025-04-21
104118,TOMA-SNC,S,5,2025-04-21
104119,TORN-M10,S,10,2025-04-21
104120,TORN-M4,S,1,2025-04-21
104121,TORN-M6,S,2,2025-04-21
104122,TORN-M8,S,21,2025-04-21
104123,TURC-M6,S,37,2025-04-21
104124,TURC-M8,S,13,2025-04-21
104125,BROD-2P,S,1,2025-04-22
104126,CABL-12,S,9,2025-04-22
104127,CINT-5M,S,1,2025-04-22
104128,CODE-1P,S,1,2025-04-22
104129,FOCOS-L9,S,1,2025-04-22
104130,INTE-SNC,S,1,2025-04-22
104131,LIJAD-1,S,1,2025-04-22
104132,LLAV-12,S,1,2025-04-22
104133,MART-2A,S,1,2025-04-22
104134,PINT-BG,S,1,2025-04-22
104135,PINT-BL,S,9,2025-04-22
104136,PINT-GR,S,1,2025-04-22
104137,PLIE-6P,S,1,2025-04-22
104138,ROND-M6,S,28,2025-04-22
104139,ROND-M8,S,15,2025-04-22
104140,SELL-TF,S,1,2025-04-22
104141,SIER-C1,S,1,2025-04-22
104142,SIER-HK,S,2,2025-04-22
104143,SOPLA-1,S,1,2025-04-22
104144,TOMA-SNC,S,9,2025-04-22
104145,TORN-M10,S,21,2025-04-22
104146,TORN-M4,S,2,2025-04-22
104147,TORN-M6,S,5,2025-04-22
104148,TUBO-2P,S,3,2025-04-22
104149,TURC-M6,S,48,2025-04-22
104150,TURC-M8,S,54,2025-04-22
104151,CLAV-3P,E,145,2025-04-23
104152,BROD-4P,S,1,2025-04-23
104153,CLAV-2P,S,1,2025-04-23
104154,CODE-1P,S,3,2025-04-23
104155,CODE-2P,S,3,2025-04-23
104156,DEST-PH2,S,1,2025-04-23
104157,ESMA-NG,S,2,2025-04-23
104158,FOCOS-L9,S,1,2025-04-23
104159,INTE-SNC,S,1,2025-04-23
104160,LIAV-10,S,1,2025-04-23
104161,LIJAD-1,S,3,2025-04-23
104162,MART-1A,S,1,2025-04-23
104163,MART-2A,S,1,2025-04-23
104164,NIVE-60,S,1,2025-04-23
104165,PINT-BL,S,4,2025-04-23
104166,PINT-GR,S,1,2025-04-23
104167,ROND-M6,S,10,2025-04-23
104168,ROND-M8,S,10,2025-04-23
104169,SIER-HK,S,1,2025-04-23
104170,TOMA-SNC,S,13,2025-04-23
104171,TORN-M10,S,7,2025-04-23
104172,TORN-M4,S,5,2025-04-23
104173,TORN-M8,S,11,2025-04-23
104174,TUBO-1P,S,1,2025-04-23
104175,TURC-M6,S,65,2025-04-23
104176,TURC-M8,S,68,2025-04-23
104177,CLAV-3P,S,3,2025-04-24
104178,CODE-1P,S,13,2025-04-24
104179,DEST-PH2,S,1,2025-04-24
104180,ESMA-NG,S,2,2025-04-24
104181,FOCOS-L15,S,1,2025-04-24
104182,FOCOS-L9,S,1,2025-04-24
104183,INTE-SNC,S,1,2025-04-24
104184,NIVE-60,S,1,2025-04-24
104185,PINT-BG,S,1,2025-04-24
104186,PINT-BL,S,3,2025-04-24
104187,PINT-GR,S,1,2025-04-24
104188,PLIE-8P,S,1,2025-04-24
104189,ROLLO-1,S,1,2025-04-24
104190,ROND-M6,S,3,2025-04-24
104191,ROND-M8,S,33,2025-04-24
104192,SELL-TF,S,3,2025-04-24
104193,SOPLA-1,S,2,2025-04-24
104194,TOMA-DBL,S,1,2025-04-24
104195,TOMA-SNC,S,5,2025-04-24
104196,TORN-M10,S,1,2025-04-24
104197,TORN-M4,S,2,2025-04-24
104198,TORN-M6,S,1,2025-04-24
104199,TORN-M8,S,9,2025-04-24
104200,TURC-M6,S,117,2025-04-24
104201,TURC-M8,S,21,2025-04-24
104202,CLAV-2P,S,1,2025-04-25
104203,CLAV-3P,S,2,2025-04-25
104204,CODE-1P,S,2,2025-04-25
104205,FOCOS-L15,S,2,2025-04-25
104206,FOCOS-L9,S,2,2025-04-25
104207,LIJAD-1,S,2,2025-04-25
104208,LLAV-12,S,3,2025-04-25
104209,PINT-BG,S,1,2025-04-25
104210,PINT-BL,S,9,2025-04-25
104211,PLIE-6P,S,1,2025-04-25
104212,PLIE-8P,S,1,2025-04-25
104213,ROND-M6,S,49,2025-04-25
104214,ROND-M8,S,42,2025-04-25
104215,TOMA-SNC,S,18,2025-04-25
104216,TORN-M10,S,10,2025-04-25
104217,TORN-M4,S,1,2025-04-25
104218,TORN-M6,S,3,2025-04-25
104219,TORN-M8,S,4,2025-04-25
104220,TURC-M6,S,8,2025-04-25
104221,TURC-M8,S,6,2025-04-25
104222,LIAV-10,E,17,2025-04-26
104223,BROD-4P,S,1,2025-04-26
104224,CABL-12,S,11,2025-04-26
104225,CLAV-2P,S,1,2025-04-26
104226,CLAV-3P,S,2,2025-04-26
104227,CODE-1P,S,2,2025-04-26
104228,DEST-PH2,S,1,2025-04-26
104229,ESMA-NG,S,3,2025-04-26
104230,FOCOS-L15,S,1,2025-04-26
104231,MART-2A,S,3,2025-04-26
104232,PINT-BG,S,1,2025-04-26
104233,PINT-BL,S,11,2025-04-26
104234,PINT-GR,S,1,2025-04-26
104235,ROND-M6,S,8,2025-04-26
104236,ROND-M8,S,13,2025-04-26
104237,SIER-HK,S,1,2025-04-26
104238,TOMA-SNC,S,3,2025-04-26
104239,TORN-M10,S,13,2025-04-26
104240,TORN-M4,S,1,2025-04-26
104241,TORN-M6,S,4,2025-04-26
104242,TORN-M8,S,14,2025-04-26
104243,TURC-M6,S,9,2025-04-26
104244,TURC-M8,S,7,2025-04-26
104245,MART-2A,E,47,2025-04-28
104246,TUBO-2P,E,43,2025-04-28
104247,CABL-12,S,11,2025-04-28
104248,CLAV-3P,S,2,2025-04-28
104249,CODE-1P,S,18,2025-04-28
104250,CODE-2P,S,1,2025-04-28
104251,DEST-PH2,S,1,2025-04-28
104252,FOCOS-L9,S,3,2025-04-28
104253,MART-2A,S,1,2025-04-28
104254,NIVE-60,S,1,2025-04-28
104255,PINT-BL,S,7,2025-04-28
104256,PINT-GR,S,1,2025-04-28
104257,ROND-M6,S,19,2025-04-28
104258,ROND-M8,S,10,2025-04-28
104259,TOMA-DBL,S,2,2025-04-28
104260,TOMA-SNC,S,6,2025-04-28
104261,TORN-M10,S,7,2025-04-28
104262,TORN-M6,S,5,2025-04-28
104263,TORN-M8,S,7,2025-04-28
104264,TURC-M6,S,103,2025-04-28
104265,TURC-M8,S,18,2025-04-28
104266,CABL-12,E,52,2025-04-29
104267,CLAV-2P,S,1,2025-04-29
104268,CODE-2P,S,2,2025-04-29
104269,DEST-PL6,S,1,2025-04-29
104270,FOCOS-L9,S,4,2025-04-29
104271,LLAV-12,S,1,2025-04-29
104272,MART-1A,S,1,2025-04-29
104273,MART-2A,S,5,2025-04-29
104274,PINT-BL,S,4,2025-04-29
104275,PLIE-8P,S,1,2025-04-29
104276,ROND-M6,S,13,2025-04-29
104277,ROND-M8,S,42,2025-04-29
104278,SELL-TF,S,1,2025-04-29
104279,TOMA-SNC,S,6,2025-04-29
104280,TORN-M10,S,6,2025-04-29
104281,TORN-M4,S,6,2025-04-29
104282,TORN-M6,S,7,2025-04-29
104283,TORN-M8,S,29,2025-04-29
104284,TURC-M6,S,27,2025-04-29
104285,TURC-M8,S,17,2025-04-29
104286,CABL-12,S,9,2025-04-30
104287,CINT-5M,S,1,2025-04-30
104288,CLAV-2P,S,1,2025-04-30
104289,CLAV-3P,S,9,2025-04-30
104290,CODE-1P,S,1,2025-04-30
104291,DEST-PH2,S,1,2025-04-30
104292,ESMA-NG,S,2,2025-04-30
104293,FOCOS-L9,S,6,2025-04-30
104294,LLAV-12,S,3,2025-04-30
104295,MART-2A,S,2,2025-04-30
104296,PINT-BG,S,1,2025-04-30
104297,PINT-BL,S,2,2025-04-30
104298,PLIE-6P,S,1,2025-04-30
104299,ROND-M6,S,101,2025-04-30
104300,ROND-M8,S,14,2025-04-30
104301,TOMA-SNC,S,19,2025-04-30
104302,TORN-M10,S,2,2025-04-30
104303,TORN-M6,S,2,2025-04-30
104304,TORN-M8,S,29,2025-04-30
104305,TURC-M6,S,97,2025-04-30
104306,TURC-M8,S,40,2025-04-30
104307,TOMA-SNC,E,490,2025-05-01
104308,CINT-5M,S,1,2025-05-01
104309,CLAV-3P,S,12,2025-05-01
104310,CODE-1P,S,6,2025-05-01
104311,CODE-2P,S,3,2025-05-01
104312,ESMA-NG,S,1,2025-05-01
104313,LIAV-10,S,1,2025-05-01
104314,LIJAD-1,S,1,2025-05-01
104315,LLAV-12,S,2,2025-05-01
104316,MART-2A,S,2,2025-05-01
104317,NIVE-60,S,1,2025-05-01
104318,PINT-BL,S,2,2025-05-01
104319,ROND-M6,S,24,2025-05-01
104320,ROND-M8,S,16,2025-05-01
104321,SELL-TF,S,1,2025-05-01
104322,TOMA-DBL,S,1,2025-05-01
104323,TOMA-SNC,S,5,2025-05-01
104324,TORN-M10,S,12,2025-05-01
104325,TORN-M4,S,8,2025-05-01
104326,TORN-M6,S,13,2025-05-01
104327,TORN-M8,S,7,2025-05-01
104328,TURC-M6,S,9,2025-05-01
104329,TURC-M8,S,22,2025-05-01
104330,BROD-4P,S,1,2025-05-02
104331,CABL-12,S,10,2025-05-02
104332,CLAV-2P,S,1,2025-05-02
104333,CLAV-3P,S,4,2025-05-02
104334,CODE-1P,S,2,2025-05-02
104335,CODE-2P,S,1,2025-05-02
104336,DEST-PH2,S,1,2025-05-02
104337,INTE-SNC,S,1,2025-05-02
104338,LLAV-12,S,1,2025-05-02
104339,PINT-BL,S,4,2025-05-02
104340,ROND-M6,S,11,2025-05-02
104341,ROND-M8,S,43,2025-05-02
104342,SELL-TF,S,1,2025-05-02
104343,TORN-M10,S,4,2025-05-02
104344,TORN-M4,S,1,2025-05-02
104345,TORN-M8,S,18,2025-05-02
104346,TURC-M6,S,53,2025-05-02
104347,TURC-M8,S,31,2025-05-02
104348,PLIE-6P,E,16,2025-05-03
104349,CLAV-3P,S,4,2025-05-03
104350,CODE-1P,S,2,2025-05-03
104351,CODE-2P,S,3,2025-05-03
104352,FOCOS-L15,S,1,2025-05-03
104353,LIJAD-1,S,2,2025-05-03
104354,PINT-BL,S,2,2025-05-03
104355,PINT-GR,S,1,2025-05-03
104356,ROLLO-1,S,1,2025-05-03
104357,ROND-M6,S,23,2025-05-03
104358,ROND-M8,S,51,2025-05-03
104359,TOMA-SNC,S,11,2025-05-03
104360,TORN-M10,S,13,2025-05-03
104361,TORN-M4,S,10,2025-05-03
104362,TORN-M6,S,5,2025-05-03
104363,TORN-M8,S,8,2025-05-03
104364,TURC-M6,S,50,2025-05-03
104365,TURC-M8,S,14,2025-05-03
104366,MART-1A,E,20,2025-05-05
104367,PINT-BL,E,195,2025-05-05
104368,PINT-GR,E,30,2025-05-05
104369,BROD-2P,S,1,2025-05-05
104370,CABL-12,S,10,2025-05-05
104371,CLAV-2P,S,2,2025-05-05
104372,CLAV-3P,S,10,2025-05-05
104373,CODE-1P,S,11,2025-05-05
104374,CODE-2P,S,1,2025-05-05
104375,DEST-PH2,S,1,2025-05-05
104376,ESMA-NG,S,1,2025-05-05
104377,FOCOS-L15,S,1,2025-05-05
104378,FOCOS-L9,S,1,2025-05-05
104379,LIAV-10,S,1,2025-05-05
104380,LIJAD-1,S,1,2025-05-05
104381,MART-2A,S,1,2025-05-05
104382,NIVE-60,S,1,2025-05-05
104383,PINT-BL,S,9,2025-05-05
104384,PLIE-6P,S,1,2025-05-05
104385,ROND-M6,S,10,2025-05-05
104386,ROND-M8,S,8,2025-05-05
104387,SELL-TF,S,1,2025-05-05
104388,TOMA-SNC,S,7,2025-05-05
104389,TORN-M4,S,8,2025-05-05
104390,TORN-M6,S,6,2025-05-05
104391,TORN-M8,S,12,2025-05-05
104392,TURC-M6,S,81,2025-05-05
104393,TURC-M8,S,55,2025-05-05
104394,CLAV-3P,S,2,2025-05-06
104395,CODE-1P,S,4,2025-05-06
104396,CODE-2P,S,2,2025-05-06
104397,FOCOS-L9,S,2,2025-05-06
104398,LIJAD-1,S,1,2025-05-06
104399,PINT-BG,S,2,2025-05-06
104400,PINT-BL,S,9,2025-05-06
104401,PLIE-8P,S,1,2025-05-06
104402,ROND-M6,S,26,2025-05-06
104403,ROND-M8,S,13,2025-05-06
104404,SELL-TF,S,1,2025-05-06
104405,TOMA-SNC,S,5,2025-05-06
104406,TORN-M10,S,4,2025-05-06
104407,TORN-M4,S,8,2025-05-06
104408,TORN-M6,S,5,2025-05-06
104409,TORN-M8,S,3,2025-05-06
104410,TUBO-1P,S,1,2025-05-06
104411,TURC-M6,S,102,2025-05-06
104412,TURC-M8,S,31,2025-05-06
104413,CINT-5M,S,1,2025-05-07
104414,CLAV-3P,S,3,2025-05-07
104415,CODE-1P,S,3,2025-05-07
104416,DEST-PL6,S,1,2025-05-07
104417,FOCOS-L9,S,2,2025-05-07
104418,PINT-BG,S,2,2025-05-07
104419,PINT-BL,S,1,2025-05-07
104420,ROND-M6,S,84,2025-05-07
104421,ROND-M8,S,5,2025-05-07
104422,TABL-1P,S,1,2025-05-07
104423,TOMA-DBL,S,1,2025-05-07
104424,TOMA-SNC,S,6,2025-05-07
104425,TORN-M10,S,2,2025-05-07
104426,TORN-M4,S,27,2025-05-07
104427,TORN-M6,S,14,2025-05-07
104428,TORN-M8,S,23,2025-05-07
104429,TUBO-1P,S,1,2025-05-07
104430,TURC-M6,S,129,2025-05-07
104431,TURC-M8,S,25,2025-05-07
104432,LLAV-12,E,35,2025-05-08
104433,CLAV-2P,S,2,2025-05-08
104434,CLAV-3P,S,3,2025-05-08
104435,CODE-1P,S,1,2025-05-08
104436,CODE-2P,S,1,2025-05-08
104437,DEST-PH2,S,1,2025-05-08
104438,FOCOS-L15,S,2,2025-05-08
104439,FOCOS-L9,S,2,2025-05-08
104440,LIJAD-1,S,2,2025-05-08
104441,PINT-BL,S,2,2025-05-08
104442,ROND-M8,S,11,2025-05-08
104443,SELL-TF,S,1,2025-05-08
104444,TOMA-SNC,S,8,2025-05-08
104445,TORN-M10,S,1,2025-05-08
104446,TORN-M4,S,4,2025-05-08
104447,TORN-M6,S,3,2025-05-08
104448,TORN-M8,S,11,2025-05-08
104449,TURC-M6,S,32,2025-05-08
104450,TURC-M8,S,20,2025-05-08
104451,DEST-PH2,E,30,2025-05-09
104452,SOPLA-1,E,4,2025-05-09
104453,CLAV-3P,S,1,2025-05-09
104454,CODE-1P,S,3,2025-05-09
104455,ESMA-NG,S,1,2025-05-09
104456,ESMER-1,S,1,2025-05-09
104457,FOCOS-L15,S,2,2025-05-09
104458,FOCOS-L9,S,1,2025-05-09
104459,LIAV-10,S,1,2025-05-09
104460,LIJAD-1,S,1,2025-05-09
104461,LLAV-12,S,1,2025-05-09
104462,NIVE-60,S,1,2025-05-09
104463,ROLLO-1,S,1,2025-05-09
104464,ROND-M6,S,10,2025-05-09
104465,ROND-M8,S,27,2025-05-09
104466,SIER-HK,S,1,2025-05-09
104467,TALDR-1,S,1,2025-05-09
104468,TOMA-SNC,S,14,2025-05-09
104469,TORN-M10,S,5,2025-05-09
104470,TORN-M4,S,4,2025-05-09
104471,TORN-M6,S,10,2025-05-09
104472,TORN-M8,S,26,2025-05-09
104473,TURC-M6,S,20,2025-05-09
104474,TURC-M8,S,6,2025-05-09
104475,CINT-5M,E,20,2025-05-10
104476,CLAV-3P,S,1,2025-05-10
104477,CODE-1P,S,5,2025-05-10
104478,CODE-2P,S,4,2025-05-10
104479,ESMA-NG,S,2,2025-05-10
104480,LLAV-12,S,2,2025-05-10
104481,MART-2A,S,2,2025-05-10
104482,PINT-BL,S,3,2025-05-10
104483,PLIE-6P,S,1,2025-05-10
104484,ROND-M6,S,46,2025-05-10
104485,ROND-M8,S,44,2025-05-10
104486,TOMA-SNC,S,15,2025-05-10
104487,TORN-M4,S,5,2025-05-10
104488,TORN-M6,S,15,2025-05-10
104489,TORN-M8,S,14,2025-05-10
104490,TURC-M6,S,89,2025-05-10
104491,TURC-M8,S,19,2025-05-10
104492,NIVE-60,E,20,2025-05-12
104493,BROD-4P,S,1,2025-05-12
104494,CABL-12,S,15,2025-05-12
104495,CLAV-3P,S,2,2025-05-12
104496,CODE-1P,S,4,2025-05-12
104497,CODE-2P,S,3,2025-05-12
104498,ESMA-NG,S,1,2025-05-12
104499,FOCOS-L15,S,1,2025-05-12
104500,FOCOS-L9,S,3,2025-05-12
104501,INTE-SNC,S,1,2025-05-12
104502,MART-1A,S,1,2025-05-12
104503,PINT-BL,S,5,2025-05-12
104504,PLIE-6P,S,2,2025-05-12
104505,ROND-M6,S,12,2025-05-12
104506,ROND-M8,S,17,2025-05-12
104507,SELL-TF,S,1,2025-05-12
104508,TOMA-SNC,S,24,2025-05-12
104509,TORN-M10,S,13,2025-05-12
104510,TORN-M4,S,8,2025-05-12
104511,TORN-M6,S,7,2025-05-12
104512,TORN-M8,S,2,2025-05-12
104513,TURC-M6,S,87,2025-05-12
104514,TURC-M8,S,75,2025-05-12
104515,CINT-5M,S,2,2025-05-13
104516,CLAV-3P,S,2,2025-05-13
104517,CODE-1P,S,2,2025-05-13
104518,CODE-2P,S,1,2025-05-13
104519,DEST-PH2,S,1,2025-05-13
104520,DEST-PL6,S,1,2025-05-13
104521,ESMA-NG,S,1,2025-05-13
104522,FOCOS-L15,S,1,2025-05-13
104523,FOCOS-L9,S,3,2025-05-13
104524,LLAV-12,S,1,2025-05-13
104525,MART-1A,S,1,2025-05-13
104526,PINT-BG,S,2,2025-05-13
104527,PINT-GR,S,1,2025-05-13
104528,ROND-M6,S,54,2025-05-13
104529,ROND-M8,S,27,2025-05-13
104530,SELL-TF,S,1,2025-05-13
104531,TOMA-SNC,S,7,2025-05-13
104532,TORN-M10,S,5,2025-05-13
104533,TORN-M4,S,13,2025-05-13
104534,TORN-M6,S,14,2025-05-13
104535,TORN-M8,S,2,2025-05-13
104536,TURC-M6,S,28,2025-05-13
104537,TURC-M8,S,14,2025-05-13
104538,CLAV-3P,S,6,2025-05-14
104539,CODE-1P,S,14,2025-05-14
104540,CODE-2P,S,1,2025-05-14
104541,FOCOS-L15,S,2,2025-05-14
104542,MART-2A,S,1,2025-05-14
104543,NIVE-60,S,1,2025-05-14
104544,PINT-BL,S,6,2025-05-14
104545,ROND-M6,S,42,2025-05-14
104546,ROND-M8,S,22,2025-05-14
104547,TOMA-DBL,S,1,2025-05-14
104548,TOMA-SNC,S,3,2025-05-14
104549,TORN-M10,S,10,2025-05-14
104550,TORN-M4,S,5,2025-05-14
104551,TORN-M6,S,8,2025-05-14
104552,TORN-M8,S,2,2025-05-14
104553,TURC-M6,S,53,2025-05-14
104554,TURC-M8,S,18,2025-05-14
104555,TUBO-1P,E,30,2025-05-15
104556,CLAV-3P,S,6,2025-05-15
104557,CODE-1P,S,6,2025-05-15
104558,CODE-2P,S,2,2025-05-15
104559,ESMA-NG,S,2,2025-05-15
104560,FOCOS-L15,S,1,2025-05-15
104561,FOCOS-L9,S,4,2025-05-15
104562,LIAV-10,S,1,2025-05-15
104563,PINT-BG,S,1,2025-05-15
104564,PINT-BL,S,1,2025-05-15
104565,PINT-GR,S,1,2025-05-15
104566,PLIE-8P,S,1,2025-05-15
104567,ROND-M6,S,46,2025-05-15
104568,ROND-M8,S,9,2025-05-15
104569,SELL-TF,S,2,2025-05-15
104570,TOMA-DBL,S,1,2025-05-15
104571,TOMA-SNC,S,3,2025-05-15
104572,TORN-M10,S,4,2025-05-15
104573,TORN-M4,S,4,2025-05-15
104574,TORN-M6,S,1,2025-05-15
104575,TURC-M6,S,119,2025-05-15
104576,TURC-M8,S,26,2025-05-15
104577,BROD-2P,S,1,2025-05-16
104578,CINT-5M,S,1,2025-05-16
104579,CLAV-2P,S,1,2025-05-16
104580,CLAV-3P,S,1,2025-05-16
104581,CODE-1P,S,5,2025-05-16
104582,CODE-2P,S,4,2025-05-16
104583,ESMA-NG,S,1,2025-05-16
104584,FOCOS-L9,S,1,2025-05-16
104585,LIAV-10,S,1,2025-05-16
104586,LLAV-12,S,1,2025-05-16
104587,MART-2A,S,3,2025-05-16
104588,PINT-BG,S,1,2025-05-16
104589,PINT-BL,S,3,2025-05-16
104590,ROND-M6,S,29,2025-05-16
104591,ROND-M8,S,17,2025-05-16
104592,TABL-2P,S,6,2025-05-16
104593,TOMA-SNC,S,19,2025-05-16
104594,TORN-M10,S,12,2025-05-16
104595,TORN-M4,S,3,2025-05-16
104596,TORN-M6,S,4,2025-05-16
104597,TORN-M8,S,10,2025-05-16
104598,TURC-M6,S,49,2025-05-16
104599,TURC-M8,S,46,2025-05-16
104600,CLAV-2P,E,60,2025-05-17
104601,CINT-5M,S,2,2025-05-17
104602,CLAV-3P,S,4,2025-05-17
104603,CODE-1P,S,4,2025-05-17
104604,CODE-2P,S,3,2025-05-17
104605,DEST-PL6,S,1,2025-05-17
104606,ESMA-BL,S,1,2025-05-17
104607,ESMA-NG,S,2,2025-05-17
104608,FOCOS-L9,S,1,2025-05-17
104609,LLAV-12,S,2,2025-05-17
104610,MART-1A,S,1,2025-05-17
104611,MART-2A,S,1,2025-05-17
104612,PINT-BL,S,7,2025-05-17
104613,ROND-M6,S,29,2025-05-17
104614,ROND-M8,S,50,2025-05-17
104615,TOMA-SNC,S,4,2025-05-17
104616,TORN-M10,S,2,2025-05-17
104617,TORN-M4,S,3,2025-05-17
104618,TORN-M6,S,2,2025-05-17
104619,TORN-M8,S,5,2025-05-17
104620,TUBO-2P,S,26,2025-05-17
104621,TURC-M6,S,67,2025-05-17
104622,TURC-M8,S,19,2025-05-17
104623,CABL-12,E,55,2025-05-19
104624,TORN-M6,E,800,2025-05-19
104625,TURC-M8,E,1450,2025-05-19
104626,CLAV-3P,S,2,2025-05-19
104627,CODE-1P,S,1,2025-05-19
104628,CODE-2P,S,1,2025-05-19
104629,ESMA-NG,S,1,2025-05-19
104630,FOCOS-L15,S,4,2025-05-19
104631,LIAV-10,S,1,2025-05-19
104632,LIJAD-1,S,1,2025-05-19
104633,LLAV-12,S,1,2025-05-19
104634,PINT-BL,S,3,2025-05-19
104635,PINT-GR,S,1,2025-05-19
104636,PLIE-6P,S,1,2025-05-19
104637,ROND-M6,S,37,2025-05-19
104638,ROND-M8,S,5,2025-05-19
104639,TOMA-DBL,S,1,2025-05-19
104640,TOMA-SNC,S,12,2025-05-19
104641,TORN-M10,S,9,2025-05-19
104642,TORN-M4,S,2,2025-05-19
104643,TORN-M6,S,7,2025-05-19
104644,TORN-M8,S,38,2025-05-19
104645,TURC-M6,S,31,2025-05-19
104646,TURC-M8,S,12,2025-05-19
104647,CODE-1P,E,300,2025-05-20
104648,CINT-5M,S,2,2025-05-20
104649,CLAV-2P,S,1,2025-05-20
104650,CLAV-3P,S,3,2025-05-20
104651,CODE-1P,S,4,2025-05-20
104652,CODE-2P,S,1,2025-05-20
104653,ESMER-2,S,1,2025-05-20
104654,FOCOS-L9,S,1,2025-05-20
104655,LIJAD-1,S,1,2025-05-20
104656,LLAV-12,S,3,2025-05-20
104657,MART-2A,S,1,2025-05-20
104658,PINT-BG,S,1,2025-05-20
104659,PINT-BL,S,3,2025-05-20
104660,PINT-GR,S,2,2025-05-20
104661,ROND-M6,S,60,2025-05-20
104662,ROND-M8,S,28,2025-05-20
104663,SELL-TF,S,4,2025-05-20
104664,TOMA-SNC,S,19,2025-05-20
104665,TORN-M10,S,13,2025-05-20
104666,TORN-M4,S,6,2025-05-20
104667,TORN-M6,S,7,2025-05-20
104668,TORN-M8,S,4,2025-05-20
104669,TURC-M6,S,121,2025-05-20
104670,TURC-M8,S,37,2025-05-20
104671,TABL-2P,E,15,2025-05-21
104672,BROD-4P,S,1,2025-05-21
104673,CODE-1P,S,5,2025-05-21
104674,CODE-2P,S,3,2025-05-21
104675,DEST-PL6,S,1,2025-05-21
104676,ESMA-NG,S,2,2025-05-21
104677,FOCOS-L9,S,3,2025-05-21
104678,MART-2A,S,2,2025-05-21
104679,PINT-BL,S,6,2025-05-21
104680,ROND-M6,S,24,2025-05-21
104681,ROND-M8,S,6,2025-05-21
104682,TOMA-SNC,S,7,2025-05-21
104683,TORN-M10,S,4,2025-05-21
104684,TORN-M4,S,3,2025-05-21
104685,TORN-M6,S,6,2025-05-21
104686,TORN-M8,S,6,2025-05-21
104687,TUBO-1P,S,1,2025-05-21
104688,TURC-M6,S,42,2025-05-21
104689,TURC-M8,S,39,2025-05-21
104690,PINT-BG,E,38,2025-05-22
104691,BROD-4P,S,1,2025-05-22
104692,CLAV-2P,S,1,2025-05-22
104693,CLAV-3P,S,1,2025-05-22
104694,CODE-1P,S,7,2025-05-22
104695,ESMA-NG,S,1,2025-05-22
104696,FOCOS-L15,S,4,2025-05-22
104697,FOCOS-L9,S,1,2025-05-22
104698,MART-2A,S,1,2025-05-22
104699,PINT-BL,S,4,2025-05-22
104700,ROND-M6,S,25,2025-05-22
104701,ROND-M8,S,38,2025-05-22
104702,SIER-C1,S,1,2025-05-22
104703,TOMA-SNC,S,31,2025-05-22
104704,TORN-M10,S,6,2025-05-22
104705,TORN-M4,S,14,2025-05-22
104706,TORN-M6,S,6,2025-05-22
104707,TORN-M8,S,28,2025-05-22
104708,TUBO-1P,S,1,2025-05-22
104709,TURC-M6,S,60,2025-05-22
104710,TURC-M8,S,45,2025-05-22
104711,TURC-M6,E,3000,2025-05-23
104712,CINT-5M,S,1,2025-05-23
104713,CLAV-3P,S,2,2025-05-23
104714,CODE-1P,S,11,2025-05-23
104715,CODE-2P,S,2,2025-05-23
104716,FOCOS-L9,S,3,2025-05-23
104717,LLAV-12,S,1,2025-05-23
104718,MART-2A,S,3,2025-05-23
104719,PINT-BG,S,1,2025-05-23
104720,PINT-BL,S,1,2025-05-23
104721,PINT-GR,S,1,2025-05-23
104722,ROND-M6,S,30,2025-05-23
104723,ROND-M8,S,10,2025-05-23
104724,SIER-HK,S,1,2025-05-23
104725,TOMA-SNC,S,1,2025-05-23
104726,TORN-M10,S,15,2025-05-23
104727,TORN-M4,S,7,2025-05-23
104728,TORN-M6,S,1,2025-05-23
104729,TORN-M8,S,15,2025-05-23
104730,TURC-M6,S,32,2025-05-23
104731,TURC-M8,S,28,2025-05-23
104732,CLAV-3P,S,1,2025-05-24
104733,CODE-1P,S,4,2025-05-24
104734,CODE-2P,S,1,2025-05-24
104735,DEST-PL6,S,1,2025-05-24
104736,FOCOS-L15,S,3,2025-05-24
104737,FOCOS-L9,S,2,2025-05-24
104738,LIJAD-1,S,1,2025-05-24
104739,LLAV-12,S,1,2025-05-24
104740,MART-1A,S,1,2025-05-24
104741,PINT-BG,S,3,2025-05-24
104742,ROLLO-1,S,1,2025-05-24
104743,ROND-M6,S,17,2025-05-24
104744,ROND-M8,S,25,2025-05-24
104745,SOPLA-1,S,1,2025-05-24
104746,TOMA-SNC,S,1,2025-05-24
104747,TORN-M10,S,3,2025-05-24
104748,TORN-M4,S,2,2025-05-24
104749,TORN-M6,S,16,2025-05-24
104750,TORN-M8,S,24,2025-05-24
104751,TURC-M6,S,18,2025-05-24
104752,TURC-M8,S,14,2025-05-24
104753,BROD-4P,S,1,2025-05-26
104754,CLAV-3P,S,1,2025-05-26
104755,CODE-1P,S,7,2025-05-26
104756,LLAV-12,S,1,2025-05-26
104757,MART-2A,S,1,2025-05-26
104758,NIVE-60,S,2,2025-05-26
104759,PINT-BG,S,3,2025-05-26
104760,PINT-BL,S,4,2025-05-26
104761,ROND-M6,S,30,2025-05-26
104762,ROND-M8,S,18,2025-05-26
104763,SELL-TF,S,3,2025-05-26
104764,TOMA-SNC,S,2,2025-05-26
104765,TORN-M10,S,7,2025-05-26
104766,TORN-M4,S,3,2025-05-26
104767,TORN-M6,S,1,2025-05-26
104768,TORN-M8,S,4,2025-05-26
104769,TURC-M6,S,123,2025-05-26
104770,TURC-M8,S,2,2025-05-26
104771,TORN-M10,E,450,2025-05-27
104772,CLAV-3P,S,3,2025-05-27
104773,CODE-1P,S,11,2025-05-27
104774,ESMA-NG,S,1,2025-05-27
104775,FOCOS-L15,S,1,2025-05-27
104776,FOCOS-L9,S,4,2025-05-27
104777,INTE-SNC,S,1,2025-05-27
104778,LIJAD-1,S,3,2025-05-27
104779,MART-2A,S,1,2025-05-27
104780,NIVE-60,S,1,2025-05-27
104781,PINT-BG,S,1,2025-05-27
104782,PINT-BL,S,1,2025-05-27
104783,PINT-GR,S,2,2025-05-27
104784,ROND-M6,S,40,2025-05-27
104785,ROND-M8,S,8,2025-05-27
104786,TOMA-DBL,S,2,2025-05-27
104787,TOMA-SNC,S,17,2025-05-27
104788,TORN-M10,S,7,2025-05-27
104789,TORN-M4,S,17,2025-05-27
104790,TORN-M6,S,2,2025-05-27
104791,TORN-M8,S,12,2025-05-27
104792,TUBO-2P,S,17,2025-05-27
104793,TURC-M6,S,39,2025-05-27
104794,TURC-M8,S,17,2025-05-27
104795,CINT-5M,S,1,2025-05-28
104796,CLAV-3P,S,5,2025-05-28
104797,CODE-1P,S,6,2025-05-28
104798,CODE-2P,S,3,2025-05-28
104799,ESMA-NG,S,1,2025-05-28
104800,FOCOS-L9,S,2,2025-05-28
104801,LLAV-12,S,1,2025-05-28
104802,PINT-BL,S,3,2025-05-28
104803,PLIE-6P,S,1,2025-05-28
104804,ROND-M6,S,7,2025-05-28
104805,ROND-M8,S,4,2025-05-28
104806,SELL-TF,S,1,2025-05-28
104807,TOMA-SNC,S,6,2025-05-28
104808,TORN-M10,S,1,2025-05-28
104809,TORN-M4,S,4,2025-05-28
104810,TORN-M8,S,15,2025-05-28
104811,TURC-M6,S,47,2025-05-28
104812,TURC-M8,S,6,2025-05-28
104813,TORN-M8,E,700,2025-05-29
104814,CLAV-3P,S,1,2025-05-29
104815,CODE-1P,S,8,2025-05-29
104816,CODE-2P,S,10,2025-05-29
104817,ESMA-NG,S,2,2025-05-29
104818,FOCOS-L15,S,3,2025-05-29
104819,FOCOS-L9,S,4,2025-05-29
104820,LIJAD-1,S,1,2025-05-29
104821,LLAV-12,S,1,2025-05-29
104822,PINT-BG,S,2,2025-05-29
104823,PINT-BL,S,3,2025-05-29
104824,ROND-M6,S,22,2025-05-29
104825,ROND-M8,S,64,2025-05-29
104826,SELL-TF,S,1,2025-05-29
104827,TOMA-SNC,S,8,2025-05-29
104828,TORN-M4,S,2,2025-05-29
104829,TORN-M6,S,2,2025-05-29
104830,TORN-M8,S,4,2025-05-29
104831,TURC-M6,S,10,2025-05-29
104832,TURC-M8,S,34,2025-05-29
104833,CINT-5M,S,3,2025-05-30
104834,CLAV-2P,S,2,2025-05-30
104835,CLAV-3P,S,6,2025-05-30
104836,CODE-1P,S,5,2025-05-30
104837,ESMA-NG,S,1,2025-05-30
104838,ESMER-1,S,1,2025-05-30
104839,FOCOS-L15,S,1,2025-05-30
104840,LIAV-10,S,1,2025-05-30
104841,MART-2A,S,1,2025-05-30
104842,PINT-BG,S,1,2025-05-30
104843,PINT-BL,S,1,2025-05-30
104844,ROND-M6,S,20,2025-05-30
104845,ROND-M8,S,13,2025-05-30
104846,SELL-TF,S,1,2025-05-30
104847,SIER-HK,S,1,2025-05-30
104848,TOMA-SNC,S,6,2025-05-30
104849,TORN-M10,S,12,2025-05-30
104850,TORN-M4,S,1,2025-05-30
104851,TORN-M6,S,1,2025-05-30
104852,TORN-M8,S,13,2025-05-30
104853,TURC-M6,S,29,2025-05-30
104854,TURC-M8,S,1,2025-05-30
104855,ESMA-NG,E,42,2025-05-31
104856,CODE-1P,S,10,2025-05-31
104857,CODE-2P,S,3,2025-05-31
104858,FOCOS-L15,S,2,2025-05-31
104859,FOCOS-L9,S,8,2025-05-31
104860,LIJAD-1,S,1,2025-05-31
104861,PINT-BL,S,1,2025-05-31
104862,ROND-M6,S,1,2025-05-31
104863,ROND-M8,S,21,2025-05-31
104864,SELL-TF,S,2,2025-05-31
104865,TABL-1P,S,1,2025-05-31
104866,TOMA-SNC,S,4,2025-05-31
104867,TORN-M10,S,34,2025-05-31
104868,TORN-M4,S,8,2025-05-31
104869,TORN-M6,S,3,2025-05-31
104870,TORN-M8,S,16,2025-05-31
104871,TUBO-1P,S,3,2025-05-31
104872,TURC-M6,S,17,2025-05-31
104873,TURC-M8,S,18,2025-05-31
104874,TUBO-2P,E,46,2025-06-02
104875,CINT-5M,S,1,2025-06-02
104876,CLAV-3P,S,1,2025-06-02
104877,CODE-2P,S,3,2025-06-02
104878,FOCOS-L9,S,1,2025-06-02
104879,LIJAD-1,S,1,2025-06-02
104880,MART-2A,S,1,2025-06-02
104881,PINT-BG,S,1,2025-06-02
104882,PINT-BL,S,4,2025-06-02
104883,PLIE-6P,S,1,2025-06-02
104884,ROND-M6,S,7,2025-06-02
104885,ROND-M8,S,11,2025-06-02
104886,SELL-TF,S,2,2025-06-02
104887,TOMA-SNC,S,11,2025-06-02
104888,TORN-M10,S,13,2025-06-02
104889,TORN-M4,S,1,2025-06-02
104890,TORN-M6,S,3,2025-06-02
104891,TORN-M8,S,14,2025-06-02
104892,TURC-M6,S,47,2025-06-02
104893,TURC-M8,S,78,2025-06-02
104894,SELL-TF,E,250,2025-06-03
104895,BROD-4P,S,1,2025-06-03
104896,CABL-12,S,9,2025-06-03
104897,CLAV-3P,S,1,2025-06-03
104898,CODE-1P,S,3,2025-06-03
104899,DEST-PL6,S,2,2025-06-03
104900,ESMA-NG,S,1,2025-06-03
104901,FOCOS-L15,S,1,2025-06-03
104902,FOCOS-L9,S,2,2025-06-03
104903,LIJAD-1,S,2,2025-06-03
104904,PINT-BG,S,7,2025-06-03
104905,PLIE-6P,S,1,2025-06-03
104906,PLIE-8P,S,1,2025-06-03
104907,ROND-M6,S,35,2025-06-03
104908,ROND-M8,S,18,2025-06-03
104909,TOMA-SNC,S,2,2025-06-03
104910,TORN-M10,S,4,2025-06-03
104911,TORN-M4,S,7,2025-06-03
104912,TORN-M6,S,6,2025-06-03
104913,TORN-M8,S,9,2025-06-03
104914,TURC-M6,S,52,2025-06-03
104915,TURC-M8,S,21,2025-06-03
104916,CLAV-2P,S,1,2025-06-04
104917,CLAV-3P,S,2,2025-06-04
104918,CODE-1P,S,11,2025-06-04
104919,DEST-PH2,S,1,2025-06-04
104920,ESMA-NG,S,1,2025-06-04
104921,FOCOS-L9,S,1,2025-06-04
104922,LIJAD-1,S,3,2025-06-04
104923,LLAV-12,S,3,2025-06-04
104924,NIVE-60,S,1,2025-06-04
104925,PINT-BL,S,7,2025-06-04
104926,ROND-M6,S,43,2025-06-04
104927,ROND-M8,S,34,2025-06-04
104928,TOMA-SNC,S,11,2025-06-04
104929,TORN-M10,S,2,2025-06-04
104930,TORN-M4,S,3,2025-06-04
104931,TORN-M8,S,11,2025-06-04
104932,TURC-M6,S,27,2025-06-04
104933,TURC-M8,S,22,2025-06-04
104934,CLAV-3P,S,4,2025-06-05
104935,CODE-1P,S,3,2025-06-05
104936,CODE-2P,S,1,2025-06-05
104937,DEST-PL6,S,1,2025-06-05
104938,ESMA-NG,S,4,2025-06-05
104939,MART-2A,S,1,2025-06-05
104940,PINT-BL,S,7,2025-06-05
104941,PINT-GR,S,2,2025-06-05
104942,ROND-M6,S,12,2025-06-05
104943,ROND-M8,S,31,2025-06-05
104944,SIER-HK,S,1,2025-06-05
104945,TOMA-SNC,S,5,2025-06-05
104946,TORN-M10,S,4,2025-06-05
104947,TORN-M4,S,4,2025-06-05
104948,TORN-M6,S,1,2025-06-05
104949,TORN-M8,S,7,2025-06-05
104950,TURC-M6,S,88,2025-06-05
104951,TURC-M8,S,41,2025-06-05
104952,BROD-4P,S,1,2025-06-06
104953,CLAV-2P,S,1,2025-06-06
104954,CLAV-3P,S,4,2025-06-06
104955,CODE-1P,S,3,2025-06-06
104956,CODE-2P,S,1,2025-06-06
104957,DEST-PH2,S,2,2025-06-06
104958,ESMA-NG,S,1,2025-06-06
104959,FOCOS-L15,S,3,2025-06-06
104960,FOCOS-L9,S,1,2025-06-06
104961,LIJAD-1,S,1,2025-06-06
104962,NIVE-60,S,1,2025-06-06
104963,PINT-BL,S,3,2025-06-06
104964,PLIE-8P,S,1,2025-06-06
104965,ROND-M6,S,13,2025-06-06
104966,ROND-M8,S,17,2025-06-06
104967,TOMA-DBL,S,1,2025-06-06
104968,TOMA-SNC,S,6,2025-06-06
104969,TORN-M10,S,3,2025-06-06
104970,TORN-M4,S,1,2025-06-06
104971,TORN-M6,S,9,2025-06-06
104972,TORN-M8,S,11,2025-06-06
104973,TURC-M6,S,5,2025-06-06
104974,TURC-M8,S,6,2025-06-06
104975,LIJAD-1,E,41,2025-06-07
104976,CODE-1P,S,4,2025-06-07
104977,ESMA-NG,S,1,2025-06-07
104978,FOCOS-L9,S,6,2025-06-07
104979,LLAV-12,S,1,2025-06-07
104980,PINT-BL,S,6,2025-06-07
104981,PLIE-6P,S,1,2025-06-07
104982,PLIE-8P,S,1,2025-06-07
104983,ROND-M6,S,28,2025-06-07
104984,ROND-M8,S,19,2025-06-07
104985,SELL-TF,S,2,2025-06-07
104986,TOMA-SNC,S,7,2025-06-07
104987,TORN-M10,S,16,2025-06-07
104988,TORN-M4,S,4,2025-06-07
104989,TORN-M6,S,7,2025-06-07
104990,TORN-M8,S,14,2025-06-07
104991,TURC-M6,S,27,2025-06-07
104992,TURC-M8,S,12,2025-06-07
104993,CABL-14,S,6,2025-06-09
104994,CLAV-3P,S,2,2025-06-09
104995,CODE-1P,S,12,2025-06-09
104996,CODE-2P,S,3,2025-06-09
104997,DEST-PL6,S,1,2025-06-09
104998,FOCOS-L15,S,1,2025-06-09
104999,FOCOS-L9,S,2,2025-06-09
105000,LLAV-12,S,2,2025-06-09
105001,MART-2A,S,1,2025-06-09
105002,PINT-BG,S,1,2025-06-09
105003,PINT-BL,S,1,2025-06-09
105004,PLIE-6P,S,1,2025-06-09
105005,ROND-M6,S,2,2025-06-09
105006,ROND-M8,S,3,2025-06-09
105007,SELL-TF,S,1,2025-06-09
105008,TOMA-SNC,S,5,2025-06-09
105009,TORN-M10,S,7,2025-06-09
105010,TORN-M4,S,4,2025-06-09
105011,TORN-M6,S,1,2025-06-09
105012,TORN-M8,S,27,2025-06-09
105013,TURC-M6,S,21,2025-06-09
105014,TURC-M8,S,36,2025-06-09
105015,PLIE-8P,E,12,2025-06-10
105016,BROD-2P,S,1,2025-06-10
105017,CLAV-3P,S,3,2025-06-10
105018,CODE-1P,S,2,2025-06-10
105019,CODE-2P,S,1,2025-06-10
105020,ESMA-NG,S,1,2025-06-10
105021,LIJAD-1,S,1,2025-06-10
105022,LLAV-12,S,1,2025-06-10
105023,MART-1A,S,1,2025-06-10
105024,MART-2A,S,1,2025-06-10
105025,PINT-BL,S,1,2025-06-10
105026,PLIE-8P,S,1,2025-06-10
105027,ROLLO-1,S,1,2025-06-10
105028,ROND-M6,S,17,2025-06-10
105029,ROND-M8,S,35,2025-06-10
105030,TOMA-SNC,S,18,2025-06-10
105031,TORN-M10,S,8,2025-06-10
105032,TORN-M6,S,2,2025-06-10
105033,TORN-M8,S,14,2025-06-10
105034,TURC-M6,S,63,2025-06-10
105035,TURC-M8,S,15,2025-06-10
105036,CLAV-2P,S,1,2025-06-11
105037,CLAV-3P,S,9,2025-06-11
105038,CODE-1P,S,15,2025-06-11
105039,DEST-PH2,S,1,2025-06-11
105040,ESMA-BL,S,1,2025-06-11
105041,ESMA-NG,S,1,2025-06-11
105042,FOCOS-L9,S,2,2025-06-11
105043,INTE-SNC,S,1,2025-06-11
105044,LIJAD-1,S,2,2025-06-11
105045,MART-2A,S,1,2025-06-11
105046,PINT-BL,S,7,2025-06-11
105047,ROND-M6,S,21,2025-06-11
105048,ROND-M8,S,15,2025-06-11
105049,SELL-TF,S,2,2025-06-11
105050,SIER-HK,S,1,2025-06-11
105051,TORN-M10,S,6,2025-06-11
105052,TORN-M4,S,2,2025-06-11
105053,TORN-M6,S,4,2025-06-11
105054,TORN-M8,S,2,2025-06-11
105055,TUBO-1P,S,1,2025-06-11
105056,TURC-M6,S,48,2025-06-11
105057,TURC-M8,S,7,2025-06-11
105058,BROD-4P,E,30,2025-06-12
105059,CLAV-3P,S,5,2025-06-12
105060,CODE-1P,S,1,2025-06-12
105061,CODE-2P,S,1,2025-06-12
105062,ESMA-NG,S,2,2025-06-12
105063,FOCOS-L15,S,1,2025-06-12
105064,FOCOS-L9,S,3,2025-06-12
105065,LIJAD-1,S,1,2025-06-12
105066,LLAV-12,S,2,2025-06-12
105067,PINT-BL,S,8,2025-06-12
105068,ROND-M6,S,44,2025-06-12
105069,ROND-M8,S,1,2025-06-12
105070,SELL-TF,S,1,2025-06-12
105071,TOMA-SNC,S,3,2025-06-12
105072,TORN-M10,S,8,2025-06-12
105073,TORN-M4,S,2,2025-06-12
105074,TORN-M8,S,15,2025-06-12
105075,TUBO-1P,S,1,2025-06-12
105076,TURC-M6,S,49,2025-06-12
105077,TURC-M8,S,22,2025-06-12
105078,CLAV-3P,S,3,2025-06-13
105079,CODE-1P,S,17,2025-06-13
105080,ESMA-NG,S,1,2025-06-13
105081,LLAV-12,S,1,2025-06-13
105082,MART-2A,S,1,2025-06-13
105083,PINT-BL,S,5,2025-06-13
105084,PINT-GR,S,1,2025-06-13
105085,ROND-M6,S,59,2025-06-13
105086,ROND-M8,S,19,2025-06-13
105087,SELL-TF,S,1,2025-06-13
105088,TOMA-SNC,S,10,2025-06-13
105089,TORN-M4,S,5,2025-06-13
105090,TORN-M6,S,6,2025-06-13
105091,TORN-M8,S,4,2025-06-13
105092,TUBO-1P,S,1,2025-06-13
105093,TURC-M6,S,24,2025-06-13
105094,TURC-M8,S,52,2025-06-13
105095,CINT-5M,S,1,2025-06-14
105096,CLAV-3P,S,5,2025-06-14
105097,CODE-1P,S,2,2025-06-14
105098,CODE-2P,S,6,2025-06-14
105099,FOCOS-L15,S,1,2025-06-14
105100,FOCOS-L9,S,1,2025-06-14
105101,LIJAD-1,S,1,2025-06-14
105102,PINT-BL,S,4,2025-06-14
105103,ROND-M6,S,17,2025-06-14
105104,ROND-M8,S,69,2025-06-14
105105,TOMA-SNC,S,6,2025-06-14
105106,TORN-M10,S,7,2025-06-14
105107,TORN-M4,S,2,2025-06-14
105108,TORN-M6,S,2,2025-06-14
105109,TORN-M8,S,10,2025-06-14
105110,TURC-M6,S,175,2025-06-14
105111,TURC-M8,S,21,2025-06-14
105112,ROND-M6,E,2050,2025-06-16
105113,CLAV-3P,S,1,2025-06-16
105114,CODE-1P,S,10,2025-06-16
105115,FOCOS-L9,S,2,2025-06-16
105116,LIJAD-1,S,2,2025-06-16
105117,MART-2A,S,1,2025-06-16
105118,PINT-BL,S,3,2025-06-16
105119,ROND-M6,S,12,2025-06-16
105120,ROND-M8,S,19,2025-06-16
105121,SELL-TF,S,2,2025-06-16
105122,TOMA-DBL,S,1,2025-06-16
105123,TOMA-SNC,S,9,2025-06-16
105124,TORN-M10,S,5,2025-06-16
105125,TORN-M4,S,5,2025-06-16
105126,TORN-M6,S,1,2025-06-16
105127,TORN-M8,S,4,2025-06-16
105128,TUBO-1P,S,1,2025-06-16
105129,TURC-M6,S,184,2025-06-16
105130,TURC-M8,S,21,2025-06-16
105131,CABL-14,E,15,2025-06-17
105132,CLAV-3P,S,4,2025-06-17
105133,CODE-1P,S,1,2025-06-17
105134,CODE-2P,S,3,2025-06-17
105135,LIJAD-1,S,1,2025-06-17
105136,PINT-BG,S,4,2025-06-17
105137,PINT-BL,S,6,2025-06-17
105138,PLIE-6P,S,2,2025-06-17
105139,ROND-M6,S,12,2025-06-17
105140,ROND-M8,S,33,2025-06-17
105141,SOPLA-1,S,1,2025-06-17
105142,TOMA-SNC,S,2,2025-06-17
105143,TORN-M6,S,3,2025-06-17
105144,TORN-M8,S,3,2025-06-17
105145,TURC-M6,S,19,2025-06-17
105146,TURC-M8,S,6,2025-06-17
105147,BROD-4P,S,1,2025-06-18
105148,CINT-5M,S,1,2025-06-18
105149,CLAV-2P,S,1,2025-06-18
105150,CODE-1P,S,1,2025-06-18
105151,CODE-2P,S,3,2025-06-18
105152,DEST-PL6,S,1,2025-06-18
105153,FOCOS-L15,S,1,2025-06-18
105154,LLAV-12,S,1,2025-06-18
105155,MART-2A,S,1,2025-06-18
105156,PINT-BL,S,4,2025-06-18
105157,ROLLO-1,S,1,2025-06-18
105158,ROND-M6,S,45,2025-06-18
105159,ROND-M8,S,8,2025-06-18
105160,TOMA-SNC,S,14,2025-06-18
105161,TORN-M10,S,5,2025-06-18
105162,TORN-M4,S,10,2025-06-18
105163,TORN-M6,S,9,2025-06-18
105164,TORN-M8,S,23,2025-06-18
105165,TURC-M6,S,46,2025-06-18
105166,TURC-M8,S,19,2025-06-18
105167,CLAV-3P,E,145,2025-06-19
105168,CLAV-3P,S,3,2025-06-19
105169,CODE-1P,S,3,2025-06-19
105170,CODE-2P,S,2,2025-06-19
105171,ESMA-NG,S,1,2025-06-19
105172,FOCOS-L15,S,2,2025-06-19
105173,FOCOS-L9,S,1,2025-06-19
105174,LIJAD-1,S,1,2025-06-19
105175,LLAV-12,S,4,2025-06-19
105176,NIVE-60,S,1,2025-06-19
105177,PINT-BG,S,1,2025-06-19
105178,PINT-BL,S,2,2025-06-19
105179,ROND-M6,S,3,2025-06-19
105180,ROND-M8,S,36,2025-06-19
105181,SELL-TF,S,3,2025-06-19
105182,TOMA-SNC,S,13,2025-06-19
105183,TORN-M10,S,2,2025-06-19
105184,TORN-M4,S,5,2025-06-19
105185,TORN-M6,S,5,2025-06-19
105186,TORN-M8,S,11,2025-06-19
105187,TUBO-1P,S,1,2025-06-19
105188,TURC-M6,S,32,2025-06-19
105189,TURC-M8,S,97,2025-06-19
105190,CLAV-2P,S,2,2025-06-20
105191,CLAV-3P,S,6,2025-06-20
105192,CODE-1P,S,1,2025-06-20
105193,ESMA-NG,S,3,2025-06-20
105194,FOCOS-L15,S,1,2025-06-20
105195,PINT-BG,S,2,2025-06-20
105196,PINT-BL,S,4,2025-06-20
105197,ROND-M6,S,19,2025-06-20
105198,ROND-M8,S,49,2025-06-20
105199,SELL-TF,S,1,2025-06-20
105200,TOMA-DBL,S,1,2025-06-20
105201,TOMA-SNC,S,6,2025-06-20
105202,TORN-M10,S,2,2025-06-20
105203,TORN-M6,S,4,2025-06-20
105204,TORN-M8,S,23,2025-06-20
105205,TUBO-1P,S,1,2025-06-20
105206,TURC-M6,S,90,2025-06-20
105207,TURC-M8,S,41,2025-06-20
105208,CLAV-3P,S,1,2025-06-21
105209,CODE-1P,S,2,2025-06-21
105210,FOCOS-L15,S,1,2025-06-21
105211,FOCOS-L9,S,1,2025-06-21
105212,LIJAD-1,S,1,2025-06-21
105213,LLAV-12,S,1,2025-06-21
105214,PINT-BL,S,3,2025-06-21
105215,ROLLO-1,S,1,2025-06-21
105216,ROND-M6,S,25,2025-06-21
105217,ROND-M8,S,1,2025-06-21
105218,SELL-TF,S,5,2025-06-21
105219,TABL-1P,S,1,2025-06-21
105220,TOMA-SNC,S,10,2025-06-21
105221,TORN-M10,S,10,2025-06-21
105222,TORN-M4,S,9,2025-06-21
105223,TORN-M8,S,16,2025-06-21
105224,TURC-M6,S,20,2025-06-21
105225,TURC-M8,S,29,2025-06-21
105226,CLAV-2P,S,1,2025-06-23
105227,CODE-1P,S,7,2025-06-23
105228,CODE-2P,S,2,2025-06-23
105229,DEST-PL6,S,1,2025-06-23
105230,FOCOS-L15,S,1,2025-06-23
105231,FOCOS-L9,S,5,2025-06-23
105232,LIJAD-1,S,1,2025-06-23
105233,NIVE-60,S,1,2025-06-23
105234,PINT-BG,S,1,2025-06-23
105235,PINT-BL,S,7,2025-06-23
105236,ROND-M6,S,31,2025-06-23
105237,ROND-M8,S,5,2025-06-23
105238,SELL-TF,S,4,2025-06-23
105239,SOPLA-1,S,1,2025-06-23
105240,TOMA-SNC,S,5,2025-06-23
105241,TORN-M10,S,4,2025-06-23
105242,TORN-M4,S,1,2025-06-23
105243,TORN-M6,S,4,2025-06-23
105244,TORN-M8,S,18,2025-06-23
105245,TURC-M6,S,95,2025-06-23
105246,TURC-M8,S,18,2025-06-23
105247,CLAV-3P,S,3,2025-06-24
105248,CODE-1P,S,2,2025-06-24
105249,CODE-2P,S,1,2025-06-24
105250,FOCOS-L9,S,2,2025-06-24
105251,LIJAD-1,S,4,2025-06-24
105252,MART-2A,S,1,2025-06-24
105253,NIVE-60,S,1,2025-06-24
105254,PINT-BG,S,2,2025-06-24
105255,ROND-M6,S,2,2025-06-24
105256,ROND-M8,S,36,2025-06-24
105257,SELL-TF,S,2,2025-06-24
105258,TOMA-SNC,S,13,2025-06-24
105259,TORN-M10,S,9,2025-06-24
105260,TORN-M4,S,4,2025-06-24
105261,TORN-M6,S,8,2025-06-24
105262,TORN-M8,S,9,2025-06-24
105263,TURC-M6,S,71,2025-06-24
105264,TURC-M8,S,24,2025-06-24
105265,BROD-4P,S,1,2025-06-25
105266,CLAV-2P,S,1,2025-06-25
105267,CLAV-3P,S,3,2025-06-25
105268,CODE-1P,S,6,2025-06-25
105269,DEST-PH2,S,1,2025-06-25
105270,FOCOS-L15,S,1,2025-06-25
105271,LLAV-12,S,1,2025-06-25
105272,NIVE-60,S,1,2025-06-25
105273,PINT-BL,S,2,2025-06-25
105274,PLIE-8P,S,1,2025-06-25
105275,ROND-M6,S,22,2025-06-25
105276,ROND-M8,S,4,2025-06-25
105277,SELL-TF,S,1,2025-06-25
105278,TOMA-SNC,S,26,2025-06-25
105279,TORN-M10,S,2,2025-06-25
105280,TORN-M6,S,2,2025-06-25
105281,TORN-M8,S,7,2025-06-25
105282,TUBO-2P,S,22,2025-06-25
105283,TURC-M6,S,21,2025-06-25
105284,TURC-M8,S,23,2025-06-25
105285,CLAV-3P,S,5,2025-06-26
105286,CODE-1P,S,1,2025-06-26
105287,CODE-2P,S,1,2025-06-26
105288,FOCOS-L9,S,3,2025-06-26
105289,PLIE-6P,S,2,2025-06-26
105290,PLIE-8P,S,1,2025-06-26
105291,ROND-M6,S,52,2025-06-26
105292,ROND-M8,S,13,2025-06-26
105293,SELL-TF,S,1,2025-06-26
105294,SOPLA-1,S,1,2025-06-26
105295,TALDR-1,S,1,2025-06-26
105296,TOMA-SNC,S,4,2025-06-26
105297,TORN-M10,S,12,2025-06-26
105298,TORN-M4,S,3,2025-06-26
105299,TORN-M6,S,2,2025-06-26
105300,TORN-M8,S,41,2025-06-26
105301,TUBO-1P,S,1,2025-06-26
105302,TURC-M6,S,9,2025-06-26
105303,TURC-M8,S,18,2025-06-26
105304,ROND-M8,E,1850,2025-06-27
105305,CLAV-3P,S,5,2025-06-27
105306,CODE-1P,S,7,2025-06-27
105307,CODE-2P,S,1,2025-06-27
105308,ESMA-NG,S,1,2025-06-27
105309,FOCOS-L9,S,3,2025-06-27
105310,INTE-SNC,S,1,2025-06-27
105311,LIJAD-1,S,1,2025-06-27
105312,LLAV-12,S,2,2025-06-27
105313,MART-2A,S,1,2025-06-27
105314,PINT-BL,S,7,2025-06-27
105315,ROND-M6,S,4,2025-06-27
105316,ROND-M8,S,5,2025-06-27
105317,TOMA-SNC,S,4,2025-06-27
105318,TORN-M10,S,4,2025-06-27
105319,TORN-M4,S,1,2025-06-27
105320,TORN-M6,S,11,2025-06-27
105321,TORN-M8,S,6,2025-06-27
105322,TURC-M8,S,17,2025-06-27
105323,MART-2A,E,45,2025-06-28
105324,CABL-12,S,6,2025-06-28
105325,CODE-1P,S,3,2025-06-28
105326,CODE-2P,S,2,2025-06-28
105327,DEST-PH2,S,1,2025-06-28
105328,DEST-PL6,S,1,2025-06-28
105329,FOCOS-L9,S,3,2025-06-28
105330,LIAV-10,S,1,2025-06-28
105331,MART-2A,S,1,2025-06-28
105332,PINT-BL,S,7,2025-06-28
105333,PINT-GR,S,1,2025-06-28
105334,ROND-M6,S,6,2025-06-28
105335,ROND-M8,S,6,2025-06-28
105336,SELL-TF,S,1,2025-06-28
105337,TORN-M10,S,7,2025-06-28
105338,TORN-M4,S,2,2025-06-28
105339,TORN-M6,S,10,2025-06-28
105340,TORN-M8,S,39,2025-06-28
105341,TURC-M6,S,11,2025-06-28
105342,TURC-M8,S,19,2025-06-28
105343,FOCOS-L9,E,120,2025-06-30
105344,CLAV-3P,S,1,2025-06-30
105345,CODE-1P,S,18,2025-06-30
105346,DEST-PL6,S,1,2025-06-30
105347,ESMA-NG,S,2,2025-06-30
105348,FOCOS-L15,S,2,2025-06-30
105349,MART-2A,S,2,2025-06-30
105350,PINT-BG,S,1,2025-06-30
105351,PINT-BL,S,2,2025-06-30
105352,ROND-M6,S,43,2025-06-30
105353,ROND-M8,S,47,2025-06-30
105354,SELL-TF,S,3,2025-06-30
105355,TOMA-SNC,S,5,2025-06-30
105356,TORN-M10,S,16,2025-06-30
105357,TORN-M6,S,3,2025-06-30
105358,TORN-M8,S,11,2025-06-30
105359,TURC-M6,S,20,2025-06-30
105360,TURC-M8,S,19,2025-06-30
105361,CLAV-3P,S,3,2025-07-01
105362,CODE-1P,S,1,2025-07-01
105363,CODE-2P,S,1,2025-07-01
105364,ESMA-NG,S,2,2025-07-01
105365,FOCOS-L9,S,4,2025-07-01
105366,LLAV-12,S,1,2025-07-01
105367,PINT-BL,S,5,2025-07-01
105368,ROND-M6,S,22,2025-07-01
105369,ROND-M8,S,4,2025-07-01
105370,SELL-TF,S,3,2025-07-01
105371,TABL-2P,S,3,2025-07-01
105372,TOMA-SNC,S,1,2025-07-01
105373,TORN-M10,S,6,2025-07-01
105374,TORN-M4,S,4,2025-07-01
105375,TORN-M6,S,1,2025-07-01
105376,TORN-M8,S,10,2025-07-01
105377,TURC-M6,S,79,2025-07-01
105378,TURC-M8,S,13,2025-07-01
105379,CLAV-3P,S,5,2025-07-02
105380,CODE-1P,S,4,2025-07-02
105381,CODE-2P,S,2,2025-07-02
105382,DEST-PH2,S,1,2025-07-02
105383,FOCOS-L9,S,2,2025-07-02
105384,LIJAD-1,S,1,2025-07-02
105385,MART-2A,S,4,2025-07-02
105386,PINT-BG,S,1,2025-07-02
105387,PINT-BL,S,2,2025-07-02
105388,ROND-M6,S,9,2025-07-02
105389,ROND-M8,S,51,2025-07-02
105390,SELL-TF,S,2,2025-07-02
105391,TOMA-SNC,S,7,2025-07-02
105392,TORN-M10,S,13,2025-07-02
105393,TORN-M4,S,14,2025-07-02
105394,TORN-M6,S,11,2025-07-02
105395,TORN-M8,S,35,2025-07-02
105396,TURC-M6,S,100,2025-07-02
105397,TURC-M8,S,41,2025-07-02
105398,CLAV-3P,S,1,2025-07-03
105399,CODE-1P,S,4,2025-07-03
105400,FOCOS-L9,S,2,2025-07-03
105401,NIVE-60,S,1,2025-07-03
105402,PINT-BL,S,4,2025-07-03
105403,ROND-M6,S,27,2025-07-03
105404,ROND-M8,S,14,2025-07-03
105405,TOMA-SNC,S,2,2025-07-03
105406,TORN-M10,S,10,2025-07-03
105407,TORN-M4,S,14,2025-07-03
105408,TORN-M6,S,1,2025-07-03
105409,TORN-M8,S,2,2025-07-03
105410,TURC-M6,S,46,2025-07-03
105411,TURC-M8,S,51,2025-07-03
105412,CLAV-3P,S,2,2025-07-04
105413,CODE-1P,S,3,2025-07-04
105414,CODE-2P,S,1,2025-07-04
105415,LLAV-12,S,2,2025-07-04
105416,PINT-BL,S,8,2025-07-04
105417,PINT-GR,S,2,2025-07-04
105418,ROND-M6,S,55,2025-07-04
105419,ROND-M8,S,10,2025-07-04
105420,SIER-HK,S,1,2025-07-04
105421,TOMA-SNC,S,9,2025-07-04
105422,TORN-M10,S,4,2025-07-04
105423,TORN-M4,S,4,2025-07-04
105424,TORN-M6,S,5,2025-07-04
105425,TORN-M8,S,35,2025-07-04
105426,TURC-M6,S,34,2025-07-04
105427,TURC-M8,S,5,2025-07-04
105428,CLAV-2P,S,1,2025-07-05
105429,CLAV-3P,S,1,2025-07-05
105430,CODE-2P,S,1,2025-07-05
105431,ESMA-NG,S,1,2025-07-05
105432,FOCOS-L9,S,1,2025-07-05
105433,LLAV-12,S,3,2025-07-05
105434,NIVE-60,S,1,2025-07-05
105435,PINT-BL,S,7,2025-07-05
105436,ROLLO-1,S,1,2025-07-05
105437,ROND-M6,S,39,2025-07-05
105438,ROND-M8,S,3,2025-07-05
105439,SIER-HK,S,1,2025-07-05
105440,TOMA-SNC,S,6,2025-07-05
105441,TORN-M10,S,21,2025-07-05
105442,TORN-M4,S,5,2025-07-05
105443,TORN-M6,S,3,2025-07-05
105444,TORN-M8,S,4,2025-07-05
105445,TUBO-1P,S,1,2025-07-05
105446,TURC-M6,S,16,2025-07-05
105447,TURC-M8,S,30,2025-07-05
105448,DEST-PL6,E,30,2025-07-07
105449,LLAV-12,E,36,2025-07-07
105450,PINT-BL,E,195,2025-07-07
105451,SOPLA-1,E,4,2025-07-07
105452,CODE-1P,S,10,2025-07-07
105453,DEST-PH2,S,1,2025-07-07
105454,ESMA-NG,S,2,2025-07-07
105455,FOCOS-L15,S,1,2025-07-07
105456,FOCOS-L9,S,1,2025-07-07
105457,LLAV-12,S,2,2025-07-07
105458,PINT-BL,S,3,2025-07-07
105459,PINT-GR,S,1,2025-07-07
105460,ROND-M6,S,62,2025-07-07
105461,ROND-M8,S,26,2025-07-07
105462,TOMA-DBL,S,1,2025-07-07
105463,TOMA-SNC,S,13,2025-07-07
105464,TORN-M10,S,2,2025-07-07
105465,TORN-M4,S,2,2025-07-07
105466,TORN-M6,S,4,2025-07-07
105467,TORN-M8,S,5,2025-07-07
105468,TURC-M6,S,42,2025-07-07
105469,TURC-M8,S,24,2025-07-07
105470,TOMA-SNC,E,495,2025-07-08
105471,BROD-4P,S,1,2025-07-08
105472,CLAV-2P,S,1,2025-07-08
105473,CLAV-3P,S,3,2025-07-08
105474,CODE-1P,S,5,2025-07-08
105475,ESMA-NG,S,1,2025-07-08
105476,FOCOS-L9,S,7,2025-07-08
105477,LLAV-12,S,1,2025-07-08
105478,PINT-BL,S,8,2025-07-08
105479,PINT-GR,S,1,2025-07-08
105480,ROND-M6,S,20,2025-07-08
105481,ROND-M8,S,20,2025-07-08
105482,SELL-TF,S,1,2025-07-08
105483,TOMA-DBL,S,1,2025-07-08
105484,TOMA-SNC,S,6,2025-07-08
105485,TORN-M10,S,12,2025-07-08
105486,TORN-M4,S,2,2025-07-08
105487,TORN-M6,S,5,2025-07-08
105488,TORN-M8,S,19,2025-07-08
105489,TUBO-1P,S,1,2025-07-08
105490,TURC-M6,S,91,2025-07-08
105491,TURC-M8,S,12,2025-07-08
105492,BROD-4P,S,1,2025-07-09
105493,CINT-5M,S,1,2025-07-09
105494,CLAV-3P,S,4,2025-07-09
105495,CODE-1P,S,6,2025-07-09
105496,CODE-2P,S,2,2025-07-09
105497,FOCOS-L15,S,1,2025-07-09
105498,FOCOS-L9,S,1,2025-07-09
105499,INTE-SNC,S,1,2025-07-09
105500,LIJAD-1,S,1,2025-07-09
105501,MART-2A,S,3,2025-07-09
105502,PINT-BL,S,3,2025-07-09
105503,PINT-GR,S,1,2025-07-09
105504,ROND-M6,S,22,2025-07-09
105505,ROND-M8,S,8,2025-07-09
105506,SOPLA-1,S,1,2025-07-09
105507,TALDR-1,S,1,2025-07-09
105508,TOMA-DBL,S,1,2025-07-09
105509,TOMA-SNC,S,17,2025-07-09
105510,TORN-M10,S,11,2025-07-09
105511,TORN-M4,S,3,2025-07-09
105512,TORN-M6,S,9,2025-07-09
105513,TORN-M8,S,16,2025-07-09
105514,TURC-M6,S,9,2025-07-09
105515,TURC-M8,S,82,2025-07-09
105516,BROD-2P,S,1,2025-07-10
105517,CINT-5M,S,1,2025-07-10
105518,CLAV-3P,S,2,2025-07-10
105519,CODE-1P,S,8,2025-07-10
105520,ESMA-NG,S,2,2025-07-10
105521,ESMER-1,S,1,2025-07-10
105522,FOCOS-L9,S,2,2025-07-10
105523,LIJAD-1,S,1,2025-07-10
105524,LLAV-12,S,1,2025-07-10
105525,PINT-BG,S,1,2025-07-10
105526,PINT-BL,S,6,2025-07-10
105527,ROND-M6,S,31,2025-07-10
105528,ROND-M8,S,49,2025-07-10
105529,SELL-TF,S,4,2025-07-10
105530,TOMA-DBL,S,1,2025-07-10
105531,TOMA-SNC,S,22,2025-07-10
105532,TORN-M10,S,12,2025-07-10
105533,TORN-M4,S,1,2025-07-10
105534,TORN-M6,S,1,2025-07-10
105535,TORN-M8,S,2,2025-07-10
105536,TURC-M6,S,44,2025-07-10
105537,TURC-M8,S,16,2025-07-10
105538,BROD-4P,S,1,2025-07-11
105539,CLAV-2P,S,1,2025-07-11
105540,CLAV-3P,S,1,2025-07-11
105541,CODE-1P,S,1,2025-07-11
105542,FOCOS-L9,S,2,2025-07-11
105543,LLAV-12,S,1,2025-07-11
105544,PINT-BG,S,1,2025-07-11
105545,PINT-BL,S,6,2025-07-11
105546,PINT-GR,S,3,2025-07-11
105547,ROND-M6,S,9,2025-07-11
105548,ROND-M8,S,20,2025-07-11
105549,SELL-TF,S,1,2025-07-11
105550,TOMA-DBL,S,1,2025-07-11
105551,TOMA-SNC,S,20,2025-07-11
105552,TORN-M4,S,2,2025-07-11
105553,TORN-M6,S,6,2025-07-11
105554,TORN-M8,S,31,2025-07-11
105555,TUBO-1P,S,1,2025-07-11
105556,TUBO-2P,S,17,2025-07-11
105557,TURC-M6,S,8,2025-07-11
105558,TURC-M8,S,50,2025-07-11
105559,CLAV-3P,S,5,2025-07-12
105560,CODE-1P,S,3,2025-07-12
105561,ESMER-2,S,1,2025-07-12
105562,MART-2A,S,1,2025-07-12
105563,NIVE-60,S,1,2025-07-12
105564,PINT-BL,S,7,2025-07-12
105565,ROND-M6,S,31,2025-07-12
105566,ROND-M8,S,49,2025-07-12
105567,TOMA-DBL,S,1,2025-07-12
105568,TOMA-SNC,S,5,2025-07-12
105569,TORN-M10,S,3,2025-07-12
105570,TORN-M4,S,6,2025-07-12
105571,TORN-M6,S,2,2025-07-12
105572,TORN-M8,S,11,2025-07-12
105573,TURC-M6,S,48,2025-07-12
105574,TURC-M8,S,51,2025-07-12
105575,BROD-2P,S,1,2025-07-14
105576,CODE-1P,S,1,2025-07-14
105577,CODE-2P,S,1,2025-07-14
105578,DEST-PL6,S,1,2025-07-14
105579,ESMA-NG,S,1,2025-07-14
105580,FOCOS-L15,S,1,2025-07-14
105581,FOCOS-L9,S,1,2025-07-14
105582,LLAV-12,S,1,2025-07-14
105583,MART-1A,S,1,2025-07-14
105584,PINT-BL,S,2,2025-07-14
105585,ROND-M6,S,32,2025-07-14
105586,ROND-M8,S,47,2025-07-14
105587,TABL-1P,S,1,2025-07-14
105588,TALDR-2,S,1,2025-07-14
105589,TOMA-SNC,S,3,2025-07-14
105590,TORN-M10,S,12,2025-07-14
105591,TORN-M4,S,1,2025-07-14
105592,TORN-M6,S,7,2025-07-14
105593,TORN-M8,S,23,2025-07-14
105594,TURC-M6,S,88,2025-07-14
105595,TURC-M8,S,9,2025-07-14
105596,PINT-BG,E,37,2025-07-15
105597,CINT-5M,S,3,2025-07-15
105598,CODE-1P,S,1,2025-07-15
105599,DEST-PL6,S,1,2025-07-15
105600,FOCOS-L9,S,2,2025-07-15
105601,INTE-SNC,S,1,2025-07-15
105602,LIAV-10,S,1,2025-07-15
105603,LLAV-12,S,1,2025-07-15
105604,NIVE-60,S,1,2025-07-15
105605,PINT-BG,S,1,2025-07-15
105606,PINT-BL,S,2,2025-07-15
105607,PLIE-6P,S,1,2025-07-15
105608,ROND-M6,S,44,2025-07-15
105609,ROND-M8,S,4,2025-07-15
105610,TORN-M10,S,8,2025-07-15
105611,TORN-M4,S,5,2025-07-15
105612,TORN-M6,S,3,2025-07-15
105613,TORN-M8,S,4,2025-07-15
105614,TURC-M6,S,49,2025-07-15
105615,TURC-M8,S,51,2025-07-15
105616,CODE-1P,S,5,2025-07-16
105617,CODE-2P,S,1,2025-07-16
105618,DEST-PH2,S,1,2025-07-16
105619,FOCOS-L9,S,2,2025-07-16
105620,LIJAD-1,S,2,2025-07-16
105621,PINT-BG,S,1,2025-07-16
105622,PINT-BL,S,8,2025-07-16
105623,ROND-M6,S,50,2025-07-16
105624,ROND-M8,S,13,2025-07-16
105625,SELL-TF,S,1,2025-07-16
105626,TOMA-SNC,S,24,2025-07-16
105627,TORN-M10,S,13,2025-07-16
105628,TORN-M8,S,41,2025-07-16
105629,TURC-M6,S,63,2025-07-16
105630,TURC-M8,S,26,2025-07-16
105631,CODE-2P,E,120,2025-07-17
105632,CINT-5M,S,1,2025-07-17
105633,CLAV-3P,S,2,2025-07-17
105634,CODE-1P,S,1,2025-07-17
105635,CODE-2P,S,1,2025-07-17
105636,FOCOS-L15,S,1,2025-07-17
105637,LIJAD-1,S,2,2025-07-17
105638,LLAV-12,S,1,2025-07-17
105639,MART-2A,S,1,2025-07-17
105640,PINT-BG,S,1,2025-07-17
105641,PINT-BL,S,2,2025-07-17
105642,ROND-M6,S,64,2025-07-17
105643,ROND-M8,S,38,2025-07-17
105644,SELL-TF,S,1,2025-07-17
105645,TOMA-SNC,S,7,2025-07-17
105646,TORN-M10,S,5,2025-07-17
105647,TORN-M4,S,5,2025-07-17
105648,TORN-M6,S,8,2025-07-17
105649,TORN-M8,S,17,2025-07-17
105650,TURC-M6,S,36,2025-07-17
105651,TURC-M8,S,32,2025-07-17
105652,CODE-1P,S,6,2025-07-18
105653,CODE-2P,S,5,2025-07-18
105654,DEST-PH2,S,1,2025-07-18
105655,FOCOS-L15,S,1,2025-07-18
105656,FOCOS-L9,S,6,2025-07-18
105657,INTE-SNC,S,1,2025-07-18
105658,LLAV-12,S,1,2025-07-18
105659,PINT-BL,S,6,2025-07-18
105660,ROND-M6,S,21,2025-07-18
105661,ROND-M8,S,56,2025-07-18
105662,SELL-TF,S,1,2025-07-18
105663,TABL-2P,S,5,2025-07-18
105664,TOMA-SNC,S,29,2025-07-18
105665,TORN-M10,S,5,2025-07-18
105666,TORN-M4,S,5,2025-07-18
105667,TORN-M6,S,6,2025-07-18
105668,TORN-M8,S,2,2025-07-18
105669,TURC-M6,S,57,2025-07-18
105670,TURC-M8,S,33,2025-07-18
105671,BROD-2P,S,1,2025-07-19
105672,CLAV-3P,S,4,2025-07-19
105673,CODE-1P,S,4,2025-07-19
105674,DEST-PL6,S,1,2025-07-19
105675,ESMA-NG,S,3,2025-07-19
105676,FOCOS-L15,S,1,2025-07-19
105677,FOCOS-L9,S,2,2025-07-19
105678,LIJAD-1,S,1,2025-07-19
105679,MART-2A,S,1,2025-07-19
105680,PINT-BL,S,7,2025-07-19
105681,PINT-GR,S,1,2025-07-19
105682,ROND-M6,S,4,2025-07-19
105683,ROND-M8,S,19,2025-07-19
105684,SELL-TF,S,2,2025-07-19
105685,TOMA-SNC,S,56,2025-07-19
105686,TORN-M10,S,3,2025-07-19
105687,TORN-M4,S,11,2025-07-19
105688,TORN-M6,S,2,2025-07-19
105689,TORN-M8,S,3,2025-07-19
105690,TURC-M6,S,119,2025-07-19
105691,TURC-M8,S,11,2025-07-19
105692,TABL-1P,E,6,2025-07-21
105693,TUBO-2P,E,39,2025-07-21
105694,TURC-M8,E,1500,2025-07-21
105695,CABL-12,S,10,2025-07-21
105696,CLAV-3P,S,5,2025-07-21
105697,CODE-1P,S,4,2025-07-21
105698,CODE-2P,S,2,2025-07-21
105699,ESMA-NG,S,3,2025-07-21
105700,FOCOS-L9,S,2,2025-07-21
105701,LLAV-12,S,2,2025-07-21
105702,PINT-BL,S,1,2025-07-21
105703,PLIE-6P,S,1,2025-07-21
105704,ROND-M6,S,32,2025-07-21
105705,ROND-M8,S,68,2025-07-21
105706,TALDR-1,S,1,2025-07-21
105707,TOMA-DBL,S,1,2025-07-21
105708,TOMA-SNC,S,3,2025-07-21
105709,TORN-M10,S,3,2025-07-21
105710,TORN-M4,S,8,2025-07-21
105711,TORN-M6,S,1,2025-07-21
105712,TORN-M8,S,6,2025-07-21
105713,TURC-M6,S,71,2025-07-21
105714,TURC-M8,S,21,2025-07-21
105715,PLIE-6P,E,16,2025-07-22
105716,CABL-14,S,11,2025-07-22
105717,CINT-5M,S,1,2025-07-22
105718,CLAV-3P,S,1,2025-07-22
105719,CODE-1P,S,6,2025-07-22
105720,CODE-2P,S,3,2025-07-22
105721,FOCOS-L15,S,4,2025-07-22
105722,FOCOS-L9,S,3,2025-07-22
105723,LIAV-10,S,2,2025-07-22
105724,LLAV-12,S,1,2025-07-22
105725,ROND-M6,S,30,2025-07-22
105726,ROND-M8,S,12,2025-07-22
105727,TOMA-SNC,S,10,2025-07-22
105728,TORN-M10,S,4,2025-07-22
105729,TORN-M4,S,2,2025-07-22
105730,TORN-M6,S,2,2025-07-22
105731,TORN-M8,S,28,2025-07-22
105732,TURC-M6,S,26,2025-07-22
105733,TURC-M8,S,4,2025-07-22
105734,CINT-5M,E,22,2025-07-23
105735,ESMER-1,E,6,2025-07-23
105736,BROD-4P,S,2,2025-07-23
105737,CINT-5M,S,2,2025-07-23
105738,CLAV-3P,S,2,2025-07-23
105739,CODE-1P,S,16,2025-07-23
105740,CODE-2P,S,1,2025-07-23
105741,DEST-PH2,S,1,2025-07-23
105742,ESMA-NG,S,2,2025-07-23
105743,FOCOS-L15,S,2,2025-07-23
105744,FOCOS-L9,S,3,2025-07-23
105745,LIJAD-1,S,1,2025-07-23
105746,MART-2A,S,1,2025-07-23
105747,PINT-BL,S,1,2025-07-23
105748,PINT-GR,S,2,2025-07-23
105749,ROND-M6,S,11,2025-07-23
105750,ROND-M8,S,13,2025-07-23
105751,TOMA-SNC,S,25,2025-07-23
105752,TORN-M10,S,33,2025-07-23
105753,TORN-M4,S,6,2025-07-23
105754,TORN-M6,S,4,2025-07-23
105755,TORN-M8,S,24,2025-07-23
105756,TURC-M6,S,72,2025-07-23
105757,TURC-M8,S,12,2025-07-23
105758,TALDR-1,E,6,2025-07-24
105759,TURC-M6,E,2900,2025-07-24
105760,CINT-5M,S,1,2025-07-24
105761,CLAV-3P,S,1,2025-07-24
105762,CODE-1P,S,11,2025-07-24
105763,ESMA-NG,S,2,2025-07-24
105764,FOCOS-L15,S,1,2025-07-24
105765,LIJAD-1,S,1,2025-07-24
105766,MART-2A,S,2,2025-07-24
105767,PINT-BG,S,6,2025-07-24
105768,PINT-BL,S,2,2025-07-24
105769,ROND-M6,S,27,2025-07-24
105770,ROND-M8,S,9,2025-07-24
105771,SELL-TF,S,1,2025-07-24
105772,TOMA-SNC,S,17,2025-07-24
105773,TORN-M10,S,3,2025-07-24
105774,TORN-M4,S,12,2025-07-24
105775,TORN-M6,S,1,2025-07-24
105776,TURC-M6,S,56,2025-07-24
105777,TURC-M8,S,22,2025-07-24
105778,CLAV-3P,S,5,2025-07-25
105779,CODE-1P,S,10,2025-07-25
105780,CODE-2P,S,2,2025-07-25
105781,ESMA-NG,S,1,2025-07-25
105782,FOCOS-L15,S,1,2025-07-25
105783,FOCOS-L9,S,3,2025-07-25
105784,LIAV-10,S,2,2025-07-25
105785,LIJAD-1,S,2,2025-07-25
105786,LLAV-12,S,1,2025-07-25
105787,NIVE-60,S,1,2025-07-25
105788,PINT-BL,S,1,2025-07-25
105789,PLIE-8P,S,1,2025-07-25
105790,ROND-M6,S,3,2025-07-25
105791,ROND-M8,S,12,2025-07-25
105792,SELL-TF,S,1,2025-07-25
105793,SIER-HK,S,2,2025-07-25
105794,SOPLA-1,S,1,2025-07-25
105795,TOMA-SNC,S,3,2025-07-25
105796,TORN-M10,S,6,2025-07-25
105797,TORN-M4,S,2,2025-07-25
105798,TORN-M6,S,14,2025-07-25
105799,TORN-M8,S,35,2025-07-25
105800,TURC-M6,S,52,2025-07-25
105801,TURC-M8,S,10,2025-07-25
105802,FOCOS-L15,E,105,2025-07-26
105803,CLAV-3P,S,5,2025-07-26
105804,CODE-1P,S,6,2025-07-26
105805,CODE-2P,S,3,2025-07-26
105806,ESMA-NG,S,1,2025-07-26
105807,ESMER-1,S,1,2025-07-26
105808,FOCOS-L15,S,1,2025-07-26
105809,FOCOS-L9,S,1,2025-07-26
105810,LIJAD-1,S,1,2025-07-26
105811,LLAV-12,S,1,2025-07-26
105812,PINT-BL,S,1,2025-07-26
105813,ROND-M6,S,23,2025-07-26
105814,ROND-M8,S,31,2025-07-26
105815,TABL-1P,S,1,2025-07-26
105816,TOMA-DBL,S,1,2025-07-26
105817,TOMA-SNC,S,6,2025-07-26
105818,TORN-M10,S,7,2025-07-26
105819,TORN-M4,S,3,2025-07-26
105820,TORN-M6,S,3,2025-07-26
105821,TORN-M8,S,14,2025-07-26
105822,TUBO-1P,S,1,2025-07-26
105823,TURC-M6,S,17,2025-07-26
105824,TURC-M8,S,65,2025-07-26
105825,CLAV-3P,S,1,2025-07-28
105826,CODE-1P,S,2,2025-07-28
105827,CODE-2P,S,2,2025-07-28
105828,FOCOS-L9,S,1,2025-07-28
105829,LIJAD-1,S,3,2025-07-28
105830,LLAV-12,S,1,2025-07-28
105831,PINT-BG,S,2,2025-07-28
105832,PINT-BL,S,2,2025-07-28
105833,PINT-GR,S,1,2025-07-28
105834,ROND-M6,S,10,2025-07-28
105835,ROND-M8,S,15,2025-07-28
105836,SELL-TF,S,1,2025-07-28
105837,TOMA-SNC,S,17,2025-07-28
105838,TORN-M10,S,13,2025-07-28
105839,TORN-M4,S,1,2025-07-28
105840,TORN-M6,S,2,2025-07-28
105841,TORN-M8,S,4,2025-07-28
105842,TURC-M6,S,59,2025-07-28
105843,TURC-M8,S,33,2025-07-28
105844,CABL-14,E,11,2025-07-29
105845,TORN-M8,E,750,2025-07-29
105846,CLAV-3P,S,2,2025-07-29
105847,CODE-1P,S,7,2025-07-29
105848,ESMA-NG,S,1,2025-07-29
105849,FOCOS-L15,S,1,2025-07-29
105850,LLAV-12,S,1,2025-07-29
105851,PINT-BL,S,9,2025-07-29
105852,PLIE-6P,S,1,2025-07-29
105853,ROND-M6,S,62,2025-07-29
105854,ROND-M8,S,12,2025-07-29
105855,TOMA-SNC,S,22,2025-07-29
105856,TORN-M10,S,5,2025-07-29
105857,TORN-M4,S,7,2025-07-29
105858,TORN-M6,S,2,2025-07-29
105859,TORN-M8,S,3,2025-07-29
105860,TURC-M6,S,101,2025-07-29
105861,TURC-M8,S,4,2025-07-29
105862,ESMA-NG,E,42,2025-07-30
105863,CLAV-3P,S,2,2025-07-30
105864,CODE-1P,S,29,2025-07-30
105865,ESMER-1,S,1,2025-07-30
105866,FOCOS-L15,S,1,2025-07-30
105867,FOCOS-L9,S,6,2025-07-30
105868,LIAV-10,S,1,2025-07-30
105869,LLAV-12,S,1,2025-07-30
105870,MART-1A,S,2,2025-07-30
105871,MART-2A,S,1,2025-07-30
105872,NIVE-60,S,1,2025-07-30
105873,PINT-BG,S,1,2025-07-30
105874,PINT-BL,S,3,2025-07-30
105875,ROND-M6,S,47,2025-07-30
105876,ROND-M8,S,5,2025-07-30
105877,SOPLA-1,S,1,2025-07-30
105878,TOMA-DBL,S,1,2025-07-30
105879,TOMA-SNC,S,13,2025-07-30
105880,TORN-M10,S,7,2025-07-30
105881,TORN-M8,S,16,2025-07-30
105882,TUBO-1P,S,1,2025-07-30
105883,TURC-M6,S,212,2025-07-30
105884,TURC-M8,S,12,2025-07-30
105885,CODE-1P,E,300,2025-07-31
105886,SIER-HK,E,17,2025-07-31
105887,CODE-1P,S,5,2025-07-31
105888,FOCOS-L9,S,2,2025-07-31
105889,LLAV-12,S,1,2025-07-31
105890,PINT-BG,S,1,2025-07-31
105891,PINT-BL,S,7,2025-07-31
105892,PLIE-8P,S,1,2025-07-31
105893,ROND-M6,S,22,2025-07-31
105894,ROND-M8,S,10,2025-07-31
105895,SIER-HK,S,1,2025-07-31
105896,TOMA-SNC,S,3,2025-07-31
105897,TORN-M10,S,16,2025-07-31
105898,TORN-M4,S,5,2025-07-31
105899,TORN-M6,S,5,2025-07-31
105900,TORN-M8,S,9,2025-07-31
105901,TURC-M6,S,14,2025-07-31
105902,TURC-M8,S,47,2025-07-31
105903,ESMER-2,E,4,2025-08-01
105904,CINT-5M,S,1,2025-08-01
105905,CLAV-3P,S,2,2025-08-01
105906,CODE-1P,S,23,2025-08-01
105907,CODE-2P,S,3,2025-08-01
105908,DEST-PL6,S,1,2025-08-01
105909,ESMA-NG,S,1,2025-08-01
105910,LIJAD-1,S,1,2025-08-01
105911,MART-2A,S,1,2025-08-01
105912,PINT-BL,S,3,2025-08-01
105913,ROLLO-1,S,1,2025-08-01
105914,ROND-M6,S,6,2025-08-01
105915,ROND-M8,S,26,2025-08-01
105916,TOMA-DBL,S,1,2025-08-01
105917,TOMA-SNC,S,16,2025-08-01
105918,TORN-M10,S,6,2025-08-01
105919,TORN-M4,S,5,2025-08-01
105920,TORN-M6,S,5,2025-08-01
105921,TORN-M8,S,27,2025-08-01
105922,TURC-M6,S,79,2025-08-01
105923,TURC-M8,S,32,2025-08-01
105924,BROD-4P,S,1,2025-08-02
105925,CODE-1P,S,2,2025-08-02
105926,CODE-2P,S,3,2025-08-02
105927,DEST-PL6,S,1,2025-08-02
105928,ESMA-NG,S,2,2025-08-02
105929,FOCOS-L9,S,2,2025-08-02
105930,LIJAD-1,S,4,2025-08-02
105931,LLAV-12,S,1,2025-08-02
105932,MART-2A,S,1,2025-08-02
105933,PINT-BG,S,1,2025-08-02
105934,PINT-BL,S,7,2025-08-02
105935,PLIE-6P,S,2,2025-08-02
105936,ROND-M6,S,41,2025-08-02
105937,ROND-M8,S,26,2025-08-02
105938,TOMA-SNC,S,4,2025-08-02
105939,TORN-M10,S,6,2025-08-02
105940,TORN-M4,S,5,2025-08-02
105941,TORN-M6,S,2,2025-08-02
105942,TORN-M8,S,10,2025-08-02
105943,TUBO-1P,S,1,2025-08-02
105944,TUBO-2P,S,24,2025-08-02
105945,TURC-M6,S,46,2025-08-02
105946,TURC-M8,S,14,2025-08-02
105947,TORN-M10,E,450,2025-08-04
105948,CLAV-2P,S,1,2025-08-04
105949,CLAV-3P,S,4,2025-08-04
105950,CODE-1P,S,9,2025-08-04
105951,DEST-PH2,S,1,2025-08-04
105952,FOCOS-L15,S,3,2025-08-04
105953,FOCOS-L9,S,1,2025-08-04
105954,LIJAD-1,S,5,2025-08-04
105955,LLAV-12,S,1,2025-08-04
105956,MART-2A,S,3,2025-08-04
105957,ROND-M6,S,12,2025-08-04
105958,ROND-M8,S,39,2025-08-04
105959,SELL-TF,S,1,2025-08-04
105960,TOMA-SNC,S,2,2025-08-04
105961,TORN-M10,S,11,2025-08-04
105962,TORN-M4,S,3,2025-08-04
105963,TORN-M6,S,7,2025-08-04
105964,TORN-M8,S,24,2025-08-04
105965,TUBO-1P,S,1,2025-08-04
105966,TURC-M6,S,50,2025-08-04
105967,TURC-M8,S,54,2025-08-04
105968,CLAV-3P,S,8,2025-08-05
105969,CODE-1P,S,3,2025-08-05
105970,ESMA-BL,S,1,2025-08-05
105971,ESMA-NG,S,1,2025-08-05
105972,FOCOS-L9,S,1,2025-08-05
105973,LIAV-10,S,1,2025-08-05
105974,LLAV-12,S,2,2025-08-05
105975,PINT-BG,S,1,2025-08-05
105976,PINT-BL,S,1,2025-08-05
105977,ROND-M6,S,25,2025-08-05
105978,ROND-M8,S,31,2025-08-05
105979,SIER-HK,S,1,2025-08-05
105980,TOMA-SNC,S,18,2025-08-05
105981,TORN-M10,S,16,2025-08-05
105982,TORN-M4,S,2,2025-08-05
105983,TORN-M6,S,2,2025-08-05
105984,TORN-M8,S,12,2025-08-05
105985,TURC-M6,S,35,2025-08-05
105986,TURC-M8,S,16,2025-08-05
105987,BROD-4P,S,1,2025-08-06
105988,CABL-12,S,10,2025-08-06
105989,CLAV-2P,S,2,2025-08-06
105990,CLAV-3P,S,2,2025-08-06
105991,CODE-1P,S,1,2025-08-06
105992,ESMA-NG,S,1,2025-08-06
105993,ESMER-1,S,1,2025-08-06
105994,LIJAD-1,S,1,2025-08-06
105995,MART-2A,S,2,2025-08-06
105996,ROND-M6,S,42,2025-08-06
105997,ROND-M8,S,21,2025-08-06
105998,TOMA-SNC,S,30,2025-08-06
105999,TORN-M10,S,17,2025-08-06
106000,TORN-M4,S,4,2025-08-06
106001,TORN-M6,S,14,2025-08-06
106002,TURC-M6,S,15,2025-08-06
106003,TURC-M8,S,40,2025-08-06
106004,CLAV-3P,S,1,2025-08-07
106005,CODE-1P,S,10,2025-08-07
106006,DEST-PL6,S,1,2025-08-07
106007,FOCOS-L9,S,3,2025-08-07
106008,LLAV-12,S,1,2025-08-07
106009,MART-2A,S,1,2025-08-07
106010,PINT-BG,S,1,2025-08-07
106011,PINT-BL,S,4,2025-08-07
106012,ROND-M6,S,11,2025-08-07
106013,ROND-M8,S,35,2025-08-07
106014,SELL-TF,S,1,2025-08-07
106015,TOMA-SNC,S,5,2025-08-07
106016,TORN-M10,S,6,2025-08-07
106017,TORN-M4,S,1,2025-08-07
106018,TORN-M6,S,9,2025-08-07
106019,TORN-M8,S,7,2025-08-07
106020,TURC-M6,S,98,2025-08-07
106021,TURC-M8,S,3,2025-08-07
106022,LIAV-10,E,16,2025-08-08
106023,CLAV-2P,S,1,2025-08-08
106024,CLAV-3P,S,7,2025-08-08
106025,CODE-1P,S,9,2025-08-08
106026,CODE-2P,S,1,2025-08-08
106027,ESMA-BL,S,1,2025-08-08
106028,ESMA-NG,S,1,2025-08-08
106029,FOCOS-L9,S,1,2025-08-08
106030,LLAV-12,S,2,2025-08-08
106031,MART-1A,S,1,2025-08-08
106032,MART-2A,S,1,2025-08-08
106033,PINT-BG,S,1,2025-08-08
106034,PINT-BL,S,5,2025-08-08
106035,ROND-M6,S,18,2025-08-08
106036,ROND-M8,S,20,2025-08-08
106037,SELL-TF,S,2,2025-08-08
106038,SIER-C1,S,1,2025-08-08
106039,TOMA-SNC,S,1,2025-08-08
106040,TORN-M10,S,8,2025-08-08
106041,TORN-M4,S,6,2025-08-08
106042,TORN-M8,S,14,2025-08-08
106043,TURC-M6,S,13,2025-08-08
106044,TURC-M8,S,33,2025-08-08
106045,CLAV-2P,S,1,2025-08-09
106046,CODE-1P,S,1,2025-08-09
106047,CODE-2P,S,1,2025-08-09
106048,FOCOS-L15,S,3,2025-08-09
106049,FOCOS-L9,S,3,2025-08-09
106050,LIAV-10,S,1,2025-08-09
106051,LLAV-12,S,3,2025-08-09
106052,MART-2A,S,1,2025-08-09
106053,NIVE-60,S,1,2025-08-09
106054,PINT-BG,S,1,2025-08-09
106055,PINT-BL,S,3,2025-08-09
106056,ROND-M6,S,20,2025-08-09
106057,ROND-M8,S,13,2025-08-09
106058,SELL-TF,S,2,2025-08-09
106059,TOMA-SNC,S,5,2025-08-09
106060,TORN-M10,S,6,2025-08-09
106061,TORN-M4,S,1,2025-08-09
106062,TORN-M6,S,3,2025-08-09
106063,TORN-M8,S,6,2025-08-09
106064,TURC-M6,S,14,2025-08-09
106065,TURC-M8,S,60,2025-08-09
106066,LIJAD-1,E,41,2025-08-11
106067,CODE-1P,S,17,2025-08-11
106068,CODE-2P,S,1,2025-08-11
106069,DEST-PL6,S,1,2025-08-11
106070,FOCOS-L15,S,1,2025-08-11
106071,FOCOS-L9,S,4,2025-08-11
106072,LIJAD-1,S,3,2025-08-11
106073,LLAV-12,S,1,2025-08-11
106074,NIVE-60,S,1,2025-08-11
106075,PINT-BG,S,3,2025-08-11
106076,PINT-BL,S,5,2025-08-11
106077,PLIE-6P,S,1,2025-08-11
106078,ROND-M6,S,9,2025-08-11
106079,ROND-M8,S,4,2025-08-11
106080,TOMA-SNC,S,11,2025-08-11
106081,TORN-M10,S,10,2025-08-11
106082,TORN-M4,S,8,2025-08-11
106083,TORN-M6,S,2,2025-08-11
106084,TORN-M8,S,5,2025-08-11
106085,TURC-M6,S,45,2025-08-11
106086,TURC-M8,S,5,2025-08-11
106087,CLAV-3P,S,2,2025-08-12
106088,CODE-2P,S,1,2025-08-12
106089,FOCOS-L9,S,3,2025-08-12
106090,LIJAD-1,S,1,2025-08-12
106091,PINT-BL,S,6,2025-08-12
106092,ROND-M6,S,10,2025-08-12
106093,ROND-M8,S,2,2025-08-12
106094,SELL-TF,S,1,2025-08-12
106095,TOMA-SNC,S,9,2025-08-12
106096,TORN-M10,S,5,2025-08-12
106097,TORN-M4,S,3,2025-08-12
106098,TORN-M6,S,3,2025-08-12
106099,TORN-M8,S,10,2025-08-12
106100,TUBO-1P,S,1,2025-08-12
106101,TUBO-2P,S,21,2025-08-12
106102,TURC-M6,S,41,2025-08-12
106103,TURC-M8,S,36,2025-08-12
106104,CLAV-2P,S,1,2025-08-13
106105,CLAV-3P,S,2,2025-08-13
106106,CODE-1P,S,6,2025-08-13
106107,CODE-2P,S,2,2025-08-13
106108,FOCOS-L9,S,7,2025-08-13
106109,LIJAD-1,S,2,2025-08-13
106110,LLAV-12,S,4,2025-08-13
106111,MART-2A,S,4,2025-08-13
106112,PINT-BL,S,4,2025-08-13
106113,ROND-M6,S,21,2025-08-13
106114,ROND-M8,S,15,2025-08-13
106115,SELL-TF,S,1,2025-08-13
106116,TOMA-SNC,S,11,2025-08-13
106117,TORN-M10,S,9,2025-08-13
106118,TORN-M4,S,4,2025-08-13
106119,TORN-M6,S,3,2025-08-13
106120,TORN-M8,S,1,2025-08-13
106121,TURC-M6,S,64,2025-08-13
106122,TURC-M8,S,24,2025-08-13
106123,ESMA-BL,E,20,2025-08-14
106124,CABL-14,S,14,2025-08-14
106125,CLAV-3P,S,5,2025-08-14
106126,CODE-1P,S,3,2025-08-14
106127,CODE-2P,S,2,2025-08-14
106128,FOCOS-L9,S,5,2025-08-14
106129,LIJAD-1,S,1,2025-08-14
106130,MART-2A,S,1,2025-08-14
106131,PINT-BL,S,3,2025-08-14
106132,PINT-GR,S,1,2025-08-14
106133,ROND-M6,S,32,2025-08-14
106134,ROND-M8,S,45,2025-08-14
106135,SELL-TF,S,1,2025-08-14
106136,TOMA-DBL,S,1,2025-08-14
106137,TOMA-SNC,S,3,2025-08-14
106138,TORN-M4,S,9,2025-08-14
106139,TORN-M6,S,7,2025-08-14
106140,TORN-M8,S,9,2025-08-14
106141,TURC-M6,S,42,2025-08-14
106142,TURC-M8,S,10,2025-08-14
106143,CLAV-3P,S,2,2025-08-15
106144,ESMER-1,S,1,2025-08-15
106145,FOCOS-L15,S,1,2025-08-15
106146,FOCOS-L9,S,1,2025-08-15
106147,LIJAD-1,S,1,2025-08-15
106148,LLAV-12,S,2,2025-08-15
106149,PINT-BL,S,5,2025-08-15
106150,ROND-M6,S,14,2025-08-15
106151,ROND-M8,S,30,2025-08-15
106152,SELL-TF,S,1,2025-08-15
106153,TOMA-DBL,S,1,2025-08-15
106154,TOMA-SNC,S,6,2025-08-15
106155,TORN-M10,S,5,2025-08-15
106156,TORN-M6,S,16,2025-08-15
106157,TORN-M8,S,7,2025-08-15
106158,TURC-M6,S,103,2025-08-15
106159,TURC-M8,S,30,2025-08-15
106160,CABL-12,S,15,2025-08-16
106161,CINT-5M,S,1,2025-08-16
106162,CLAV-2P,S,1,2025-08-16
106163,CLAV-3P,S,5,2025-08-16
106164,CODE-1P,S,2,2025-08-16
106165,LIJAD-1,S,1,2025-08-16
106166,MART-2A,S,1,2025-08-16
106167,PINT-BG,S,1,2025-08-16
106168,PINT-BL,S,1,2025-08-16
106169,ROND-M6,S,2,2025-08-16
106170,ROND-M8,S,39,2025-08-16
106171,TOMA-SNC,S,1,2025-08-16
106172,TORN-M10,S,6,2025-08-16
106173,TORN-M4,S,1,2025-08-16
106174,TORN-M6,S,3,2025-08-16
106175,TORN-M8,S,4,2025-08-16
106176,TURC-M6,S,59,2025-08-16
106177,TURC-M8,S,12,2025-08-16
106178,CLAV-3P,S,1,2025-08-18
106179,CODE-1P,S,10,2025-08-18
106180,CODE-2P,S,2,2025-08-18
106181,ESMA-NG,S,3,2025-08-18
106182,FOCOS-L9,S,7,2025-08-18
106183,LLAV-12,S,1,2025-08-18
106184,MART-2A,S,2,2025-08-18
106185,PINT-BL,S,2,2025-08-18
106186,ROND-M6,S,16,2025-08-18
106187,ROND-M8,S,32,2025-08-18
106188,SELL-TF,S,2,2025-08-18
106189,TALDR-2,S,1,2025-08-18
106190,TOMA-SNC,S,8,2025-08-18
106191,TORN-M10,S,4,2025-08-18
106192,TORN-M6,S,2,2025-08-18
106193,TORN-M8,S,4,2025-08-18
106194,TURC-M6,S,44,2025-08-18
106195,TURC-M8,S,41,2025-08-18
106196,BROD-4P,S,1,2025-08-19
106197,CLAV-3P,S,1,2025-08-19
106198,CODE-1P,S,6,2025-08-19
106199,CODE-2P,S,6,2025-08-19
106200,FOCOS-L9,S,3,2025-08-19
106201,LIJAD-1,S,1,2025-08-19
106202,LLAV-12,S,1,2025-08-19
106203,MART-2A,S,1,2025-08-19
106204,NIVE-60,S,1,2025-08-19
106205,PINT-BG,S,3,2025-08-19
106206,PINT-BL,S,5,2025-08-19
106207,ROND-M6,S,29,2025-08-19
106208,ROND-M8,S,18,2025-08-19
106209,SELL-TF,S,2,2025-08-19
106210,TOMA-SNC,S,16,2025-08-19
106211,TORN-M10,S,6,2025-08-19
106212,TORN-M4,S,15,2025-08-19
106213,TORN-M6,S,1,2025-08-19
106214,TORN-M8,S,14,2025-08-19
106215,TURC-M6,S,89,2025-08-19
106216,TURC-M8,S,11,2025-08-19
106217,LLAV-12,E,35,2025-08-20
106218,BROD-2P,S,1,2025-08-20
106219,CLAV-2P,S,2,2025-08-20
106220,CLAV-3P,S,1,2025-08-20
106221,CODE-1P,S,4,2025-08-20
106222,CODE-2P,S,1,2025-08-20
106223,FOCOS-L9,S,2,2025-08-20
106224,LIJAD-1,S,3,2025-08-20
106225,MART-2A,S,3,2025-08-20
106226,PINT-BL,S,3,2025-08-20
106227,ROND-M6,S,22,2025-08-20
106228,ROND-M8,S,5,2025-08-20
106229,SIER-HK,S,1,2025-08-20
106230,TALDR-1,S,1,2025-08-20
106231,TOMA-SNC,S,24,2025-08-20
106232,TORN-M10,S,6,2025-08-20
106233,TORN-M4,S,13,2025-08-20
106234,TORN-M6,S,10,2025-08-20
106235,TORN-M8,S,6,2025-08-20
106236,TURC-M6,S,200,2025-08-20
106237,TURC-M8,S,19,2025-08-20
106238,TUBO-2P,E,45,2025-08-21
106239,CLAV-3P,S,3,2025-08-21
106240,CODE-1P,S,12,2025-08-21
106241,CODE-2P,S,3,2025-08-21
106242,ESMA-NG,S,2,2025-08-21
106243,FOCOS-L9,S,2,2025-08-21
106244,LIJAD-1,S,2,2025-08-21
106245,LLAV-12,S,2,2025-08-21
106246,PINT-BL,S,6,2025-08-21
106247,ROLLO-1,S,1,2025-08-21
106248,ROND-M6,S,1,2025-08-21
106249,ROND-M8,S,42,2025-08-21
106250,SIER-HK,S,1,2025-08-21
106251,TOMA-SNC,S,7,2025-08-21
106252,TORN-M4,S,8,2025-08-21
106253,TORN-M6,S,5,2025-08-21
106254,TORN-M8,S,18,2025-08-21
106255,TUBO-1P,S,1,2025-08-21
106256,TURC-M6,S,141,2025-08-21
106257,TURC-M8,S,24,2025-08-21
106258,CABL-12,E,50,2025-08-22
106259,CABL-14,E,14,2025-08-22
106260,CLAV-2P,S,1,2025-08-22
106261,CLAV-3P,S,4,2025-08-22
106262,CODE-1P,S,18,2025-08-22
106263,FOCOS-L9,S,2,2025-08-22
106264,LLAV-12,S,1,2025-08-22
106265,PINT-BG,S,1,2025-08-22
106266,PINT-BL,S,3,2025-08-22
106267,PINT-GR,S,1,2025-08-22
106268,ROND-M6,S,12,2025-08-22
106269,ROND-M8,S,36,2025-08-22
106270,SIER-C1,S,1,2025-08-22
106271,TOMA-SNC,S,2,2025-08-22
106272,TORN-M10,S,3,2025-08-22
106273,TORN-M4,S,8,2025-08-22
106274,TORN-M6,S,1,2025-08-22
106275,TORN-M8,S,18,2025-08-22
106276,TURC-M6,S,22,2025-08-22
106277,TURC-M8,S,48,2025-08-22
106278,CLAV-3P,S,12,2025-08-23
106279,CODE-1P,S,2,2025-08-23
106280,CODE-2P,S,1,2025-08-23
106281,ESMA-NG,S,1,2025-08-23
106282,FOCOS-L9,S,2,2025-08-23
106283,MART-2A,S,2,2025-08-23
106284,PINT-BG,S,1,2025-08-23
106285,PINT-BL,S,6,2025-08-23
106286,PINT-GR,S,1,2025-08-23
106287,ROND-M6,S,2,2025-08-23
106288,ROND-M8,S,21,2025-08-23
106289,TOMA-SNC,S,20,2025-08-23
106290,TORN-M10,S,4,2025-08-23
106291,TORN-M4,S,6,2025-08-23
106292,TORN-M6,S,5,2025-08-23
106293,TORN-M8,S,25,2025-08-23
106294,TURC-M6,S,82,2025-08-23
106295,TURC-M8,S,27,2025-08-23
106296,CLAV-3P,E,140,2025-08-25
106297,CINT-5M,S,1,2025-08-25
106298,CLAV-3P,S,3,2025-08-25
106299,CODE-1P,S,10,2025-08-25
106300,FOCOS-L9,S,2,2025-08-25
106301,LLAV-12,S,2,2025-08-25
106302,MART-2A,S,1,2025-08-25
106303,NIVE-60,S,1,2025-08-25
106304,PLIE-8P,S,1,2025-08-25
106305,ROND-M6,S,18,2025-08-25
106306,ROND-M8,S,10,2025-08-25
106307,SELL-TF,S,1,2025-08-25
106308,TOMA-SNC,S,23,2025-08-25
106309,TORN-M4,S,1,2025-08-25
106310,TORN-M6,S,9,2025-08-25
106311,TORN-M8,S,10,2025-08-25
106312,TURC-M6,S,50,2025-08-25
106313,TURC-M8,S,65,2025-08-25
106314,BROD-4P,S,1,2025-08-26
106315,CABL-12,S,10,2025-08-26
106316,CLAV-2P,S,1,2025-08-26
106317,CLAV-3P,S,4,2025-08-26
106318,CODE-1P,S,15,2025-08-26
106319,CODE-2P,S,2,2025-08-26
106320,DEST-PH2,S,1,2025-08-26
106321,ESMA-NG,S,1,2025-08-26
106322,FOCOS-L15,S,1,2025-08-26
106323,FOCOS-L9,S,2,2025-08-26
106324,LIJAD-1,S,1,2025-08-26
106325,LLAV-12,S,3,2025-08-26
106326,MART-2A,S,1,2025-08-26
106327,NIVE-60,S,1,2025-08-26
106328,PINT-BL,S,5,2025-08-26
106329,ROND-M6,S,52,2025-08-26
106330,ROND-M8,S,33,2025-08-26
106331,TOMA-SNC,S,13,2025-08-26
106332,TORN-M10,S,3,2025-08-26
106333,TORN-M4,S,7,2025-08-26
106334,TORN-M6,S,3,2025-08-26
106335,TORN-M8,S,16,2025-08-26
106336,TUBO-2P,S,17,2025-08-26
106337,TURC-M6,S,68,2025-08-26
106338,TURC-M8,S,42,2025-08-26
106339,PINT-GR,E,30,2025-08-27
106340,SIER-C1,E,4,2025-08-27
106341,CODE-1P,S,7,2025-08-27
106342,CODE-2P,S,1,2025-08-27
106343,DEST-PH2,S,1,2025-08-27
106344,ESMA-NG,S,1,2025-08-27
106345,FOCOS-L15,S,4,2025-08-27
106346,FOCOS-L9,S,6,2025-08-27
106347,LIAV-10,S,1,2025-08-27
106348,LIJAD-1,S,2,2025-08-27
106349,MART-2A,S,1,2025-08-27
106350,NIVE-60,S,1,2025-08-27
106351,PINT-BL,S,3,2025-08-27
106352,ROND-M6,S,32,2025-08-27
106353,ROND-M8,S,42,2025-08-27
106354,TOMA-SNC,S,15,2025-08-27
106355,TORN-M10,S,1,2025-08-27
106356,TORN-M4,S,2,2025-08-27
106357,TORN-M6,S,10,2025-08-27
106358,TORN-M8,S,32,2025-08-27
106359,TURC-M6,S,51,2025-08-27
106360,TURC-M8,S,32,2025-08-27
106361,TOMA-SNC,E,495,2025-08-28
106362,CALAD-1,S,1,2025-08-28
106363,CLAV-3P,S,5,2025-08-28
106364,CODE-1P,S,1,2025-08-28
106365,CODE-2P,S,1,2025-08-28
106366,FOCOS-L9,S,1,2025-08-28
106367,LLAV-12,S,1,2025-08-28
106368,PINT-BG,S,2,2025-08-28
106369,PINT-BL,S,5,2025-08-28
106370,PINT-GR,S,1,2025-08-28
106371,ROLLO-1,S,1,2025-08-28
106372,ROND-M6,S,16,2025-08-28
106373,ROND-M8,S,10,2025-08-28
106374,SELL-TF,S,4,2025-08-28
106375,TALDR-1,S,1,2025-08-28
106376,TOMA-SNC,S,22,2025-08-28
106377,TORN-M10,S,2,2025-08-28
106378,TORN-M4,S,4,2025-08-28
106379,TORN-M6,S,6,2025-08-28
106380,TORN-M8,S,23,2025-08-28
106381,TURC-M6,S,32,2025-08-28
106382,TURC-M8,S,64,2025-08-28
106383,CLAV-3P,S,1,2025-08-29
106384,CODE-1P,S,1,2025-08-29
106385,CODE-2P,S,5,2025-08-29
106386,FOCOS-L9,S,2,2025-08-29
106387,LIJAD-1,S,1,2025-08-29
106388,MART-2A,S,2,2025-08-29
106389,PINT-BG,S,1,2025-08-29
106390,PINT-BL,S,1,2025-08-29
106391,PLIE-8P,S,1,2025-08-29
106392,ROND-M6,S,12,2025-08-29
106393,ROND-M8,S,45,2025-08-29
106394,TOMA-SNC,S,12,2025-08-29
106395,TORN-M10,S,6,2025-08-29
106396,TORN-M4,S,1,2025-08-29
106397,TORN-M6,S,1,2025-08-29
106398,TORN-M8,S,2,2025-08-29
106399,TURC-M6,S,24,2025-08-29
106400,TURC-M8,S,23,2025-08-29
106401,MART-2A,E,45,2025-08-30
106402,NIVE-60,E,20,2025-08-30
106403,BROD-4P,S,1,2025-08-30
106404,CINT-5M,S,1,2025-08-30
106405,CLAV-3P,S,1,2025-08-30
106406,CODE-1P,S,17,2025-08-30
106407,CODE-2P,S,3,2025-08-30
106408,FOCOS-L15,S,1,2025-08-30
106409,LIAV-10,S,1,2025-08-30
106410,LIJAD-1,S,1,2025-08-30
106411,LLAV-12,S,1,2025-08-30
106412,PINT-BL,S,3,2025-08-30
106413,ROND-M6,S,16,2025-08-30
106414,ROND-M8,S,58,2025-08-30
106415,SELL-TF,S,1,2025-08-30
106416,TOMA-SNC,S,9,2025-08-30
106417,TORN-M10,S,3,2025-08-30
106418,TORN-M6,S,10,2025-08-30
106419,TORN-M8,S,9,2025-08-30
106420,TURC-M6,S,49,2025-08-30
106421,TURC-M8,S,57,2025-08-30
106422,CABL-12,S,12,2025-09-01
106423,CLAV-3P,S,2,2025-09-01
106424,CODE-1P,S,20,2025-09-01
106425,FOCOS-L9,S,2,2025-09-01
106426,INTE-SNC,S,1,2025-09-01
106427,LIJAD-1,S,2,2025-09-01
106428,LLAV-12,S,1,2025-09-01
106429,MART-2A,S,1,2025-09-01
106430,PINT-BG,S,1,2025-09-01
106431,PINT-BL,S,3,2025-09-01
106432,ROND-M6,S,23,2025-09-01
106433,ROND-M8,S,40,2025-09-01
106434,SELL-TF,S,3,2025-09-01
106435,TOMA-SNC,S,5,2025-09-01
106436,TORN-M10,S,5,2025-09-01
106437,TORN-M4,S,12,2025-09-01
106438,TORN-M6,S,4,2025-09-01
106439,TORN-M8,S,13,2025-09-01
106440,TURC-M6,S,58,2025-09-01
106441,TURC-M8,S,24,2025-09-01
106442,CABL-12,S,6,2025-09-02
106443,CINT-5M,S,1,2025-09-02
106444,CLAV-2P,S,1,2025-09-02
106445,CLAV-3P,S,2,2025-09-02
106446,CODE-1P,S,15,2025-09-02
106447,CODE-2P,S,1,2025-09-02
106448,ESMA-NG,S,2,2025-09-02
106449,FOCOS-L15,S,1,2025-09-02
106450,FOCOS-L9,S,1,2025-09-02
106451,LIJAD-1,S,1,2025-09-02
106452,LLAV-12,S,1,2025-09-02
106453,MART-2A,S,1,2025-09-02
106454,NIVE-60,S,1,2025-09-02
106455,PINT-BG,S,2,2025-09-02
106456,PINT-BL,S,5,2025-09-02
106457,PINT-GR,S,1,2025-09-02
106458,ROND-M6,S,2,2025-09-02
106459,ROND-M8,S,76,2025-09-02
106460,SELL-TF,S,1,2025-09-02
106461,SIER-HK,S,1,2025-09-02
106462,TOMA-SNC,S,2,2025-09-02
106463,TORN-M10,S,8,2025-09-02
106464,TORN-M4,S,5,2025-09-02
106465,TORN-M6,S,11,2025-09-02
106466,TORN-M8,S,21,2025-09-02
106467,TURC-M6,S,145,2025-09-02
106468,TURC-M8,S,1,2025-09-02
106469,FOCOS-L9,E,125,2025-09-03
106470,CALAD-1,S,1,2025-09-03
106471,CLAV-2P,S,1,2025-09-03
106472,CLAV-3P,S,2,2025-09-03
106473,CODE-1P,S,1,2025-09-03
106474,CODE-2P,S,2,2025-09-03
106475,FOCOS-L9,S,1,2025-09-03
106476,LIAV-10,S,1,2025-09-03
106477,LIJAD-1,S,2,2025-09-03
106478,LLAV-12,S,1,2025-09-03
106479,NIVE-60,S,1,2025-09-03
106480,PINT-BG,S,2,2025-09-03
106481,PINT-BL,S,9,2025-09-03
106482,ROND-M6,S,18,2025-09-03
106483,ROND-M8,S,10,2025-09-03
106484,TOMA-DBL,S,1,2025-09-03
106485,TOMA-SNC,S,4,2025-09-03
106486,TORN-M10,S,3,2025-09-03
106487,TORN-M4,S,2,2025-09-03
106488,TORN-M6,S,1,2025-09-03
106489,TORN-M8,S,1,2025-09-03
106490,TURC-M6,S,99,2025-09-03
106491,TURC-M8,S,29,2025-09-03
106492,PINT-BL,E,195,2025-09-04
106493,CINT-5M,S,1,2025-09-04
106494,CLAV-3P,S,3,2025-09-04
106495,CODE-1P,S,1,2025-09-04
106496,CODE-2P,S,2,2025-09-04
106497,ESMA-NG,S,1,2025-09-04
106498,FOCOS-L9,S,4,2025-09-04
106499,PINT-BL,S,7,2025-09-04
106500,ROND-M6,S,12,2025-09-04
106501,ROND-M8,S,29,2025-09-04
106502,SELL-TF,S,1,2025-09-04
106503,SIER-HK,S,2,2025-09-04
106504,TOMA-DBL,S,1,2025-09-04
106505,TOMA-SNC,S,6,2025-09-04
106506,TORN-M10,S,6,2025-09-04
106507,TORN-M4,S,9,2025-09-04
106508,TORN-M6,S,1,2025-09-04
106509,TORN-M8,S,19,2025-09-04
106510,TURC-M6,S,31,2025-09-04
106511,TURC-M8,S,40,2025-09-04
106512,CINT-5M,S,1,2025-09-05
106513,CLAV-3P,S,1,2025-09-05
106514,CODE-1P,S,5,2025-09-05
106515,CODE-2P,S,1,2025-09-05
106516,FOCOS-L15,S,4,2025-09-05
106517,FOCOS-L9,S,1,2025-09-05
106518,INTE-SNC,S,1,2025-09-05
106519,LLAV-12,S,2,2025-09-05
106520,MART-2A,S,1,2025-09-05
106521,PINT-BG,S,2,2025-09-05
106522,PINT-BL,S,1,2025-09-05
106523,ROND-M6,S,33,2025-09-05
106524,ROND-M8,S,21,2025-09-05
106525,TOMA-DBL,S,1,2025-09-05
106526,TOMA-SNC,S,8,2025-09-05
106527,TORN-M10,S,15,2025-09-05
106528,TORN-M4,S,11,2025-09-05
106529,TORN-M6,S,2,2025-09-05
106530,TORN-M8,S,2,2025-09-05
106531,TURC-M6,S,126,2025-09-05
106532,TURC-M8,S,25,2025-09-05
106533,CODE-1P,S,4,2025-09-06
106534,CODE-2P,S,4,2025-09-06
106535,ESMA-NG,S,1,2025-09-06
106536,FOCOS-L15,S,2,2025-09-06
106537,LLAV-12,S,1,2025-09-06
106538,NIVE-60,S,1,2025-09-06
106539,PINT-BL,S,6,2025-09-06
106540,ROND-M6,S,11,2025-09-06
106541,ROND-M8,S,42,2025-09-06
106542,TOMA-SNC,S,12,2025-09-06
106543,TORN-M10,S,13,2025-09-06
106544,TORN-M4,S,4,2025-09-06
106545,TORN-M6,S,5,2025-09-06
106546,TORN-M8,S,19,2025-09-06
106547,TURC-M6,S,180,2025-09-06
106548,TURC-M8,S,15,2025-09-06
106549,PINT-BG,E,37,2025-09-08
106550,BROD-4P,S,1,2025-09-08
106551,CODE-1P,S,10,2025-09-08
106552,CODE-2P,S,1,2025-09-08
106553,DEST-PH2,S,2,2025-09-08
106554,DEST-PL6,S,1,2025-09-08
106555,ESMA-NG,S,3,2025-09-08
106556,FOCOS-L9,S,1,2025-09-08
106557,PINT-BG,S,1,2025-09-08
106558,PINT-BL,S,4,2025-09-08
106559,PLIE-8P,S,1,2025-09-08
106560,ROND-M6,S,37,2025-09-08
106561,ROND-M8,S,53,2025-09-08
106562,SELL-TF,S,1,2025-09-08
106563,TOMA-DBL,S,1,2025-09-08
106564,TOMA-SNC,S,7,2025-09-08
106565,TORN-M10,S,1,2025-09-08
106566,TORN-M6,S,7,2025-09-08
106567,TORN-M8,S,27,2025-09-08
106568,TURC-M6,S,22,2025-09-08
106569,TURC-M8,S,7,2025-09-08
106570,BROD-4P,S,1,2025-09-09
106571,CALAD-1,S,1,2025-09-09
106572,CLAV-3P,S,1,2025-09-09
106573,CODE-1P,S,3,2025-09-09
106574,CODE-2P,S,1,2025-09-09
106575,DEST-PH2,S,2,2025-09-09
106576,ESMA-NG,S,2,2025-09-09
106577,FOCOS-L9,S,2,2025-09-09
106578,PINT-BL,S,2,2025-09-09
106579,ROND-M6,S,64,2025-09-09
106580,ROND-M8,S,5,2025-09-09
106581,SELL-TF,S,1,2025-09-09
106582,SIER-HK,S,1,2025-09-09
106583,TALDR-1,S,1,2025-09-09
106584,TOMA-DBL,S,1,2025-09-09
106585,TOMA-SNC,S,43,2025-09-09
106586,TORN-M10,S,11,2025-09-09
106587,TORN-M4,S,10,2025-09-09
106588,TORN-M6,S,3,2025-09-09
106589,TORN-M8,S,13,2025-09-09
106590,TUBO-1P,S,1,2025-09-09
106591,TURC-M6,S,23,2025-09-09
106592,TURC-M8,S,92,2025-09-09
106593,CODE-1P,E,300,2025-09-10
106594,BROD-2P,S,1,2025-09-10
106595,BROD-4P,S,1,2025-09-10
106596,CINT-5M,S,1,2025-09-10
106597,CLAV-3P,S,7,2025-09-10
106598,CODE-1P,S,4,2025-09-10
106599,CODE-2P,S,2,2025-09-10
106600,FOCOS-L15,S,2,2025-09-10
106601,FOCOS-L9,S,1,2025-09-10
106602,LIJAD-1,S,1,2025-09-10
106603,NIVE-60,S,1,2025-09-10
106604,PINT-BL,S,3,2025-09-10
106605,ROND-M6,S,15,2025-09-10
106606,ROND-M8,S,5,2025-09-10
106607,SELL-TF,S,1,2025-09-10
106608,TOMA-SNC,S,7,2025-09-10
106609,TORN-M10,S,17,2025-09-10
106610,TORN-M4,S,9,2025-09-10
106611,TORN-M6,S,6,2025-09-10
106612,TORN-M8,S,3,2025-09-10
106613,TUBO-1P,S,1,2025-09-10
106614,TURC-M6,S,51,2025-09-10
106615,TURC-M8,S,11,2025-09-10
106616,BROD-4P,S,1,2025-09-11
106617,CODE-1P,S,2,2025-09-11
106618,CODE-2P,S,6,2025-09-11
106619,ESMA-NG,S,1,2025-09-11
106620,FOCOS-L9,S,1,2025-09-11
106621,LIJAD-1,S,2,2025-09-11
106622,LLAV-12,S,3,2025-09-11
106623,MART-2A,S,3,2025-09-11
106624,PINT-BL,S,2,2025-09-11
106625,ROND-M6,S,24,2025-09-11
106626,ROND-M8,S,27,2025-09-11
106627,TOMA-SNC,S,3,2025-09-11
106628,TORN-M10,S,12,2025-09-11
106629,TORN-M4,S,4,2025-09-11
106630,TORN-M6,S,3,2025-09-11
106631,TORN-M8,S,27,2025-09-11
106632,TURC-M6,S,109,2025-09-11
106633,TURC-M8,S,61,2025-09-11
106634,BROD-4P,S,1,2025-09-12
106635,CABL-12,S,13,2025-09-12
106636,CODE-1P,S,9,2025-09-12
106637,CODE-2P,S,2,2025-09-12
106638,DEST-PL6,S,1,2025-09-12
106639,ESMA-NG,S,1,2025-09-12
106640,FOCOS-L15,S,1,2025-09-12
106641,MART-2A,S,2,2025-09-12
106642,NIVE-60,S,1,2025-09-12
106643,PINT-BG,S,1,2025-09-12
106644,ROND-M6,S,33,2025-09-12
106645,ROND-M8,S,14,2025-09-12
106646,TALDR-1,S,1,2025-09-12
106647,TOMA-SNC,S,31,2025-09-12
106648,TORN-M10,S,19,2025-09-12
106649,TORN-M4,S,8,2025-09-12
106650,TORN-M6,S,10,2025-09-12
106651,TORN-M8,S,4,2025-09-12
106652,TURC-M6,S,17,2025-09-12
106653,TURC-M8,S,5,2025-09-12
106654,CLAV-3P,S,7,2025-09-13
106655,CODE-1P,S,2,2025-09-13
106656,CODE-2P,S,1,2025-09-13
106657,DEST-PH2,S,1,2025-09-13
106658,ESMA-NG,S,1,2025-09-13
106659,FOCOS-L15,S,1,2025-09-13
106660,FOCOS-L9,S,4,2025-09-13
106661,PINT-BL,S,1,2025-09-13
106662,ROND-M6,S,6,2025-09-13
106663,ROND-M8,S,10,2025-09-13
106664,SELL-TF,S,2,2025-09-13
106665,SIER-HK,S,1,2025-09-13
106666,TOMA-SNC,S,1,2025-09-13
106667,TORN-M10,S,4,2025-09-13
106668,TORN-M4,S,11,2025-09-13
106669,TORN-M6,S,4,2025-09-13
106670,TORN-M8,S,12,2025-09-13
106671,TURC-M6,S,32,2025-09-13
106672,TURC-M8,S,14,2025-09-13
106673,CABL-12,S,9,2025-09-15
106674,CLAV-2P,S,2,2025-09-15
106675,CODE-1P,S,6,2025-09-15
106676,ESMA-NG,S,1,2025-09-15
106677,LIJAD-1,S,2,2025-09-15
106678,LLAV-12,S,1,2025-09-15
106679,MART-2A,S,1,2025-09-15
106680,PINT-BL,S,1,2025-09-15
106681,PLIE-8P,S,1,2025-09-15
106682,ROND-M6,S,25,2025-09-15
106683,ROND-M8,S,36,2025-09-15
106684,SELL-TF,S,1,2025-09-15
106685,TOMA-DBL,S,1,2025-09-15
106686,TOMA-SNC,S,21,2025-09-15
106687,TORN-M10,S,7,2025-09-15
106688,TORN-M4,S,3,2025-09-15
106689,TORN-M8,S,5,2025-09-15
106690,TURC-M6,S,163,2025-09-15
106691,TURC-M8,S,58,2025-09-15
106692,TORN-M4,E,1000,2025-09-16
106693,TURC-M6,E,2900,2025-09-16
106694,CLAV-3P,S,1,2025-09-16
106695,CODE-1P,S,3,2025-09-16
106696,CODE-2P,S,2,2025-09-16
106697,DEST-PH2,S,1,2025-09-16
106698,FOCOS-L9,S,2,2025-09-16
106699,INTE-SNC,S,1,2025-09-16
106700,LIJAD-1,S,2,2025-09-16
106701,LLAV-12,S,1,2025-09-16
106702,PINT-BG,S,2,2025-09-16
106703,PINT-BL,S,1,2025-09-16
106704,PLIE-6P,S,1,2025-09-16
106705,ROLLO-1,S,1,2025-09-16
106706,ROND-M6,S,33,2025-09-16
106707,ROND-M8,S,29,2025-09-16
106708,TOMA-DBL,S,1,2025-09-16
106709,TOMA-SNC,S,15,2025-09-16
106710,TORN-M10,S,7,2025-09-16
106711,TORN-M6,S,3,2025-09-16
106712,TORN-M8,S,6,2025-09-16
106713,TURC-M6,S,18,2025-09-16
106714,TURC-M8,S,16,2025-09-16
106715,CODE-1P,S,5,2025-09-17
106716,CODE-2P,S,2,2025-09-17
106717,ESMA-NG,S,1,2025-09-17
106718,FOCOS-L15,S,1,2025-09-17
106719,FOCOS-L9,S,2,2025-09-17
106720,PINT-BG,S,1,2025-09-17
106721,PINT-BL,S,2,2025-09-17
106722,PLIE-8P,S,2,2025-09-17
106723,ROND-M6,S,36,2025-09-17
106724,ROND-M8,S,15,2025-09-17
106725,SIER-HK,S,1,2025-09-17
106726,TOMA-SNC,S,20,2025-09-17
106727,TORN-M10,S,3,2025-09-17
106728,TORN-M4,S,7,2025-09-17
106729,TORN-M6,S,12,2025-09-17
106730,TORN-M8,S,8,2025-09-17
106731,TURC-M6,S,107,2025-09-17
106732,TURC-M8,S,34,2025-09-17
106733,BROD-4P,S,1,2025-09-18
106734,CODE-1P,S,5,2025-09-18
106735,CODE-2P,S,4,2025-09-18
106736,ESMA-NG,S,1,2025-09-18
106737,FOCOS-L15,S,3,2025-09-18
106738,FOCOS-L9,S,4,2025-09-18
106739,LIAV-10,S,1,2025-09-18
106740,LIJAD-1,S,1,2025-09-18
106741,LLAV-12,S,1,2025-09-18
106742,MART-1A,S,1,2025-09-18
106743,PINT-BL,S,2,2025-09-18
106744,ROND-M6,S,70,2025-09-18
106745,ROND-M8,S,14,2025-09-18
106746,SIER-C1,S,1,2025-09-18
106747,TOMA-SNC,S,9,2025-09-18
106748,TORN-M10,S,2,2025-09-18
106749,TORN-M4,S,1,2025-09-18
106750,TORN-M6,S,3,2025-09-18
106751,TORN-M8,S,29,2025-09-18
106752,TURC-M6,S,75,2025-09-18
106753,TURC-M8,S,13,2025-09-18
106754,CLAV-2P,S,1,2025-09-19
106755,CLAV-3P,S,4,2025-09-19
106756,CODE-1P,S,15,2025-09-19
106757,ESMA-NG,S,2,2025-09-19
106758,FOCOS-L15,S,1,2025-09-19
106759,FOCOS-L9,S,5,2025-09-19
106760,LIJAD-1,S,1,2025-09-19
106761,LLAV-12,S,1,2025-09-19
106762,MART-2A,S,1,2025-09-19
106763,PINT-BL,S,5,2025-09-19
106764,PINT-GR,S,1,2025-09-19
106765,PLIE-6P,S,1,2025-09-19
106766,ROND-M6,S,26,2025-09-19
106767,ROND-M8,S,4,2025-09-19
106768,SELL-TF,S,1,2025-09-19
106769,TOMA-DBL,S,1,2025-09-19
106770,TOMA-SNC,S,11,2025-09-19
106771,TORN-M10,S,6,2025-09-19
106772,TORN-M4,S,5,2025-09-19
106773,TORN-M8,S,8,2025-09-19
106774,TURC-M6,S,23,2025-09-19
106775,TURC-M8,S,23,2025-09-19
106776,CLAV-3P,S,4,2025-09-20
106777,CODE-1P,S,13,2025-09-20
106778,CODE-2P,S,3,2025-09-20
106779,FOCOS-L15,S,2,2025-09-20
106780,INTE-SNC,S,1,2025-09-20
106781,NIVE-60,S,1,2025-09-20
106782,PINT-BG,S,1,2025-09-20
106783,PINT-BL,S,3,2025-09-20
106784,ROND-M6,S,7,2025-09-20
106785,ROND-M8,S,26,2025-09-20
106786,TOMA-SNC,S,32,2025-09-20
106787,TORN-M10,S,8,2025-09-20
106788,TORN-M4,S,3,2025-09-20
106789,TORN-M6,S,2,2025-09-20
106790,TORN-M8,S,28,2025-09-20
106791,TUBO-1P,S,1,2025-09-20
106792,TURC-M6,S,119,2025-09-20
106793,TURC-M8,S,26,2025-09-20
106794,ROND-M6,E,2050,2025-09-22
106795,ROND-M8,E,1850,2025-09-22
106796,TURC-M8,E,1450,2025-09-22
106797,CLAV-2P,S,2,2025-09-22
106798,CLAV-3P,S,8,2025-09-22
106799,CODE-1P,S,9,2025-09-22
106800,FOCOS-L15,S,2,2025-09-22
106801,FOCOS-L9,S,1,2025-09-22
106802,LIJAD-1,S,2,2025-09-22
106803,LLAV-12,S,2,2025-09-22
106804,MART-2A,S,1,2025-09-22
106805,PINT-BG,S,1,2025-09-22
106806,PINT-BL,S,3,2025-09-22
106807,ROND-M6,S,32,2025-09-22
106808,ROND-M8,S,14,2025-09-22
106809,SELL-TF,S,3,2025-09-22
106810,TALDR-1,S,1,2025-09-22
106811,TOMA-SNC,S,23,2025-09-22
106812,TORN-M10,S,4,2025-09-22
106813,TORN-M4,S,2,2025-09-22
106814,TORN-M8,S,20,2025-09-22
106815,TURC-M6,S,21,2025-09-22
106816,TURC-M8,S,7,2025-09-22
106817,CABL-12,E,50,2025-09-23
106818,PLIE-8P,E,12,2025-09-23
106819,BROD-4P,S,1,2025-09-23
106820,CLAV-2P,S,2,2025-09-23
106821,CLAV-3P,S,8,2025-09-23
106822,CODE-1P,S,6,2025-09-23
106823,CODE-2P,S,1,2025-09-23
106824,ESMA-BL,S,1,2025-09-23
106825,ESMA-NG,S,2,2025-09-23
106826,FOCOS-L15,S,3,2025-09-23
106827,LIAV-10,S,1,2025-09-23
106828,LIJAD-1,S,1,2025-09-23
106829,MART-2A,S,2,2025-09-23
106830,NIVE-60,S,1,2025-09-23
106831,PINT-BL,S,2,2025-09-23
106832,ROND-M6,S,34,2025-09-23
106833,ROND-M8,S,49,2025-09-23
106834,TOMA-SNC,S,14,2025-09-23
106835,TORN-M10,S,9,2025-09-23
106836,TORN-M4,S,5,2025-09-23
106837,TORN-M6,S,1,2025-09-23
106838,TORN-M8,S,6,2025-09-23
106839,TURC-M6,S,66,2025-09-23
106840,TURC-M8,S,88,2025-09-23
106841,BROD-4P,S,1,2025-09-24
106842,CODE-1P,S,2,2025-09-24
106843,CODE-2P,S,2,2025-09-24
106844,DEST-PH2,S,1,2025-09-24
106845,FOCOS-L9,S,3,2025-09-24
106846,INTE-SNC,S,1,2025-09-24
106847,NIVE-60,S,1,2025-09-24
106848,PINT-BG,S,3,2025-09-24
106849,PINT-BL,S,2,2025-09-24
106850,ROND-M6,S,8,2025-09-24
106851,ROND-M8,S,5,2025-09-24
106852,TOMA-SNC,S,9,2025-09-24
106853,TORN-M10,S,3,2025-09-24
106854,TORN-M4,S,4,2025-09-24
106855,TORN-M6,S,1,2025-09-24
106856,TORN-M8,S,4,2025-09-24
106857,TURC-M6,S,11,2025-09-24
106858,TURC-M8,S,2,2025-09-24
106859,CLAV-2P,S,1,2025-09-25
106860,CLAV-3P,S,3,2025-09-25
106861,CODE-1P,S,9,2025-09-25
106862,FOCOS-L9,S,3,2025-09-25
106863,LIJAD-1,S,2,2025-09-25
106864,LLAV-12,S,1,2025-09-25
106865,PINT-BG,S,1,2025-09-25
106866,PINT-BL,S,10,2025-09-25
106867,PINT-GR,S,2,2025-09-25
106868,ROND-M6,S,44,2025-09-25
106869,ROND-M8,S,7,2025-09-25
106870,SELL-TF,S,1,2025-09-25
106871,SOPLA-1,S,1,2025-09-25
106872,TOMA-SNC,S,14,2025-09-25
106873,TORN-M4,S,5,2025-09-25
106874,TORN-M6,S,7,2025-09-25
106875,TORN-M8,S,8,2025-09-25
106876,TURC-M6,S,14,2025-09-25
106877,TURC-M8,S,25,2025-09-25
106878,CLAV-2P,S,1,2025-09-26
106879,CLAV-3P,S,8,2025-09-26
106880,CODE-1P,S,2,2025-09-26
106881,ESMA-NG,S,3,2025-09-26
106882,FOCOS-L15,S,1,2025-09-26
106883,FOCOS-L9,S,2,2025-09-26
106884,LIAV-10,S,1,2025-09-26
106885,LIJAD-1,S,1,2025-09-26
106886,LLAV-12,S,1,2025-09-26
106887,PINT-BL,S,6,2025-09-26
106888,PINT-GR,S,1,2025-09-26
106889,ROND-M6,S,17,2025-09-26
106890,ROND-M8,S,8,2025-09-26
106891,SELL-TF,S,3,2025-09-26
106892,TOMA-DBL,S,1,2025-09-26
106893,TOMA-SNC,S,6,2025-09-26
106894,TORN-M10,S,1,2025-09-26
106895,TORN-M4,S,3,2025-09-26
106896,TORN-M6,S,13,2025-09-26
106897,TORN-M8,S,19,2025-09-26
106898,TURC-M6,S,47,2025-09-26
106899,TURC-M8,S,29,2025-09-26
106900,LIJAD-1,E,39,2025-09-27
106901,CLAV-2P,S,1,2025-09-27
106902,CLAV-3P,S,3,2025-09-27
106903,CODE-2P,S,1,2025-09-27
106904,ESMA-NG,S,3,2025-09-27
106905,FOCOS-L15,S,2,2025-09-27
106906,FOCOS-L9,S,1,2025-09-27
106907,LIJAD-1,S,1,2025-09-27
106908,NIVE-60,S,1,2025-09-27
106909,PINT-BL,S,13,2025-09-27
106910,ROLLO-1,S,1,2025-09-27
106911,ROND-M6,S,92,2025-09-27
106912,ROND-M8,S,63,2025-09-27
106913,SELL-TF,S,1,2025-09-27
106914,TOMA-DBL,S,2,2025-09-27
106915,TOMA-SNC,S,9,2025-09-27
106916,TORN-M10,S,15,2025-09-27
106917,TORN-M4,S,1,2025-09-27
106918,TORN-M8,S,10,2025-09-27
106919,TUBO-1P,S,2,2025-09-27
106920,TURC-M6,S,68,2025-09-27
106921,TURC-M8,S,8,2025-09-27
106922,BROD-4P,S,1,2025-09-29
106923,CLAV-3P,S,6,2025-09-29
106924,CODE-1P,S,21,2025-09-29
106925,CODE-2P,S,2,2025-09-29
106926,ESMA-NG,S,3,2025-09-29
106927,FOCOS-L15,S,1,2025-09-29
106928,LIJAD-1,S,1,2025-09-29
106929,PINT-BL,S,5,2025-09-29
106930,ROND-M6,S,18,2025-09-29
106931,ROND-M8,S,44,2025-09-29
106932,SELL-TF,S,2,2025-09-29
106933,TOMA-SNC,S,11,2025-09-29
106934,TORN-M10,S,1,2025-09-29
106935,TORN-M4,S,7,2025-09-29
106936,TORN-M6,S,3,2025-09-29
106937,TORN-M8,S,65,2025-09-29
106938,TURC-M6,S,21,2025-09-29
106939,TURC-M8,S,60,2025-09-29
106940,ESMA-NG,E,44,2025-09-30
106941,LLAV-12,E,35,2025-09-30
106942,CINT-5M,S,1,2025-09-30
106943,CLAV-3P,S,3,2025-09-30
106944,CODE-1P,S,11,2025-09-30
106945,CODE-2P,S,1,2025-09-30
106946,ESMA-NG,S,1,2025-09-30
106947,FOCOS-L9,S,6,2025-09-30
106948,LIJAD-1,S,1,2025-09-30
106949,LLAV-12,S,1,2025-09-30
106950,NIVE-60,S,1,2025-09-30
106951,PINT-BL,S,9,2025-09-30
106952,PINT-GR,S,2,2025-09-30
106953,PLIE-6P,S,2,2025-09-30
106954,ROND-M6,S,23,2025-09-30
106955,ROND-M8,S,7,2025-09-30
106956,SELL-TF,S,1,2025-09-30
106957,TOMA-DBL,S,1,2025-09-30
106958,TOMA-SNC,S,9,2025-09-30
106959,TORN-M10,S,2,2025-09-30
106960,TORN-M4,S,3,2025-09-30
106961,TORN-M6,S,2,2025-09-30
106962,TORN-M8,S,5,2025-09-30
106963,TUBO-1P,S,1,2025-09-30
106964,TURC-M6,S,14,2025-09-30
106965,TURC-M8,S,56,2025-09-30
106966,CINT-5M,S,1,2025-10-01
106967,CLAV-3P,S,5,2025-10-01
106968,CODE-1P,S,7,2025-10-01
106969,CODE-2P,S,2,2025-10-01
106970,FOCOS-L9,S,2,2025-10-01
106971,LIJAD-1,S,4,2025-10-01
106972,MART-2A,S,1,2025-10-01
106973,NIVE-60,S,1,2025-10-01
106974,PINT-BG,S,2,2025-10-01
106975,PINT-BL,S,1,2025-10-01
106976,PLIE-6P,S,1,2025-10-01
106977,ROND-M6,S,25,2025-10-01
106978,ROND-M8,S,9,2025-10-01
106979,SELL-TF,S,2,2025-10-01
106980,SIER-HK,S,1,2025-10-01
106981,TOMA-SNC,S,1,2025-10-01
106982,TORN-M10,S,6,2025-10-01
106983,TORN-M4,S,3,2025-10-01
106984,TORN-M6,S,2,2025-10-01
106985,TORN-M8,S,14,2025-10-01
106986,TURC-M6,S,32,2025-10-01
106987,TURC-M8,S,51,2025-10-01
106988,CINT-5M,S,2,2025-10-02
106989,CLAV-3P,S,4,2025-10-02
106990,CODE-1P,S,12,2025-10-02
106991,CODE-2P,S,2,2025-10-02
106992,FOCOS-L15,S,1,2025-10-02
106993,FOCOS-L9,S,1,2025-10-02
106994,INTE-SNC,S,2,2025-10-02
106995,MART-2A,S,2,2025-10-02
106996,NIVE-60,S,1,2025-10-02
106997,PINT-BG,S,2,2025-10-02
106998,PINT-BL,S,2,2025-10-02
106999,ROND-M6,S,44,2025-10-02
107000,ROND-M8,S,21,2025-10-02
107001,SIER-C1,S,1,2025-10-02
107002,TOMA-SNC,S,5,2025-10-02
107003,TORN-M10,S,3,2025-10-02
107004,TORN-M4,S,1,2025-10-02
107005,TORN-M6,S,9,2025-10-02
107006,TORN-M8,S,7,2025-10-02
107007,TUBO-1P,S,1,2025-10-02
107008,TURC-M6,S,131,2025-10-02
107009,TURC-M8,S,2,2025-10-02
107010,BROD-4P,S,1,2025-10-03
107011,CABL-12,S,9,2025-10-03
107012,CLAV-2P,S,1,2025-10-03
107013,CLAV-3P,S,2,2025-10-03
107014,CODE-1P,S,5,2025-10-03
107015,ESMA-NG,S,1,2025-10-03
107016,FOCOS-L15,S,1,2025-10-03
107017,FOCOS-L9,S,5,2025-10-03
107018,LLAV-12,S,1,2025-10-03
107019,NIVE-60,S,1,2025-10-03
107020,PINT-BL,S,3,2025-10-03
107021,ROND-M6,S,16,2025-10-03
107022,ROND-M8,S,39,2025-10-03
107023,SELL-TF,S,1,2025-10-03
107024,TOMA-DBL,S,2,2025-10-03
107025,TOMA-SNC,S,26,2025-10-03
107026,TORN-M10,S,8,2025-10-03
107027,TORN-M4,S,5,2025-10-03
107028,TORN-M6,S,7,2025-10-03
107029,TORN-M8,S,2,2025-10-03
107030,TURC-M6,S,32,2025-10-03
107031,TURC-M8,S,70,2025-10-03
107032,CINT-5M,S,1,2025-10-04
107033,CLAV-3P,S,3,2025-10-04
107034,CODE-1P,S,10,2025-10-04
107035,CODE-2P,S,2,2025-10-04
107036,FOCOS-L15,S,1,2025-10-04
107037,FOCOS-L9,S,2,2025-10-04
107038,MART-2A,S,1,2025-10-04
107039,PINT-BL,S,3,2025-10-04
107040,PLIE-6P,S,1,2025-10-04
107041,ROND-M6,S,11,2025-10-04
107042,ROND-M8,S,38,2025-10-04
107043,SIER-HK,S,1,2025-10-04
107044,TOMA-SNC,S,21,2025-10-04
107045,TORN-M10,S,1,2025-10-04
107046,TORN-M4,S,3,2025-10-04
107047,TORN-M6,S,4,2025-10-04
107048,TORN-M8,S,18,2025-10-04
107049,TURC-M6,S,64,2025-10-04
107050,TURC-M8,S,16,2025-10-04
107051,TALDR-1,E,6,2025-10-06
107052,CLAV-3P,S,1,2025-10-06
107053,CODE-1P,S,5,2025-10-06
107054,CODE-2P,S,1,2025-10-06
107055,ESMA-NG,S,1,2025-10-06
107056,FOCOS-L15,S,2,2025-10-06
107057,FOCOS-L9,S,3,2025-10-06
107058,INTE-SNC,S,1,2025-10-06
107059,MART-2A,S,1,2025-10-06
107060,PINT-BL,S,2,2025-10-06
107061,ROND-M6,S,24,2025-10-06
107062,ROND-M8,S,29,2025-10-06
107063,TOMA-SNC,S,5,2025-10-06
107064,TORN-M10,S,9,2025-10-06
107065,TORN-M4,S,4,2025-10-06
107066,TORN-M6,S,3,2025-10-06
107067,TORN-M8,S,17,2025-10-06
107068,TURC-M6,S,145,2025-10-06
107069,TURC-M8,S,40,2025-10-06
107070,TORN-M8,E,700,2025-10-07
107071,BROD-2P,S,1,2025-10-07
107072,BROD-4P,S,1,2025-10-07
107073,CINT-5M,S,2,2025-10-07
107074,CLAV-3P,S,3,2025-10-07
107075,CODE-1P,S,2,2025-10-07
107076,FOCOS-L9,S,2,2025-10-07
107077,LIJAD-1,S,1,2025-10-07
107078,LLAV-12,S,1,2025-10-07
107079,MART-2A,S,1,2025-10-07
107080,PINT-BL,S,1,2025-10-07
107081,ROND-M6,S,101,2025-10-07
107082,ROND-M8,S,28,2025-10-07
107083,SELL-TF,S,1,2025-10-07
107084,TOMA-SNC,S,1,2025-10-07
107085,TORN-M10,S,2,2025-10-07
107086,TORN-M4,S,1,2025-10-07
107087,TORN-M6,S,18,2025-10-07
107088,TORN-M8,S,26,2025-10-07
107089,TURC-M6,S,159,2025-10-07
107090,TURC-M8,S,71,2025-10-07
107091,TOMA-DBL,E,65,2025-10-08
107092,CLAV-3P,S,3,2025-10-08
107093,CODE-1P,S,13,2025-10-08
107094,ESMA-NG,S,3,2025-10-08
107095,FOCOS-L15,S,5,2025-10-08
107096,FOCOS-L9,S,4,2025-10-08
107097,LIJAD-1,S,1,2025-10-08
107098,LLAV-12,S,1,2025-10-08
107099,MART-2A,S,1,2025-10-08
107100,PINT-BL,S,9,2025-10-08
107101,PLIE-6P,S,1,2025-10-08
107102,ROND-M6,S,10,2025-10-08
107103,ROND-M8,S,31,2025-10-08
107104,TALDR-1,S,1,2025-10-08
107105,TOMA-SNC,S,10,2025-10-08
107106,TORN-M10,S,10,2025-10-08
107107,TORN-M4,S,4,2025-10-08
107108,TORN-M6,S,7,2025-10-08
107109,TORN-M8,S,18,2025-10-08
107110,TURC-M6,S,18,2025-10-08
107111,TURC-M8,S,40,2025-10-08
107112,CLAV-2P,S,2,2025-10-09
107113,CLAV-3P,S,2,2025-10-09
107114,CODE-1P,S,12,2025-10-09
107115,CODE-2P,S,1,2025-10-09
107116,ESMA-NG,S,1,2025-10-09
107117,FOCOS-L15,S,1,2025-10-09
107118,FOCOS-L9,S,1,2025-10-09
107119,PINT-BG,S,1,2025-10-09
107120,PINT-BL,S,5,2025-10-09
107121,PLIE-6P,S,3,2025-10-09
107122,ROND-M6,S,38,2025-10-09
107123,ROND-M8,S,3,2025-10-09
107124,SELL-TF,S,2,2025-10-09
107125,TOMA-SNC,S,33,2025-10-09
107126,TORN-M10,S,7,2025-10-09
107127,TORN-M4,S,2,2025-10-09
107128,TORN-M6,S,7,2025-10-09
107129,TORN-M8,S,2,2025-10-09
107130,TURC-M6,S,241,2025-10-09
107131,TURC-M8,S,118,2025-10-09
107132,TOMA-SNC,E,510,2025-10-10
107133,BROD-4P,S,1,2025-10-10
107134,CINT-5M,S,1,2025-10-10
107135,CLAV-2P,S,1,2025-10-10
107136,CLAV-3P,S,1,2025-10-10
107137,CODE-1P,S,7,2025-10-10
107138,CODE-2P,S,3,2025-10-10
107139,DEST-PL6,S,1,2025-10-10
107140,ESMER-2,S,1,2025-10-10
107141,INTE-SNC,S,1,2025-10-10
107142,LIJAD-1,S,1,2025-10-10
107143,LLAV-12,S,1,2025-10-10
107144,MART-2A,S,1,2025-10-10
107145,PINT-BG,S,3,2025-10-10
107146,PINT-BL,S,1,2025-10-10
107147,PLIE-6P,S,1,2025-10-10
107148,ROND-M6,S,16,2025-10-10
107149,ROND-M8,S,65,2025-10-10
107150,SELL-TF,S,2,2025-10-10
107151,TABL-1P,S,1,2025-10-10
107152,TOMA-SNC,S,11,2025-10-10
107153,TORN-M10,S,11,2025-10-10
107154,TORN-M4,S,3,2025-10-10
107155,TORN-M6,S,2,2025-10-10
107156,TORN-M8,S,26,2025-10-10
107157,TURC-M6,S,72,2025-10-10
107158,TURC-M8,S,103,2025-10-10
107159,CINT-5M,S,2,2025-10-11
107160,CLAV-2P,S,3,2025-10-11
107161,CODE-1P,S,6,2025-10-11
107162,CODE-2P,S,2,2025-10-11
107163,DEST-PH2,S,2,2025-10-11
107164,ESMA-NG,S,1,2025-10-11
107165,FOCOS-L15,S,1,2025-10-11
107166,FOCOS-L9,S,3,2025-10-11
107167,MART-2A,S,1,2025-10-11
107168,NIVE-60,S,1,2025-10-11
107169,PINT-BL,S,1,2025-10-11
107170,PINT-GR,S,1,2025-10-11
107171,ROND-M6,S,39,2025-10-11
107172,ROND-M8,S,9,2025-10-11
107173,TOMA-SNC,S,35,2025-10-11
107174,TORN-M4,S,4,2025-10-11
107175,TORN-M6,S,1,2025-10-11
107176,TORN-M8,S,6,2025-10-11
107177,TUBO-1P,S,1,2025-10-11
107178,TURC-M6,S,11,2025-10-11
107179,TURC-M8,S,8,2025-10-11
107180,SOPLA-1,E,4,2025-10-13
107181,ESMA-NG,S,2,2025-10-13
107182,FOCOS-L15,S,1,2025-10-13
107183,FOCOS-L9,S,2,2025-10-13
107184,LIJAD-1,S,2,2025-10-13
107185,NIVE-60,S,1,2025-10-13
107186,PINT-BG,S,2,2025-10-13
107187,PINT-BL,S,1,2025-10-13
107188,ROND-M6,S,20,2025-10-13
107189,ROND-M8,S,13,2025-10-13
107190,SELL-TF,S,1,2025-10-13
107191,TOMA-DBL,S,1,2025-10-13
107192,TOMA-SNC,S,13,2025-10-13
107193,TORN-M10,S,17,2025-10-13
107194,TORN-M4,S,4,2025-10-13
107195,TORN-M6,S,8,2025-10-13
107196,TORN-M8,S,17,2025-10-13
107197,TUBO-1P,S,1,2025-10-13
107198,TURC-M6,S,49,2025-10-13
107199,TURC-M8,S,26,2025-10-13
107200,CLAV-3P,S,4,2025-10-14
107201,CODE-1P,S,2,2025-10-14
107202,CODE-2P,S,2,2025-10-14
107203,DEST-PH2,S,1,2025-10-14
107204,ESMA-NG,S,1,2025-10-14
107205,FOCOS-L15,S,1,2025-10-14
107206,FOCOS-L9,S,1,2025-10-14
107207,LIJAD-1,S,1,2025-10-14
107208,MART-2A,S,2,2025-10-14
107209,PINT-BL,S,3,2025-10-14
107210,ROND-M6,S,35,2025-10-14
107211,ROND-M8,S,30,2025-10-14
107212,SELL-TF,S,1,2025-10-14
107213,TOMA-SNC,S,10,2025-10-14
107214,TORN-M10,S,2,2025-10-14
107215,TORN-M4,S,4,2025-10-14
107216,TORN-M6,S,5,2025-10-14
107217,TORN-M8,S,23,2025-10-14
107218,TURC-M6,S,10,2025-10-14
107219,TURC-M8,S,7,2025-10-14
107220,PLIE-6P,E,16,2025-10-15
107221,TUBO-1P,E,30,2025-10-15
107222,CINT-5M,S,4,2025-10-15
107223,CLAV-2P,S,1,2025-10-15
107224,CLAV-3P,S,1,2025-10-15
107225,CODE-1P,S,13,2025-10-15
107226,CODE-2P,S,1,2025-10-15
107227,ESMA-NG,S,2,2025-10-15
107228,FOCOS-L15,S,1,2025-10-15
107229,FOCOS-L9,S,2,2025-10-15
107230,INTE-SNC,S,1,2025-10-15
107231,LIAV-10,S,1,2025-10-15
107232,LIJAD-1,S,1,2025-10-15
107233,LLAV-12,S,1,2025-10-15
107234,PINT-BG,S,3,2025-10-15
107235,PINT-BL,S,6,2025-10-15
107236,ROND-M6,S,21,2025-10-15
107237,ROND-M8,S,45,2025-10-15
107238,SELL-TF,S,2,2025-10-15
107239,SIER-C1,S,1,2025-10-15
107240,TOMA-SNC,S,18,2025-10-15
107241,TORN-M10,S,3,2025-10-15
107242,TORN-M4,S,4,2025-10-15
107243,TORN-M8,S,33,2025-10-15
107244,TURC-M6,S,110,2025-10-15
107245,TURC-M8,S,29,2025-10-15
107246,CINT-5M,E,20,2025-10-16
107247,CLAV-2P,S,3,2025-10-16
107248,CLAV-3P,S,1,2025-10-16
107249,CODE-1P,S,5,2025-10-16
107250,CODE-2P,S,4,2025-10-16
107251,DEST-PH2,S,1,2025-10-16
107252,ESMA-NG,S,2,2025-10-16
107253,FOCOS-L9,S,1,2025-10-16
107254,LIJAD-1,S,2,2025-10-16
107255,NIVE-60,S,1,2025-10-16
107256,PINT-BG,S,2,2025-10-16
107257,PINT-BL,S,5,2025-10-16
107258,ROND-M6,S,3,2025-10-16
107259,ROND-M8,S,24,2025-10-16
107260,SOPLA-1,S,1,2025-10-16
107261,TOMA-DBL,S,1,2025-10-16
107262,TOMA-SNC,S,18,2025-10-16
107263,TORN-M10,S,8,2025-10-16
107264,TORN-M4,S,2,2025-10-16
107265,TORN-M6,S,8,2025-10-16
107266,TORN-M8,S,11,2025-10-16
107267,TURC-M6,S,61,2025-10-16
107268,TURC-M8,S,93,2025-10-16
107269,CINT-5M,S,1,2025-10-17
107270,CLAV-3P,S,1,2025-10-17
107271,ESMA-NG,S,1,2025-10-17
107272,FOCOS-L9,S,4,2025-10-17
107273,LIJAD-1,S,1,2025-10-17
107274,PINT-BL,S,1,2025-10-17
107275,PINT-GR,S,2,2025-10-17
107276,ROND-M6,S,17,2025-10-17
107277,ROND-M8,S,35,2025-10-17
107278,SELL-TF,S,1,2025-10-17
107279,TORN-M4,S,11,2025-10-17
107280,TORN-M6,S,8,2025-10-17
107281,TORN-M8,S,16,2025-10-17
107282,TURC-M6,S,58,2025-10-17
107283,TURC-M8,S,33,2025-10-17
107284,BROD-2P,S,1,2025-10-18
107285,CODE-1P,S,16,2025-10-18
107286,CODE-2P,S,4,2025-10-18
107287,ESMA-NG,S,3,2025-10-18
107288,FOCOS-L9,S,1,2025-10-18
107289,LIJAD-1,S,1,2025-10-18
107290,MART-2A,S,1,2025-10-18
107291,PINT-BL,S,9,2025-10-18
107292,ROLLO-1,S,3,2025-10-18
107293,ROND-M6,S,17,2025-10-18
107294,ROND-M8,S,7,2025-10-18
107295,SELL-TF,S,2,2025-10-18
107296,SIER-HK,S,1,2025-10-18
107297,TOMA-SNC,S,7,2025-10-18
107298,TORN-M10,S,12,2025-10-18
107299,TORN-M4,S,15,2025-10-18
107300,TORN-M6,S,2,2025-10-18
107301,TORN-M8,S,4,2025-10-18
107302,TURC-M6,S,87,2025-10-18
107303,TURC-M8,S,26,2025-10-18
107304,CLAV-2P,S,1,2025-10-20
107305,CLAV-3P,S,2,2025-10-20
107306,CODE-1P,S,6,2025-10-20
107307,CODE-2P,S,1,2025-10-20
107308,FOCOS-L9,S,1,2025-10-20
107309,LIJAD-1,S,3,2025-10-20
107310,LLAV-12,S,1,2025-10-20
107311,PINT-BL,S,3,2025-10-20
107312,ROND-M6,S,17,2025-10-20
107313,ROND-M8,S,8,2025-10-20
107314,TOMA-SNC,S,7,2025-10-20
107315,TORN-M10,S,9,2025-10-20
107316,TORN-M8,S,19,2025-10-20
107317,TURC-M6,S,41,2025-10-20
107318,TURC-M8,S,52,2025-10-20
107319,BROD-4P,S,1,2025-10-21
107320,CLAV-3P,S,6,2025-10-21
107321,CODE-1P,S,5,2025-10-21
107322,CODE-2P,S,1,2025-10-21
107323,ESMA-BL,S,1,2025-10-21
107324,ESMER-2,S,1,2025-10-21
107325,FOCOS-L15,S,2,2025-10-21
107326,INTE-SNC,S,1,2025-10-21
107327,LIJAD-1,S,1,2025-10-21
107328,LLAV-12,S,1,2025-10-21
107329,NIVE-60,S,1,2025-10-21
107330,PINT-BL,S,7,2025-10-21
107331,PINT-GR,S,1,2025-10-21
107332,PLIE-6P,S,2,2025-10-21
107333,ROND-M6,S,28,2025-10-21
107334,ROND-M8,S,37,2025-10-21
107335,SELL-TF,S,1,2025-10-21
107336,TOMA-DBL,S,1,2025-10-21
107337,TOMA-SNC,S,12,2025-10-21
107338,TORN-M10,S,6,2025-10-21
107339,TORN-M4,S,3,2025-10-21
107340,TORN-M6,S,2,2025-10-21
107341,TORN-M8,S,11,2025-10-21
107342,TURC-M6,S,32,2025-10-21
107343,TURC-M8,S,34,2025-10-21
107344,CLAV-3P,S,2,2025-10-22
107345,CODE-1P,S,12,2025-10-22
107346,CODE-2P,S,1,2025-10-22
107347,DEST-PH2,S,1,2025-10-22
107348,ESMA-NG,S,1,2025-10-22
107349,ESMER-1,S,1,2025-10-22
107350,FOCOS-L15,S,1,2025-10-22
107351,LIJAD-1,S,1,2025-10-22
107352,LLAV-12,S,1,2025-10-22
107353,PINT-BG,S,1,2025-10-22
107354,PINT-BL,S,3,2025-10-22
107355,ROND-M6,S,37,2025-10-22
107356,ROND-M8,S,6,2025-10-22
107357,SIER-HK,S,1,2025-10-22
107358,TORN-M10,S,11,2025-10-22
107359,TORN-M4,S,8,2025-10-22
107360,TORN-M6,S,3,2025-10-22
107361,TORN-M8,S,13,2025-10-22
107362,TURC-M6,S,7,2025-10-22
107363,TURC-M8,S,59,2025-10-22
107364,CODE-2P,E,120,2025-10-23
107365,TORN-M10,E,450,2025-10-23
107366,BROD-4P,S,3,2025-10-23
107367,CLAV-2P,S,2,2025-10-23
107368,CLAV-3P,S,2,2025-10-23
107369,CODE-1P,S,6,2025-10-23
107370,FOCOS-L15,S,1,2025-10-23
107371,FOCOS-L9,S,1,2025-10-23
107372,LIAV-10,S,1,2025-10-23
107373,LIJAD-1,S,1,2025-10-23
107374,MART-2A,S,1,2025-10-23
107375,PINT-BL,S,1,2025-10-23
107376,ROND-M6,S,26,2025-10-23
107377,ROND-M8,S,14,2025-10-23
107378,SELL-TF,S,2,2025-10-23
107379,TOMA-SNC,S,3,2025-10-23
107380,TORN-M10,S,3,2025-10-23
107381,TORN-M4,S,4,2025-10-23
107382,TORN-M6,S,5,2025-10-23
107383,TORN-M8,S,3,2025-10-23
107384,TURC-M6,S,60,2025-10-23
107385,TURC-M8,S,28,2025-10-23
107386,CLAV-2P,S,2,2025-10-24
107387,CLAV-3P,S,5,2025-10-24
107388,CODE-1P,S,18,2025-10-24
107389,CODE-2P,S,4,2025-10-24
107390,DEST-PL6,S,2,2025-10-24
107391,ESMA-NG,S,1,2025-10-24
107392,FOCOS-L15,S,1,2025-10-24
107393,FOCOS-L9,S,1,2025-10-24
107394,LIJAD-1,S,1,2025-10-24
107395,LLAV-12,S,3,2025-10-24
107396,PINT-BG,S,1,2025-10-24
107397,PINT-BL,S,3,2025-10-24
107398,ROND-M6,S,29,2025-10-24
107399,ROND-M8,S,30,2025-10-24
107400,SELL-TF,S,2,2025-10-24
107401,SIER-HK,S,1,2025-10-24
107402,TOMA-SNC,S,9,2025-10-24
107403,TORN-M10,S,10,2025-10-24
107404,TORN-M4,S,1,2025-10-24
107405,TORN-M6,S,4,2025-10-24
107406,TORN-M8,S,15,2025-10-24
107407,TURC-M6,S,16,2025-10-24
107408,TURC-M8,S,23,2025-10-24
107409,SIER-C1,E,4,2025-10-25
107410,CLAV-3P,S,3,2025-10-25
107411,CODE-1P,S,7,2025-10-25
107412,FOCOS-L15,S,1,2025-10-25
107413,FOCOS-L9,S,2,2025-10-25
107414,INTE-SNC,S,1,2025-10-25
107415,LIJAD-1,S,1,2025-10-25
107416,LLAV-12,S,1,2025-10-25
107417,NIVE-60,S,1,2025-10-25
107418,PINT-BG,S,3,2025-10-25
107419,PINT-BL,S,4,2025-10-25
107420,PLIE-8P,S,1,2025-10-25
107421,ROND-M6,S,33,2025-10-25
107422,ROND-M8,S,32,2025-10-25
107423,SELL-TF,S,3,2025-10-25
107424,TORN-M10,S,20,2025-10-25
107425,TORN-M4,S,12,2025-10-25
107426,TORN-M6,S,11,2025-10-25
107427,TORN-M8,S,4,2025-10-25
107428,TUBO-1P,S,1,2025-10-25
107429,TURC-M6,S,34,2025-10-25
107430,TURC-M8,S,16,2025-10-25
107431,CLAV-3P,E,140,2025-10-27
107432,BROD-4P,S,1,2025-10-27
107433,CINT-5M,S,2,2025-10-27
107434,CLAV-3P,S,2,2025-10-27
107435,CODE-1P,S,8,2025-10-27
107436,DEST-PL6,S,1,2025-10-27
107437,ESMA-NG,S,2,2025-10-27
107438,FOCOS-L9,S,1,2025-10-27
107439,PINT-BG,S,2,2025-10-27
107440,PINT-BL,S,2,2025-10-27
107441,ROND-M6,S,47,2025-10-27
107442,ROND-M8,S,27,2025-10-27
107443,SIER-HK,S,1,2025-10-27
107444,TOMA-DBL,S,2,2025-10-27
107445,TOMA-SNC,S,17,2025-10-27
107446,TORN-M10,S,1,2025-10-27
107447,TORN-M4,S,2,2025-10-27
107448,TORN-M6,S,13,2025-10-27
107449,TORN-M8,S,13,2025-10-27
107450,TURC-M6,S,75,2025-10-27
107451,TURC-M8,S,25,2025-10-27
107452,CODE-1P,E,300,2025-10-28
107453,BROD-4P,S,1,2025-10-28
107454,CLAV-3P,S,4,2025-10-28
107455,CODE-1P,S,3,2025-10-28
107456,CODE-2P,S,1,2025-10-28
107457,DEST-PL6,S,1,2025-10-28
107458,ESMA-NG,S,1,2025-10-28
107459,FOCOS-L15,S,1,2025-10-28
107460,FOCOS-L9,S,2,2025-10-28
107461,LIJAD-1,S,1,2025-10-28
107462,LLAV-12,S,1,2025-10-28
107463,PINT-BG,S,1,2025-10-28
107464,PINT-BL,S,4,2025-10-28
107465,PINT-GR,S,1,2025-10-28
107466,ROLLO-1,S,1,2025-10-28
107467,ROND-M6,S,13,2025-10-28
107468,ROND-M8,S,27,2025-10-28
107469,SELL-TF,S,2,2025-10-28
107470,TALDR-1,S,1,2025-10-28
107471,TOMA-SNC,S,11,2025-10-28
107472,TORN-M10,S,11,2025-10-28
107473,TORN-M4,S,6,2025-10-28
107474,TORN-M6,S,8,2025-10-28
107475,TORN-M8,S,8,2025-10-28
107476,TURC-M6,S,113,2025-10-28
107477,TURC-M8,S,19,2025-10-28
107478,BROD-2P,S,1,2025-10-29
107479,CLAV-2P,S,1,2025-10-29
107480,CLAV-3P,S,1,2025-10-29
107481,CODE-1P,S,1,2025-10-29
107482,CODE-2P,S,1,2025-10-29
107483,DEST-PH2,S,1,2025-10-29
107484,DEST-PL6,S,3,2025-10-29
107485,FOCOS-L15,S,1,2025-10-29
107486,INTE-SNC,S,2,2025-10-29
107487,LIJAD-1,S,2,2025-10-29
107488,PINT-BG,S,2,2025-10-29
107489,PINT-BL,S,3,2025-10-29
107490,PINT-GR,S,1,2025-10-29
107491,ROND-M6,S,14,2025-10-29
107492,ROND-M8,S,20,2025-10-29
107493,SELL-TF,S,3,2025-10-29
107494,TOMA-SNC,S,1,2025-10-29
107495,TORN-M10,S,1,2025-10-29
107496,TORN-M6,S,9,2025-10-29
107497,TORN-M8,S,32,2025-10-29
107498,TURC-M6,S,30,2025-10-29
107499,TURC-M8,S,14,2025-10-29
107500,CINT-5M,S,1,2025-10-30
107501,CLAV-2P,S,1,2025-10-30
107502,CLAV-3P,S,2,2025-10-30
107503,CODE-1P,S,3,2025-10-30
107504,CODE-2P,S,2,2025-10-30
107505,ESMA-BL,S,1,2025-10-30
107506,PLIE-6P,S,1,2025-10-30
107507,ROND-M6,S,42,2025-10-30
107508,ROND-M8,S,9,2025-10-30
107509,SELL-TF,S,2,2025-10-30
107510,TOMA-SNC,S,22,2025-10-30
107511,TORN-M10,S,9,2025-10-30
107512,TORN-M4,S,6,2025-10-30
107513,TORN-M8,S,7,2025-10-30
107514,TUBO-2P,S,21,2025-10-30
107515,TURC-M6,S,141,2025-10-30
107516,TURC-M8,S,57,2025-10-30
107517,BROD-4P,S,1,2025-10-31
107518,CALAD-1,S,1,2025-10-31
107519,CLAV-3P,S,4,2025-10-31
107520,CODE-2P,S,1,2025-10-31
107521,ESMA-NG,S,2,2025-10-31
107522,FOCOS-L15,S,2,2025-10-31
107523,LIJAD-1,S,3,2025-10-31
107524,LLAV-12,S,1,2025-10-31
107525,MART-2A,S,2,2025-10-31
107526,PINT-BG,S,2,2025-10-31
107527,PINT-BL,S,9,2025-10-31
107528,ROND-M6,S,29,2025-10-31
107529,ROND-M8,S,20,2025-10-31
107530,TOMA-SNC,S,33,2025-10-31
107531,TORN-M10,S,3,2025-10-31
107532,TORN-M6,S,9,2025-10-31
107533,TORN-M8,S,8,2025-10-31
107534,TURC-M6,S,30,2025-10-31
107535,TURC-M8,S,31,2025-10-31
107536,CABL-14,S,6,2025-11-01
107537,CLAV-3P,S,1,2025-11-01
107538,CODE-1P,S,10,2025-11-01
107539,FOCOS-L15,S,2,2025-11-01
107540,FOCOS-L9,S,11,2025-11-01
107541,INTE-SNC,S,1,2025-11-01
107542,LLAV-12,S,2,2025-11-01
107543,PINT-BG,S,2,2025-11-01
107544,PINT-BL,S,8,2025-11-01
107545,PINT-GR,S,1,2025-11-01
107546,ROND-M6,S,37,2025-11-01
107547,ROND-M8,S,37,2025-11-01
107548,TOMA-SNC,S,12,2025-11-01
107549,TORN-M10,S,15,2025-11-01
107550,TORN-M4,S,1,2025-11-01
107551,TORN-M6,S,1,2025-11-01
107552,TORN-M8,S,15,2025-11-01
107553,TURC-M6,S,48,2025-11-01
107554,TURC-M8,S,27,2025-11-01
107555,BROD-4P,E,30,2025-11-03
107556,NIVE-60,E,20,2025-11-03
107557,TUBO-2P,E,38,2025-11-03
107558,CABL-12,S,11,2025-11-03
107559,DEST-PL6,S,1,2025-11-03
107560,LIJAD-1,S,3,2025-11-03
107561,MART-2A,S,2,2025-11-03
107562,PINT-BL,S,4,2025-11-03
107563,PINT-GR,S,1,2025-11-03
107564,ROND-M6,S,29,2025-11-03
107565,ROND-M8,S,8,2025-11-03
107566,TORN-M10,S,6,2025-11-03
107567,TORN-M4,S,3,2025-11-03
107568,TORN-M6,S,6,2025-11-03
107569,TORN-M8,S,9,2025-11-03
107570,TURC-M6,S,147,2025-11-03
107571,TURC-M8,S,26,2025-11-03
107572,SIER-HK,E,16,2025-11-04
107573,BROD-2P,S,1,2025-11-04
107574,CLAV-3P,S,1,2025-11-04
107575,CODE-1P,S,3,2025-11-04
107576,CODE-2P,S,1,2025-11-04
107577,DEST-PL6,S,1,2025-11-04
107578,ESMA-NG,S,1,2025-11-04
107579,FOCOS-L9,S,1,2025-11-04
107580,LIJAD-1,S,1,2025-11-04
107581,PINT-GR,S,2,2025-11-04
107582,ROND-M6,S,12,2025-11-04
107583,ROND-M8,S,24,2025-11-04
107584,TOMA-SNC,S,27,2025-11-04
107585,TORN-M10,S,4,2025-11-04
107586,TORN-M4,S,4,2025-11-04
107587,TORN-M6,S,1,2025-11-04
107588,TUBO-2P,S,17,2025-11-04
107589,TURC-M6,S,31,2025-11-04
107590,TURC-M8,S,4,2025-11-04
107591,TURC-M8,E,1450,2025-11-05
107592,BROD-4P,S,1,2025-11-05
107593,CLAV-3P,S,1,2025-11-05
107594,CODE-1P,S,6,2025-11-05
107595,CODE-2P,S,4,2025-11-05
107596,DEST-PH2,S,2,2025-11-05
107597,ESMA-NG,S,1,2025-11-05
107598,FOCOS-L15,S,2,2025-11-05
107599,INTE-SNC,S,1,2025-11-05
107600,LIAV-10,S,1,2025-11-05
107601,LIJAD-1,S,3,2025-11-05
107602,LLAV-12,S,4,2025-11-05
107603,PINT-BL,S,11,2025-11-05
107604,ROND-M6,S,39,2025-11-05
107605,ROND-M8,S,3,2025-11-05
107606,SIER-HK,S,1,2025-11-05
107607,TOMA-SNC,S,23,2025-11-05
107608,TORN-M10,S,1,2025-11-05
107609,TORN-M6,S,6,2025-11-05
107610,TORN-M8,S,3,2025-11-05
107611,TUBO-2P,S,13,2025-11-05
107612,TURC-M6,S,65,2025-11-05
107613,TURC-M8,S,13,2025-11-05
107614,TURC-M6,E,3000,2025-11-06
107615,CLAV-2P,S,1,2025-11-06
107616,CLAV-3P,S,1,2025-11-06
107617,CODE-1P,S,8,2025-11-06
107618,ESMA-NG,S,1,2025-11-06
107619,FOCOS-L9,S,2,2025-11-06
107620,LIJAD-1,S,1,2025-11-06
107621,LLAV-12,S,1,2025-11-06
107622,MART-2A,S,6,2025-11-06
107623,PINT-BL,S,4,2025-11-06
107624,PLIE-8P,S,3,2025-11-06
107625,ROND-M6,S,21,2025-11-06
107626,ROND-M8,S,36,2025-11-06
107627,TOMA-SNC,S,4,2025-11-06
107628,TORN-M10,S,4,2025-11-06
107629,TORN-M4,S,5,2025-11-06
107630,TORN-M6,S,8,2025-11-06
107631,TORN-M8,S,4,2025-11-06
107632,TUBO-2P,S,16,2025-11-06
107633,TURC-M6,S,136,2025-11-06
107634,TURC-M8,S,46,2025-11-06
107635,ROLLO-1,E,20,2025-11-07
107636,BROD-2P,S,1,2025-11-07
107637,CLAV-3P,S,1,2025-11-07
107638,CODE-1P,S,5,2025-11-07
107639,CODE-2P,S,1,2025-11-07
107640,FOCOS-L15,S,1,2025-11-07
107641,LIJAD-1,S,1,2025-11-07
107642,MART-1A,S,1,2025-11-07
107643,MART-2A,S,1,2025-11-07
107644,NIVE-60,S,1,2025-11-07
107645,PINT-BG,S,1,2025-11-07
107646,PINT-BL,S,4,2025-11-07
107647,PINT-GR,S,1,2025-11-07
107648,ROND-M6,S,28,2025-11-07
107649,ROND-M8,S,32,2025-11-07
107650,SELL-TF,S,1,2025-11-07
107651,SOPLA-1,S,1,2025-11-07
107652,TOMA-SNC,S,3,2025-11-07
107653,TORN-M10,S,5,2025-11-07
107654,TORN-M4,S,3,2025-11-07
107655,TORN-M8,S,23,2025-11-07
107656,TURC-M6,S,95,2025-11-07
107657,TURC-M8,S,76,2025-11-07
107658,DEST-PH2,E,30,2025-11-08
107659,CABL-12,S,9,2025-11-08
107660,CLAV-3P,S,2,2025-11-08
107661,CODE-1P,S,4,2025-11-08
107662,CODE-2P,S,1,2025-11-08
107663,ESMA-NG,S,1,2025-11-08
107664,LLAV-12,S,1,2025-11-08
107665,PINT-BL,S,10,2025-11-08
107666,PINT-GR,S,3,2025-11-08
107667,ROND-M6,S,23,2025-11-08
107668,ROND-M8,S,15,2025-11-08
107669,SELL-TF,S,4,2025-11-08
107670,TOMA-DBL,S,1,2025-11-08
107671,TOMA-SNC,S,10,2025-11-08
107672,TORN-M10,S,2,2025-11-08
107673,TORN-M6,S,1,2025-11-08
107674,TORN-M8,S,16,2025-11-08
107675,TURC-M6,S,22,2025-11-08
107676,TURC-M8,S,39,2025-11-08
107677,PINT-BG,E,38,2025-11-10
107678,PINT-BL,E,200,2025-11-10
107679,CABL-12,S,5,2025-11-10
107680,CABL-14,S,9,2025-11-10
107681,CLAV-3P,S,1,2025-11-10
107682,CODE-1P,S,8,2025-11-10
107683,CODE-2P,S,6,2025-11-10
107684,DEST-PL6,S,1,2025-11-10
107685,ESMA-BL,S,1,2025-11-10
107686,FOCOS-L9,S,2,2025-11-10
107687,PINT-BL,S,1,2025-11-10
107688,PINT-GR,S,2,2025-11-10
107689,ROND-M6,S,34,2025-11-10
107690,ROND-M8,S,25,2025-11-10
107691,SELL-TF,S,1,2025-11-10
107692,TOMA-SNC,S,12,2025-11-10
107693,TORN-M10,S,1,2025-11-10
107694,TORN-M6,S,9,2025-11-10
107695,TORN-M8,S,51,2025-11-10
107696,TURC-M6,S,151,2025-11-10
107697,TURC-M8,S,44,2025-11-10
107698,TUBO-2P,E,46,2025-11-11
107699,CODE-2P,S,2,2025-11-11
107700,FOCOS-L15,S,3,2025-11-11
107701,FOCOS-L9,S,2,2025-11-11
107702,LIJAD-1,S,2,2025-11-11
107703,LLAV-12,S,1,2025-11-11
107704,MART-2A,S,1,2025-11-11
107705,PINT-BL,S,3,2025-11-11
107706,PLIE-6P,S,2,2025-11-11
107707,ROND-M6,S,16,2025-11-11
107708,ROND-M8,S,8,2025-11-11
107709,TOMA-SNC,S,2,2025-11-11
107710,TORN-M10,S,5,2025-11-11
107711,TORN-M4,S,3,2025-11-11
107712,TORN-M8,S,31,2025-11-11
107713,TURC-M6,S,52,2025-11-11
107714,TURC-M8,S,28,2025-11-11
107715,CALAD-1,E,8,2025-11-12
107716,CINT-5M,S,1,2025-11-12
107717,CLAV-3P,S,2,2025-11-12
107718,CODE-1P,S,2,2025-11-12
107719,CODE-2P,S,1,2025-11-12
107720,DEST-PL6,S,1,2025-11-12
107721,ESMA-NG,S,2,2025-11-12
107722,ESMER-2,S,1,2025-11-12
107723,FOCOS-L15,S,1,2025-11-12
107724,FOCOS-L9,S,4,2025-11-12
107725,LIAV-10,S,2,2025-11-12
107726,LIJAD-1,S,6,2025-11-12
107727,LLAV-12,S,3,2025-11-12
107728,NIVE-60,S,2,2025-11-12
107729,PINT-BG,S,1,2025-11-12
107730,PINT-BL,S,6,2025-11-12
107731,PLIE-6P,S,1,2025-11-12
107732,ROND-M6,S,20,2025-11-12
107733,ROND-M8,S,11,2025-11-12
107734,TOMA-SNC,S,12,2025-11-12
107735,TORN-M10,S,1,2025-11-12
107736,TORN-M4,S,3,2025-11-12
107737,TORN-M6,S,11,2025-11-12
107738,TORN-M8,S,8,2025-11-12
107739,TURC-M6,S,29,2025-11-12
107740,TURC-M8,S,59,2025-11-12
107741,BROD-4P,S,2,2025-11-13
107742,CLAV-3P,S,3,2025-11-13
107743,CODE-1P,S,1,2025-11-13
107744,CODE-2P,S,2,2025-11-13
107745,DEST-PL6,S,2,2025-11-13
107746,FOCOS-L9,S,1,2025-11-13
107747,LLAV-12,S,2,2025-11-13
107748,MART-1A,S,1,2025-11-13
107749,NIVE-60,S,1,2025-11-13
107750,PINT-BL,S,1,2025-11-13
107751,PINT-GR,S,1,2025-11-13
107752,PLIE-8P,S,1,2025-11-13
107753,ROND-M6,S,19,2025-11-13
107754,ROND-M8,S,24,2025-11-13
107755,SELL-TF,S,2,2025-11-13
107756,TOMA-SNC,S,8,2025-11-13
107757,TORN-M10,S,5,2025-11-13
107758,TORN-M4,S,13,2025-11-13
107759,TORN-M6,S,3,2025-11-13
107760,TORN-M8,S,17,2025-11-13
107761,TURC-M6,S,80,2025-11-13
107762,TURC-M8,S,14,2025-11-13
107763,CINT-5M,S,1,2025-11-14
107764,CLAV-2P,S,2,2025-11-14
107765,CLAV-3P,S,1,2025-11-14
107766,CODE-1P,S,16,2025-11-14
107767,CODE-2P,S,1,2025-11-14
107768,ESMA-NG,S,1,2025-11-14
107769,ESMER-1,S,1,2025-11-14
107770,FOCOS-L15,S,1,2025-11-14
107771,FOCOS-L9,S,1,2025-11-14
107772,LLAV-12,S,1,2025-11-14
107773,PINT-BL,S,9,2025-11-14
107774,ROND-M6,S,5,2025-11-14
107775,ROND-M8,S,31,2025-11-14
107776,SIER-C1,S,1,2025-11-14
107777,TOMA-SNC,S,4,2025-11-14
107778,TORN-M10,S,10,2025-11-14
107779,TORN-M4,S,2,2025-11-14
107780,TORN-M6,S,9,2025-11-14
107781,TORN-M8,S,19,2025-11-14
107782,TURC-M6,S,97,2025-11-14
107783,TURC-M8,S,3,2025-11-14
107784,CLAV-3P,S,2,2025-11-15
107785,CODE-1P,S,5,2025-11-15
107786,CODE-2P,S,1,2025-11-15
107787,ESMA-NG,S,3,2025-11-15
107788,FOCOS-L9,S,5,2025-11-15
107789,MART-2A,S,2,2025-11-15
107790,PINT-BG,S,1,2025-11-15
107791,PINT-BL,S,12,2025-11-15
107792,ROND-M6,S,69,2025-11-15
107793,ROND-M8,S,46,2025-11-15
107794,SELL-TF,S,1,2025-11-15
107795,TALDR-1,S,1,2025-11-15
107796,TOMA-SNC,S,16,2025-11-15
107797,TORN-M10,S,16,2025-11-15
107798,TORN-M4,S,14,2025-11-15
107799,TORN-M6,S,9,2025-11-15
107800,TORN-M8,S,8,2025-11-15
107801,TURC-M6,S,46,2025-11-15
107802,TURC-M8,S,64,2025-11-15
107803,LIJAD-1,E,39,2025-11-17
107804,CINT-5M,S,1,2025-11-17
107805,CLAV-2P,S,1,2025-11-17
107806,CLAV-3P,S,1,2025-11-17
107807,CODE-1P,S,4,2025-11-17
107808,FOCOS-L9,S,6,2025-11-17
107809,MART-1A,S,1,2025-11-17
107810,MART-2A,S,1,2025-11-17
107811,PINT-BG,S,2,2025-11-17
107812,ROND-M6,S,40,2025-11-17
107813,ROND-M8,S,3,2025-11-17
107814,TABL-1P,S,1,2025-11-17
107815,TOMA-DBL,S,1,2025-11-17
107816,TOMA-SNC,S,22,2025-11-17
107817,TORN-M10,S,15,2025-11-17
107818,TORN-M4,S,19,2025-11-17
107819,TORN-M6,S,8,2025-11-17
107820,TORN-M8,S,4,2025-11-17
107821,TURC-M6,S,10,2025-11-17
107822,TURC-M8,S,27,2025-11-17
107823,CLAV-2P,S,1,2025-11-18
107824,CLAV-3P,S,7,2025-11-18
107825,CODE-1P,S,10,2025-11-18
107826,CODE-2P,S,3,2025-11-18
107827,ESMA-NG,S,4,2025-11-18
107828,FOCOS-L15,S,1,2025-11-18
107829,INTE-SNC,S,1,2025-11-18
107830,LIJAD-1,S,5,2025-11-18
107831,ROND-M6,S,20,2025-11-18
107832,ROND-M8,S,10,2025-11-18
107833,SELL-TF,S,1,2025-11-18
107834,TOMA-SNC,S,13,2025-11-18
107835,TORN-M10,S,4,2025-11-18
107836,TORN-M4,S,4,2025-11-18
107837,TORN-M6,S,4,2025-11-18
107838,TORN-M8,S,18,2025-11-18
107839,TURC-M6,S,38,2025-11-18
107840,TURC-M8,S,57,2025-11-18
107841,CABL-14,E,15,2025-11-19
107842,CLAV-2P,S,1,2025-11-19
107843,CLAV-3P,S,1,2025-11-19
107844,CODE-1P,S,4,2025-11-19
107845,ESMA-NG,S,1,2025-11-19
107846,LIJAD-1,S,2,2025-11-19
107847,MART-2A,S,1,2025-11-19
107848,NIVE-60,S,1,2025-11-19
107849,PINT-BL,S,12,2025-11-19
107850,PLIE-6P,S,1,2025-11-19
107851,ROLLO-1,S,1,2025-11-19
107852,ROND-M6,S,34,2025-11-19
107853,ROND-M8,S,68,2025-11-19
107854,SELL-TF,S,3,2025-11-19
107855,TABL-1P,S,1,2025-11-19
107856,TOMA-SNC,S,2,2025-11-19
107857,TORN-M10,S,7,2025-11-19
107858,TORN-M4,S,2,2025-11-19
107859,TORN-M6,S,6,2025-11-19
107860,TORN-M8,S,4,2025-11-19
107861,TUBO-1P,S,1,2025-11-19
107862,TURC-M6,S,60,2025-11-19
107863,TURC-M8,S,39,2025-11-19
107864,CLAV-3P,S,1,2025-11-20
107865,CODE-1P,S,1,2025-11-20
107866,CODE-2P,S,1,2025-11-20
107867,ESMA-NG,S,3,2025-11-20
107868,FOCOS-L15,S,1,2025-11-20
107869,FOCOS-L9,S,1,2025-11-20
107870,LIAV-10,S,1,2025-11-20
107871,LIJAD-1,S,1,2025-11-20
107872,PINT-BG,S,4,2025-11-20
107873,PINT-BL,S,5,2025-11-20
107874,PLIE-8P,S,1,2025-11-20
107875,ROND-M6,S,35,2025-11-20
107876,ROND-M8,S,15,2025-11-20
107877,SELL-TF,S,1,2025-11-20
107878,SOPLA-1,S,1,2025-11-20
107879,TOMA-SNC,S,28,2025-11-20
107880,TORN-M10,S,6,2025-11-20
107881,TORN-M4,S,2,2025-11-20
107882,TORN-M6,S,3,2025-11-20
107883,TORN-M8,S,7,2025-11-20
107884,TURC-M6,S,83,2025-11-20
107885,TURC-M8,S,36,2025-11-20
107886,BROD-2P,S,1,2025-11-21
107887,BROD-4P,S,1,2025-11-21
107888,CLAV-3P,S,7,2025-11-21
107889,CODE-1P,S,4,2025-11-21
107890,DEST-PH2,S,1,2025-11-21
107891,ESMA-NG,S,1,2025-11-21
107892,FOCOS-L15,S,1,2025-11-21
107893,FOCOS-L9,S,2,2025-11-21
107894,INTE-SNC,S,1,2025-11-21
107895,LLAV-12,S,2,2025-11-21
107896,MART-2A,S,1,2025-11-21
107897,PINT-BL,S,5,2025-11-21
107898,ROLLO-1,S,1,2025-11-21
107899,ROND-M6,S,17,2025-11-21
107900,ROND-M8,S,49,2025-11-21
107901,TOMA-DBL,S,1,2025-11-21
107902,TOMA-SNC,S,20,2025-11-21
107903,TORN-M10,S,2,2025-11-21
107904,TORN-M4,S,1,2025-11-21
107905,TORN-M6,S,2,2025-11-21
107906,TORN-M8,S,8,2025-11-21
107907,TURC-M6,S,26,2025-11-21
107908,TURC-M8,S,11,2025-11-21
107909,FOCOS-L9,E,120,2025-11-22
107910,BROD-4P,S,1,2025-11-22
107911,CODE-1P,S,2,2025-11-22
107912,CODE-2P,S,2,2025-11-22
107913,DEST-PH2,S,2,2025-11-22
107914,ESMA-NG,S,3,2025-11-22
107915,LIJAD-1,S,2,2025-11-22
107916,PINT-BG,S,1,2025-11-22
107917,PINT-BL,S,3,2025-11-22
107918,PINT-GR,S,2,2025-11-22
107919,PLIE-6P,S,1,2025-11-22
107920,ROND-M6,S,15,2025-11-22
107921,ROND-M8,S,81,2025-11-22
107922,TOMA-SNC,S,13,2025-11-22
107923,TORN-M10,S,2,2025-11-22
107924,TORN-M4,S,4,2025-11-22
107925,TORN-M6,S,7,2025-11-22
107926,TORN-M8,S,2,2025-11-22
107927,TURC-M6,S,28,2025-11-22
107928,TURC-M8,S,86,2025-11-22
107929,CLAV-2P,E,60,2025-11-24
107930,ESMA-NG,E,43,2025-11-24
107931,BROD-4P,S,1,2025-11-24
107932,CLAV-3P,S,4,2025-11-24
107933,CODE-1P,S,16,2025-11-24
107934,CODE-2P,S,1,2025-11-24
107935,DEST-PL6,S,1,2025-11-24
107936,ESMA-NG,S,1,2025-11-24
107937,FOCOS-L15,S,1,2025-11-24
107938,INTE-SNC,S,2,2025-11-24
107939,LLAV-12,S,1,2025-11-24
107940,MART-2A,S,1,2025-11-24
107941,NIVE-60,S,1,2025-11-24
107942,PINT-BG,S,1,2025-11-24
107943,PINT-BL,S,1,2025-11-24
107944,PINT-GR,S,2,2025-11-24
107945,PLIE-6P,S,1,2025-11-24
107946,ROND-M6,S,27,2025-11-24
107947,ROND-M8,S,4,2025-11-24
107948,TALDR-2,S,1,2025-11-24
107949,TOMA-SNC,S,5,2025-11-24
107950,TORN-M10,S,3,2025-11-24
107951,TORN-M4,S,11,2025-11-24
107952,TORN-M6,S,3,2025-11-24
107953,TORN-M8,S,17,2025-11-24
107954,TUBO-1P,S,1,2025-11-24
107955,TURC-M6,S,178,2025-11-24
107956,TURC-M8,S,73,2025-11-24
107957,MART-2A,E,45,2025-11-25
107958,CLAV-2P,S,2,2025-11-25
107959,CODE-1P,S,4,2025-11-25
107960,CODE-2P,S,3,2025-11-25
107961,FOCOS-L15,S,1,2025-11-25
107962,FOCOS-L9,S,3,2025-11-25
107963,PINT-BG,S,1,2025-11-25
107964,PINT-BL,S,17,2025-11-25
107965,ROND-M6,S,38,2025-11-25
107966,ROND-M8,S,18,2025-11-25
107967,SIER-C1,S,1,2025-11-25
107968,TOMA-SNC,S,23,2025-11-25
107969,TORN-M10,S,15,2025-11-25
107970,TORN-M4,S,5,2025-11-25
107971,TORN-M6,S,11,2025-11-25
107972,TUBO-1P,S,2,2025-11-25
107973,TURC-M6,S,84,2025-11-25
107974,TURC-M8,S,44,2025-11-25
107975,CLAV-3P,S,2,2025-11-26
107976,CODE-1P,S,3,2025-11-26
107977,DEST-PH2,S,1,2025-11-26
107978,ESMA-NG,S,4,2025-11-26
107979,FOCOS-L9,S,1,2025-11-26
107980,INTE-SNC,S,1,2025-11-26
107981,LIJAD-1,S,2,2025-11-26
107982,MART-1A,S,1,2025-11-26
107983,PINT-BG,S,1,2025-11-26
107984,PLIE-6P,S,1,2025-11-26
107985,ROND-M6,S,28,2025-11-26
107986,ROND-M8,S,22,2025-11-26
107987,SOPLA-1,S,1,2025-11-26
107988,TOMA-DBL,S,1,2025-11-26
107989,TOMA-SNC,S,3,2025-11-26
107990,TORN-M10,S,8,2025-11-26
107991,TORN-M4,S,1,2025-11-26
107992,TORN-M8,S,32,2025-11-26
107993,TUBO-1P,S,1,2025-11-26
107994,TURC-M6,S,50,2025-11-26
107995,TURC-M8,S,22,2025-11-26
107996,BROD-2P,S,1,2025-11-27
107997,CLAV-3P,S,2,2025-11-27
107998,CODE-1P,S,6,2025-11-27
107999,CODE-2P,S,1,2025-11-27
108000,ESMA-NG,S,4,2025-11-27
108001,ESMER-1,S,1,2025-11-27
108002,ESMER-2,S,1,2025-11-27
108003,FOCOS-L15,S,1,2025-11-27
108004,LIJAD-1,S,1,2025-11-27
108005,LLAV-12,S,1,2025-11-27
108006,PINT-BL,S,4,2025-11-27
108007,PINT-GR,S,1,2025-11-27
108008,ROND-M6,S,6,2025-11-27
108009,ROND-M8,S,19,2025-11-27
108010,SIER-HK,S,3,2025-11-27
108011,TALDR-1,S,2,2025-11-27
108012,TOMA-SNC,S,4,2025-11-27
108013,TORN-M10,S,1,2025-11-27
108014,TORN-M4,S,5,2025-11-27
108015,TORN-M6,S,1,2025-11-27
108016,TORN-M8,S,25,2025-11-27
108017,TUBO-1P,S,1,2025-11-27
108018,TURC-M6,S,40,2025-11-27
108019,TURC-M8,S,1,2025-11-27
108020,TOMA-SNC,E,490,2025-11-28
108021,BROD-4P,S,1,2025-11-28
108022,CLAV-3P,S,1,2025-11-28
108023,CODE-1P,S,7,2025-11-28
108024,CODE-2P,S,3,2025-11-28
108025,ESMA-NG,S,2,2025-11-28
108026,FOCOS-L15,S,1,2025-11-28
108027,FOCOS-L9,S,5,2025-11-28
108028,LIJAD-1,S,2,2025-11-28
108029,LLAV-12,S,3,2025-11-28
108030,ROLLO-1,S,1,2025-11-28
108031,ROND-M6,S,17,2025-11-28
108032,ROND-M8,S,9,2025-11-28
108033,SELL-TF,S,2,2025-11-28
108034,TOMA-DBL,S,1,2025-11-28
108035,TOMA-SNC,S,7,2025-11-28
108036,TORN-M10,S,4,2025-11-28
108037,TORN-M4,S,5,2025-11-28
108038,TORN-M6,S,1,2025-11-28
108039,TORN-M8,S,12,2025-11-28
108040,TURC-M6,S,401,2025-11-28
108041,TURC-M8,S,52,2025-11-28
108042,TORN-M8,E,700,2025-11-29
108043,BROD-4P,S,2,2025-11-29
108044,CODE-1P,S,5,2025-11-29
108045,CODE-2P,S,3,2025-11-29
108046,DEST-PL6,S,1,2025-11-29
108047,FOCOS-L9,S,1,2025-11-29
108048,INTE-SNC,S,1,2025-11-29
108049,LLAV-12,S,2,2025-11-29
108050,MART-2A,S,1,2025-11-29
108051,PINT-GR,S,1,2025-11-29
108052,ROND-M6,S,27,2025-11-29
108053,ROND-M8,S,2,2025-11-29
108054,SELL-TF,S,6,2025-11-29
108055,TOMA-SNC,S,6,2025-11-29
108056,TORN-M10,S,13,2025-11-29
108057,TORN-M4,S,4,2025-11-29
108058,TORN-M6,S,3,2025-11-29
108059,TORN-M8,S,5,2025-11-29
108060,TURC-M6,S,100,2025-11-29
108061,TURC-M8,S,33,2025-11-29
108062,TORN-M6,E,850,2025-12-01
108063,CLAV-2P,S,2,2025-12-01
108064,CLAV-3P,S,1,2025-12-01
108065,CODE-1P,S,5,2025-12-01
108066,CODE-2P,S,1,2025-12-01
108067,DEST-PH2,S,1,2025-12-01
108068,DEST-PL6,S,1,2025-12-01
108069,FOCOS-L9,S,3,2025-12-01
108070,LLAV-12,S,2,2025-12-01
108071,PINT-BL,S,1,2025-12-01
108072,ROLLO-1,S,1,2025-12-01
108073,ROND-M6,S,33,2025-12-01
108074,ROND-M8,S,14,2025-12-01
108075,SELL-TF,S,1,2025-12-01
108076,TOMA-SNC,S,14,2025-12-01
108077,TORN-M10,S,12,2025-12-01
108078,TORN-M4,S,3,2025-12-01
108079,TORN-M6,S,1,2025-12-01
108080,TORN-M8,S,1,2025-12-01
108081,TURC-M6,S,78,2025-12-01
108082,TURC-M8,S,4,2025-12-01
108083,BROD-4P,S,4,2025-12-02
108084,CLAV-3P,S,1,2025-12-02
108085,CODE-1P,S,2,2025-12-02
108086,DEST-PL6,S,2,2025-12-02
108087,ESMA-NG,S,3,2025-12-02
108088,ESMER-1,S,1,2025-12-02
108089,FOCOS-L9,S,1,2025-12-02
108090,LIJAD-1,S,3,2025-12-02
108091,LLAV-12,S,2,2025-12-02
108092,MART-2A,S,1,2025-12-02
108093,PINT-BG,S,4,2025-12-02
108094,PINT-BL,S,4,2025-12-02
108095,ROND-M6,S,22,2025-12-02
108096,ROND-M8,S,23,2025-12-02
108097,TOMA-DBL,S,1,2025-12-02
108098,TOMA-SNC,S,1,2025-12-02
108099,TORN-M4,S,4,2025-12-02
108100,TORN-M6,S,8,2025-12-02
108101,TORN-M8,S,15,2025-12-02
108102,TURC-M6,S,124,2025-12-02
108103,TURC-M8,S,8,2025-12-02
108104,ESMER-1,E,6,2025-12-03
108105,CINT-5M,S,1,2025-12-03
108106,CLAV-2P,S,1,2025-12-03
108107,CLAV-3P,S,1,2025-12-03
108108,CODE-1P,S,3,2025-12-03
108109,FOCOS-L15,S,1,2025-12-03
108110,FOCOS-L9,S,6,2025-12-03
108111,INTE-SNC,S,1,2025-12-03
108112,LIJAD-1,S,2,2025-12-03
108113,NIVE-60,S,1,2025-12-03
108114,PINT-BL,S,2,2025-12-03
108115,PINT-GR,S,1,2025-12-03
108116,PLIE-6P,S,1,2025-12-03
108117,ROND-M6,S,12,2025-12-03
108118,ROND-M8,S,4,2025-12-03
108119,SELL-TF,S,1,2025-12-03
108120,SIER-C1,S,1,2025-12-03
108121,TOMA-SNC,S,17,2025-12-03
108122,TORN-M10,S,6,2025-12-03
108123,TORN-M4,S,2,2025-12-03
108124,TORN-M6,S,1,2025-12-03
108125,TORN-M8,S,1,2025-12-03
108126,TURC-M6,S,108,2025-12-03
108127,TURC-M8,S,36,2025-12-03
108128,PINT-GR,E,30,2025-12-04
108129,CLAV-3P,S,2,2025-12-04
108130,CODE-1P,S,9,2025-12-04
108131,ESMA-NG,S,2,2025-12-04
108132,FOCOS-L15,S,1,2025-12-04
108133,LIJAD-1,S,1,2025-12-04
108134,MART-2A,S,1,2025-12-04
108135,NIVE-60,S,1,2025-12-04
108136,PINT-BL,S,2,2025-12-04
108137,ROND-M6,S,29,2025-12-04
108138,ROND-M8,S,23,2025-12-04
108139,SELL-TF,S,1,2025-12-04
108140,TOMA-SNC,S,18,2025-12-04
108141,TORN-M10,S,4,2025-12-04
108142,TORN-M4,S,2,2025-12-04
108143,TORN-M6,S,1,2025-12-04
108144,TORN-M8,S,3,2025-12-04
108145,TURC-M6,S,101,2025-12-04
108146,TURC-M8,S,10,2025-12-04
108147,LLAV-12,E,37,2025-12-05
108148,BROD-4P,S,1,2025-12-05
108149,CLAV-3P,S,2,2025-12-05
108150,CODE-1P,S,7,2025-12-05
108151,DEST-PL6,S,1,2025-12-05
108152,FOCOS-L15,S,2,2025-12-05
108153,FOCOS-L9,S,4,2025-12-05
108154,LIAV-10,S,1,2025-12-05
108155,LLAV-12,S,4,2025-12-05
108156,MART-2A,S,3,2025-12-05
108157,NIVE-60,S,1,2025-12-05
108158,PINT-BG,S,2,2025-12-05
108159,PINT-BL,S,1,2025-12-05
108160,ROND-M6,S,10,2025-12-05
108161,ROND-M8,S,20,2025-12-05
108162,TABL-1P,S,1,2025-12-05
108163,TOMA-SNC,S,2,2025-12-05
108164,TORN-M10,S,6,2025-12-05
108165,TORN-M4,S,12,2025-12-05
108166,TORN-M6,S,9,2025-12-05
108167,TORN-M8,S,6,2025-12-05
108168,TURC-M6,S,38,2025-12-05
108169,TURC-M8,S,64,2025-12-05
108170,CINT-5M,S,1,2025-12-06
108171,CLAV-3P,S,4,2025-12-06
108172,CODE-1P,S,1,2025-12-06
108173,ESMA-NG,S,3,2025-12-06
108174,FOCOS-L15,S,2,2025-12-06
108175,FOCOS-L9,S,3,2025-12-06
108176,INTE-SNC,S,1,2025-12-06
108177,LIJAD-1,S,2,2025-12-06
108178,MART-2A,S,1,2025-12-06
108179,PINT-BL,S,3,2025-12-06
108180,PINT-GR,S,1,2025-12-06
108181,ROND-M6,S,34,2025-12-06
108182,ROND-M8,S,21,2025-12-06
108183,TOMA-SNC,S,9,2025-12-06
108184,TORN-M10,S,9,2025-12-06
108185,TORN-M4,S,1,2025-12-06
108186,TORN-M6,S,9,2025-12-06
108187,TORN-M8,S,2,2025-12-06
108188,TURC-M6,S,1,2025-12-06
108189,TURC-M8,S,36,2025-12-06
108190,CLAV-3P,S,6,2025-12-08
108191,CODE-1P,S,8,2025-12-08
108192,CODE-2P,S,4,2025-12-08
108193,ESMA-NG,S,3,2025-12-08
108194,FOCOS-L15,S,1,2025-12-08
108195,FOCOS-L9,S,1,2025-12-08
108196,LIJAD-1,S,3,2025-12-08
108197,LLAV-12,S,2,2025-12-08
108198,MART-2A,S,1,2025-12-08
108199,PINT-BG,S,2,2025-12-08
108200,PINT-BL,S,1,2025-12-08
108201,PINT-GR,S,2,2025-12-08
108202,ROND-M6,S,9,2025-12-08
108203,ROND-M8,S,10,2025-12-08
108204,TOMA-SNC,S,18,2025-12-08
108205,TORN-M10,S,29,2025-12-08
108206,TORN-M4,S,10,2025-12-08
108207,TORN-M6,S,3,2025-12-08
108208,TORN-M8,S,4,2025-12-08
108209,TURC-M6,S,16,2025-12-08
108210,TURC-M8,S,28,2025-12-08
108211,ESMER-2,E,4,2025-12-09
108212,CLAV-3P,S,2,2025-12-09
108213,CODE-1P,S,10,2025-12-09
108214,CODE-2P,S,2,2025-12-09
108215,ESMA-NG,S,1,2025-12-09
108216,FOCOS-L9,S,2,2025-12-09
108217,MART-2A,S,3,2025-12-09
108218,PINT-BL,S,8,2025-12-09
108219,PINT-GR,S,1,2025-12-09
108220,ROND-M6,S,26,2025-12-09
108221,ROND-M8,S,27,2025-12-09
108222,SELL-TF,S,3,2025-12-09
108223,TOMA-SNC,S,27,2025-12-09
108224,TORN-M10,S,5,2025-12-09
108225,TORN-M6,S,3,2025-12-09
108226,TORN-M8,S,25,2025-12-09
108227,TURC-M6,S,196,2025-12-09
108228,TURC-M8,S,66,2025-12-09
108229,BROD-4P,S,1,2025-12-10
108230,CINT-5M,S,1,2025-12-10
108231,CLAV-3P,S,2,2025-12-10
108232,CODE-1P,S,2,2025-12-10
108233,CODE-2P,S,1,2025-12-10
108234,DEST-PL6,S,1,2025-12-10
108235,FOCOS-L9,S,3,2025-12-10
108236,MART-2A,S,1,2025-12-10
108237,PINT-BL,S,2,2025-12-10
108238,ROLLO-1,S,1,2025-12-10
108239,ROND-M6,S,2,2025-12-10
108240,ROND-M8,S,12,2025-12-10
108241,TABL-1P,S,1,2025-12-10
108242,TOMA-SNC,S,29,2025-12-10
108243,TORN-M10,S,1,2025-12-10
108244,TORN-M4,S,9,2025-12-10
108245,TORN-M8,S,7,2025-12-10
108246,TURC-M6,S,35,2025-12-10
108247,TURC-M8,S,51,2025-12-10
108248,BROD-2P,S,1,2025-12-11
108249,CINT-5M,S,1,2025-12-11
108250,CLAV-3P,S,5,2025-12-11
108251,CODE-1P,S,6,2025-12-11
108252,DEST-PL6,S,1,2025-12-11
108253,ESMA-NG,S,2,2025-12-11
108254,FOCOS-L15,S,3,2025-12-11
108255,LIJAD-1,S,1,2025-12-11
108256,PINT-BG,S,1,2025-12-11
108257,PINT-BL,S,3,2025-12-11
108258,ROND-M6,S,13,2025-12-11
108259,ROND-M8,S,21,2025-12-11
108260,SIER-C1,S,1,2025-12-11
108261,TOMA-SNC,S,10,2025-12-11
108262,TORN-M10,S,19,2025-12-11
108263,TORN-M4,S,4,2025-12-11
108264,TORN-M6,S,3,2025-12-11
108265,TORN-M8,S,2,2025-12-11
108266,TUBO-1P,S,1,2025-12-11
108267,TURC-M6,S,37,2025-12-11
108268,TURC-M8,S,37,2025-12-11
108269,LIJAD-1,E,40,2025-12-12
108270,TALDR-2,E,4,2025-12-12
108271,CODE-1P,S,1,2025-12-12
108272,ESMA-NG,S,1,2025-12-12
108273,FOCOS-L15,S,1,2025-12-12
108274,FOCOS-L9,S,3,2025-12-12
108275,LIAV-10,S,2,2025-12-12
108276,LIJAD-1,S,1,2025-12-12
108277,MART-2A,S,1,2025-12-12
108278,NIVE-60,S,2,2025-12-12
108279,PINT-BG,S,2,2025-12-12
108280,PINT-BL,S,7,2025-12-12
108281,ROND-M6,S,7,2025-12-12
108282,ROND-M8,S,13,2025-12-12
108283,SELL-TF,S,1,2025-12-12
108284,TOMA-SNC,S,30,2025-12-12
108285,TORN-M10,S,14,2025-12-12
108286,TORN-M4,S,2,2025-12-12
108287,TORN-M6,S,2,2025-12-12
108288,TORN-M8,S,4,2025-12-12
108289,TURC-M6,S,24,2025-12-12
108290,TURC-M8,S,11,2025-12-12
108291,CLAV-2P,S,1,2025-12-13
108292,CLAV-3P,S,6,2025-12-13
108293,FOCOS-L15,S,2,2025-12-13
108294,FOCOS-L9,S,1,2025-12-13
108295,LIJAD-1,S,1,2025-12-13
108296,MART-2A,S,1,2025-12-13
108297,PINT-BG,S,1,2025-12-13
108298,PINT-BL,S,8,2025-12-13
108299,PINT-GR,S,1,2025-12-13
108300,ROND-M6,S,12,2025-12-13
108301,ROND-M8,S,10,2025-12-13
108302,TOMA-SNC,S,15,2025-12-13
108303,TORN-M10,S,6,2025-12-13
108304,TORN-M4,S,6,2025-12-13
108305,TORN-M6,S,1,2025-12-13
108306,TORN-M8,S,3,2025-12-13
108307,TURC-M6,S,1,2025-12-13
108308,TURC-M8,S,35,2025-12-13
108309,SOPLA-1,E,4,2025-12-15
108310,BROD-4P,S,1,2025-12-15
108311,CINT-5M,S,1,2025-12-15
108312,CLAV-2P,S,1,2025-12-15
108313,CODE-1P,S,5,2025-12-15
108314,DEST-PL6,S,1,2025-12-15
108315,ESMA-NG,S,1,2025-12-15
108316,FOCOS-L15,S,2,2025-12-15
108317,INTE-SNC,S,2,2025-12-15
108318,MART-1A,S,1,2025-12-15
108319,MART-2A,S,1,2025-12-15
108320,PINT-BL,S,6,2025-12-15
108321,ROND-M6,S,49,2025-12-15
108322,ROND-M8,S,5,2025-12-15
108323,SELL-TF,S,1,2025-12-15
108324,TOMA-DBL,S,1,2025-12-15
108325,TOMA-SNC,S,8,2025-12-15
108326,TORN-M10,S,3,2025-12-15
108327,TORN-M6,S,14,2025-12-15
108328,TORN-M8,S,28,2025-12-15
108329,TURC-M6,S,96,2025-12-15
108330,TURC-M8,S,13,2025-12-15
108331,BROD-4P,S,1,2025-12-16
108332,CLAV-2P,S,1,2025-12-16
108333,CODE-1P,S,2,2025-12-16
108334,CODE-2P,S,1,2025-12-16
108335,ESMA-NG,S,1,2025-12-16
108336,FOCOS-L9,S,3,2025-12-16
108337,INTE-SNC,S,1,2025-12-16
108338,LIJAD-1,S,2,2025-12-16
108339,LLAV-12,S,1,2025-12-16
108340,MART-2A,S,1,2025-12-16
108341,PLIE-8P,S,1,2025-12-16
108342,ROND-M6,S,19,2025-12-16
108343,ROND-M8,S,9,2025-12-16
108344,SIER-HK,S,1,2025-12-16
108345,TABL-1P,S,1,2025-12-16
108346,TOMA-SNC,S,18,2025-12-16
108347,TORN-M10,S,8,2025-12-16
108348,TORN-M4,S,2,2025-12-16
108349,TORN-M6,S,12,2025-12-16
108350,TORN-M8,S,5,2025-12-16
108351,TURC-M6,S,123,2025-12-16
108352,TURC-M8,S,25,2025-12-16
108353,BROD-4P,S,1,2025-12-17
108354,CABL-12,S,13,2025-12-17
108355,CLAV-2P,S,2,2025-12-17
108356,CLAV-3P,S,2,2025-12-17
108357,CODE-1P,S,1,2025-12-17
108358,ESMA-NG,S,3,2025-12-17
108359,FOCOS-L15,S,3,2025-12-17
108360,FOCOS-L9,S,7,2025-12-17
108361,INTE-SNC,S,1,2025-12-17
108362,LIJAD-1,S,2,2025-12-17
108363,LLAV-12,S,1,2025-12-17
108364,NIVE-60,S,1,2025-12-17
108365,PINT-BG,S,3,2025-12-17
108366,PINT-BL,S,6,2025-12-17
108367,ROND-M6,S,35,2025-12-17
108368,ROND-M8,S,11,2025-12-17
108369,SIER-C1,S,1,2025-12-17
108370,TOMA-DBL,S,2,2025-12-17
108371,TOMA-SNC,S,9,2025-12-17
108372,TORN-M10,S,1,2025-12-17
108373,TORN-M4,S,4,2025-12-17
108374,TORN-M6,S,2,2025-12-17
108375,TORN-M8,S,15,2025-12-17
108376,TURC-M6,S,45,2025-12-17
108377,TURC-M8,S,16,2025-12-17
108378,DEST-PL6,E,30,2025-12-18
108379,CLAV-2P,S,1,2025-12-18
108380,CLAV-3P,S,2,2025-12-18
108381,CODE-1P,S,2,2025-12-18
108382,ESMA-BL,S,1,2025-12-18
108383,FOCOS-L9,S,2,2025-12-18
108384,LIAV-10,S,1,2025-12-18
108385,LIJAD-1,S,1,2025-12-18
108386,MART-2A,S,1,2025-12-18
108387,PINT-BG,S,2,2025-12-18
108388,ROND-M6,S,12,2025-12-18
108389,ROND-M8,S,11,2025-12-18
108390,SELL-TF,S,4,2025-12-18
108391,TOMA-SNC,S,38,2025-12-18
108392,TORN-M10,S,5,2025-12-18
108393,TORN-M4,S,3,2025-12-18
108394,TORN-M6,S,1,2025-12-18
108395,TORN-M8,S,45,2025-12-18
108396,TURC-M6,S,99,2025-12-18
108397,TURC-M8,S,59,2025-12-18
108398,LIAV-10,E,16,2025-12-19
108399,TURC-M8,E,1450,2025-12-19
108400,BROD-4P,S,1,2025-12-19
108401,CLAV-3P,S,1,2025-12-19
108402,CODE-1P,S,4,2025-12-19
108403,ESMA-NG,S,4,2025-12-19
108404,ESMER-1,S,2,2025-12-19
108405,FOCOS-L15,S,1,2025-12-19
108406,FOCOS-L9,S,13,2025-12-19
108407,INTE-SNC,S,1,2025-12-19
108408,MART-2A,S,1,2025-12-19
108409,NIVE-60,S,1,2025-12-19
108410,PINT-BG,S,1,2025-12-19
108411,PINT-BL,S,2,2025-12-19
108412,PINT-GR,S,1,2025-12-19
108413,ROND-M6,S,8,2025-12-19
108414,ROND-M8,S,6,2025-12-19
108415,SELL-TF,S,2,2025-12-19
108416,TOMA-DBL,S,1,2025-12-19
108417,TOMA-SNC,S,2,2025-12-19
108418,TORN-M10,S,5,2025-12-19
108419,TORN-M4,S,6,2025-12-19
108420,TORN-M6,S,1,2025-12-19
108421,TORN-M8,S,9,2025-12-19
108422,TURC-M6,S,119,2025-12-19
108423,TURC-M8,S,29,2025-12-19
108424,TABL-1P,E,6,2025-12-20
108425,CLAV-3P,S,3,2025-12-20
108426,CODE-1P,S,2,2025-12-20
108427,CODE-2P,S,1,2025-12-20
108428,ESMA-BL,S,1,2025-12-20
108429,ESMA-NG,S,1,2025-12-20
108430,FOCOS-L15,S,1,2025-12-20
108431,FOCOS-L9,S,3,2025-12-20
108432,MART-2A,S,2,2025-12-20
108433,NIVE-60,S,1,2025-12-20
108434,PINT-BL,S,4,2025-12-20
108435,PLIE-6P,S,1,2025-12-20
108436,ROND-M6,S,14,2025-12-20
108437,ROND-M8,S,8,2025-12-20
108438,SELL-TF,S,2,2025-12-20
108439,SIER-C1,S,1,2025-12-20
108440,TOMA-DBL,S,3,2025-12-20
108441,TOMA-SNC,S,26,2025-12-20
108442,TORN-M10,S,4,2025-12-20
108443,TORN-M4,S,11,2025-12-20
108444,TORN-M6,S,3,2025-12-20
108445,TORN-M8,S,10,2025-12-20
108446,TURC-M6,S,95,2025-12-20
108447,TURC-M8,S,28,2025-12-20
108448,FOCOS-L15,E,105,2025-12-22
108449,BROD-4P,S,1,2025-12-22
108450,CLAV-3P,S,4,2025-12-22
108451,CODE-1P,S,3,2025-12-22
108452,FOCOS-L15,S,2,2025-12-22
108453,FOCOS-L9,S,2,2025-12-22
108454,LIJAD-1,S,1,2025-12-22
108455,MART-2A,S,1,2025-12-22
108456,PINT-BL,S,5,2025-12-22
108457,ROND-M6,S,48,2025-12-22
108458,ROND-M8,S,16,2025-12-22
108459,SELL-TF,S,1,2025-12-22
108460,TABL-2P,S,7,2025-12-22
108461,TOMA-SNC,S,8,2025-12-22
108462,TORN-M10,S,27,2025-12-22
108463,TORN-M4,S,1,2025-12-22
108464,TORN-M8,S,51,2025-12-22
108465,TURC-M6,S,31,2025-12-22
108466,TURC-M8,S,38,2025-12-22
108467,CABL-14,S,9,2025-12-23
108468,CLAV-3P,S,1,2025-12-23
108469,CODE-1P,S,5,2025-12-23
108470,CODE-2P,S,2,2025-12-23
108471,ESMA-NG,S,2,2025-12-23
108472,FOCOS-L9,S,4,2025-12-23
108473,LIJAD-1,S,1,2025-12-23
108474,LLAV-12,S,4,2025-12-23
108475,MART-2A,S,1,2025-12-23
108476,PINT-BL,S,3,2025-12-23
108477,PINT-GR,S,3,2025-12-23
108478,ROLLO-1,S,1,2025-12-23
108479,ROND-M6,S,60,2025-12-23
108480,ROND-M8,S,90,2025-12-23
108481,SELL-TF,S,1,2025-12-23
108482,SIER-HK,S,2,2025-12-23
108483,TOMA-SNC,S,15,2025-12-23
108484,TORN-M10,S,4,2025-12-23
108485,TORN-M6,S,7,2025-12-23
108486,TORN-M8,S,2,2025-12-23
108487,TURC-M6,S,22,2025-12-23
108488,TURC-M8,S,12,2025-12-23
108489,CINT-5M,S,1,2025-12-24
108490,CLAV-3P,S,1,2025-12-24
108491,CODE-1P,S,6,2025-12-24
108492,ESMA-NG,S,4,2025-12-24
108493,FOCOS-L15,S,2,2025-12-24
108494,INTE-SNC,S,2,2025-12-24
108495,MART-2A,S,1,2025-12-24
108496,PINT-BL,S,14,2025-12-24
108497,ROND-M6,S,46,2025-12-24
108498,ROND-M8,S,36,2025-12-24
108499,TOMA-DBL,S,1,2025-12-24
108500,TOMA-SNC,S,20,2025-12-24
108501,TORN-M10,S,5,2025-12-24
108502,TORN-M4,S,3,2025-12-24
108503,TORN-M6,S,5,2025-12-24
108504,TORN-M8,S,15,2025-12-24
108505,TURC-M6,S,11,2025-12-24
108506,TURC-M8,S,9,2025-12-24
108507,ROND-M6,E,2050,2025-12-25
108508,CLAV-2P,S,4,2025-12-25
108509,CLAV-3P,S,2,2025-12-25
108510,CODE-1P,S,3,2025-12-25
108511,DEST-PL6,S,1,2025-12-25
108512,ESMA-NG,S,2,2025-12-25
108513,ESMER-1,S,1,2025-12-25
108514,FOCOS-L15,S,2,2025-12-25
108515,LIJAD-1,S,2,2025-12-25
108516,LLAV-12,S,1,2025-12-25
108517,MART-2A,S,1,2025-12-25
108518,PINT-BG,S,1,2025-12-25
108519,PINT-BL,S,1,2025-12-25
108520,PINT-GR,S,2,2025-12-25
108521,ROND-M6,S,10,2025-12-25
108522,ROND-M8,S,46,2025-12-25
108523,TOMA-DBL,S,1,2025-12-25
108524,TOMA-SNC,S,3,2025-12-25
108525,TORN-M10,S,4,2025-12-25
108526,TORN-M4,S,8,2025-12-25
108527,TORN-M6,S,3,2025-12-25
108528,TORN-M8,S,17,2025-12-25
108529,TURC-M6,S,107,2025-12-25
108530,TURC-M8,S,25,2025-12-25
108531,ESMA-NG,E,43,2025-12-26
108532,TURC-M6,E,2900,2025-12-26
108533,BROD-4P,S,1,2025-12-26
108534,CLAV-3P,S,1,2025-12-26
108535,CODE-1P,S,13,2025-12-26
108536,CODE-2P,S,1,2025-12-26
108537,DEST-PH2,S,1,2025-12-26
108538,ESMA-NG,S,1,2025-12-26
108539,ESMER-1,S,1,2025-12-26
108540,FOCOS-L15,S,5,2025-12-26
108541,LIJAD-1,S,2,2025-12-26
108542,NIVE-60,S,1,2025-12-26
108543,PINT-BG,S,1,2025-12-26
108544,PINT-BL,S,2,2025-12-26
108545,PLIE-6P,S,1,2025-12-26
108546,ROLLO-1,S,1,2025-12-26
108547,ROND-M6,S,9,2025-12-26
108548,ROND-M8,S,48,2025-12-26
108549,TOMA-SNC,S,6,2025-12-26
108550,TORN-M10,S,9,2025-12-26
108551,TORN-M4,S,2,2025-12-26
108552,TORN-M6,S,5,2025-12-26
108553,TORN-M8,S,13,2025-12-26
108554,TURC-M6,S,55,2025-12-26
108555,TURC-M8,S,6,2025-12-26
108556,CINT-5M,S,1,2025-12-27
108557,CLAV-2P,S,1,2025-12-27
108558,CLAV-3P,S,1,2025-12-27
108559,CODE-1P,S,4,2025-12-27
108560,CODE-2P,S,1,2025-12-27
108561,DEST-PH2,S,1,2025-12-27
108562,FOCOS-L15,S,1,2025-12-27
108563,FOCOS-L9,S,5,2025-12-27
108564,INTE-SNC,S,1,2025-12-27
108565,MART-2A,S,1,2025-12-27
108566,PINT-BG,S,2,2025-12-27
108567,PINT-BL,S,9,2025-12-27
108568,ROND-M6,S,25,2025-12-27
108569,ROND-M8,S,25,2025-12-27
108570,SELL-TF,S,3,2025-12-27
108571,TOMA-SNC,S,12,2025-12-27
108572,TORN-M10,S,2,2025-12-27
108573,TORN-M6,S,9,2025-12-27
108574,TORN-M8,S,15,2025-12-27
108575,TURC-M6,S,56,2025-12-27
108576,TURC-M8,S,28,2025-12-27
108577,TABL-2P,E,15,2025-12-29
108578,BROD-2P,S,1,2025-12-29
108579,BROD-4P,S,1,2025-12-29
108580,CABL-12,S,8,2025-12-29
108581,CALAD-1,S,1,2025-12-29
108582,CLAV-3P,S,8,2025-12-29
108583,DEST-PH2,S,1,2025-12-29
108584,FOCOS-L15,S,3,2025-12-29
108585,FOCOS-L9,S,1,2025-12-29
108586,LIJAD-1,S,1,2025-12-29
108587,LLAV-12,S,3,2025-12-29
108588,MART-1A,S,2,2025-12-29
108589,MART-2A,S,1,2025-12-29
108590,NIVE-60,S,1,2025-12-29
108591,PINT-BG,S,2,2025-12-29
108592,PINT-BL,S,7,2025-12-29
108593,PINT-GR,S,1,2025-12-29
108594,PLIE-8P,S,1,2025-12-29
108595,ROND-M6,S,44,2025-12-29
108596,ROND-M8,S,56,2025-12-29
108597,SIER-HK,S,2,2025-12-29
108598,TALDR-1,S,1,2025-12-29
108599,TOMA-SNC,S,11,2025-12-29
108600,TORN-M10,S,4,2025-12-29
108601,TORN-M4,S,1,2025-12-29
108602,TORN-M6,S,3,2025-12-29
108603,TORN-M8,S,3,2025-12-29
108604,TURC-M6,S,42,2025-12-29
108605,TURC-M8,S,3,2025-12-29
108606,ROND-M8,E,1850,2025-12-30
108607,SIER-C1,E,4,2025-12-30
108608,CLAV-3P,S,2,2025-12-30
108609,CODE-1P,S,2,2025-12-30
108610,DEST-PL6,S,1,2025-12-30
108611,ESMA-NG,S,1,2025-12-30
108612,ESMER-1,S,1,2025-12-30
108613,FOCOS-L15,S,2,2025-12-30
108614,FOCOS-L9,S,1,2025-12-30
108615,LIJAD-1,S,2,2025-12-30
108616,MART-2A,S,1,2025-12-30
108617,PINT-BG,S,1,2025-12-30
108618,PINT-BL,S,5,2025-12-30
108619,ROND-M6,S,115,2025-12-30
108620,ROND-M8,S,25,2025-12-30
108621,TOMA-SNC,S,17,2025-12-30
108622,TORN-M10,S,3,2025-12-30
108623,TORN-M4,S,5,2025-12-30
108624,TORN-M8,S,14,2025-12-30
108625,TURC-M6,S,18,2025-12-30
108626,TURC-M8,S,21,2025-12-30
108627,CINT-5M,S,3,2025-12-31
108628,CLAV-3P,S,3,2025-12-31
108629,CODE-2P,S,2,2025-12-31
108630,DEST-PL6,S,2,2025-12-31
108631,FOCOS-L15,S,1,2025-12-31
108632,FOCOS-L9,S,3,2025-12-31
108633,LIAV-10,S,1,2025-12-31
108634,LIJAD-1,S,2,2025-12-31
108635,PINT-BG,S,1,2025-12-31
108636,PINT-BL,S,5,2025-12-31
108637,PINT-GR,S,1,2025-12-31
108638,ROND-M6,S,21,2025-12-31
108639,ROND-M8,S,9,2025-12-31
108640,TOMA-SNC,S,8,2025-12-31
108641,TORN-M10,S,25,2025-12-31
108642,TORN-M4,S,6,2025-12-31
108643,TORN-M6,S,2,2025-12-31
108644,TORN-M8,S,9,2025-12-31
108645,TURC-M6,S,26,2025-12-31
108646,TURC-M8,S,16,2025-12-31
108647,CINT-5M,E,20,2026-01-01
108648,PINT-BL,E,205,2026-01-01
108649,BROD-4P,S,1,2026-01-01
108650,CLAV-2P,S,1,2026-01-01
108651,CLAV-3P,S,6,2026-01-01
108652,CODE-1P,S,3,2026-01-01
108653,DEST-PH2,S,1,2026-01-01
108654,ESMA-NG,S,4,2026-01-01
108655,FOCOS-L15,S,1,2026-01-01
108656,FOCOS-L9,S,1,2026-01-01
108657,LIJAD-1,S,2,2026-01-01
108658,MART-2A,S,1,2026-01-01
108659,NIVE-60,S,1,2026-01-01
108660,PINT-BG,S,2,2026-01-01
108661,PINT-BL,S,2,2026-01-01
108662,PLIE-6P,S,1,2026-01-01
108663,ROLLO-1,S,1,2026-01-01
108664,ROND-M6,S,14,2026-01-01
108665,ROND-M8,S,9,2026-01-01
108666,TOMA-SNC,S,27,2026-01-01
108667,TORN-M4,S,3,2026-01-01
108668,TORN-M6,S,11,2026-01-01
108669,TUBO-1P,S,1,2026-01-01
108670,TURC-M6,S,29,2026-01-01
108671,TURC-M8,S,43,2026-01-01
108672,CLAV-2P,S,1,2026-01-02
108673,CLAV-3P,S,4,2026-01-02
108674,CODE-1P,S,9,2026-01-02
108675,FOCOS-L15,S,1,2026-01-02
108676,FOCOS-L9,S,3,2026-01-02
108677,LIJAD-1,S,1,2026-01-02
108678,PINT-BL,S,4,2026-01-02
108679,ROND-M6,S,65,2026-01-02
108680,ROND-M8,S,58,2026-01-02
108681,SELL-TF,S,1,2026-01-02
108682,SIER-C1,S,1,2026-01-02
108683,TABL-2P,S,5,2026-01-02
108684,TOMA-SNC,S,19,2026-01-02
108685,TORN-M10,S,1,2026-01-02
108686,TORN-M4,S,2,2026-01-02
108687,TORN-M6,S,13,2026-01-02
108688,TORN-M8,S,3,2026-01-02
108689,TURC-M6,S,41,2026-01-02
108690,TURC-M8,S,20,2026-01-02
108691,PINT-BG,E,37,2026-01-03
108692,TORN-M10,E,450,2026-01-03
108693,CLAV-2P,S,1,2026-01-03
108694,CLAV-3P,S,1,2026-01-03
108695,CODE-1P,S,3,2026-01-03
108696,DEST-PL6,S,1,2026-01-03
108697,ESMA-NG,S,1,2026-01-03
108698,FOCOS-L9,S,4,2026-01-03
108699,LIAV-10,S,1,2026-01-03
108700,MART-2A,S,1,2026-01-03
108701,PINT-BL,S,1,2026-01-03
108702,ROND-M6,S,6,2026-01-03
108703,ROND-M8,S,3,2026-01-03
108704,SELL-TF,S,2,2026-01-03
108705,TOMA-SNC,S,2,2026-01-03
108706,TORN-M10,S,2,2026-01-03
108707,TORN-M4,S,14,2026-01-03
108708,TORN-M6,S,3,2026-01-03
108709,TORN-M8,S,12,2026-01-03
108710,TURC-M6,S,37,2026-01-03
108711,TURC-M8,S,61,2026-01-03
108712,CLAV-3P,E,145,2026-01-05
108713,ESMER-1,E,6,2026-01-05
108714,CINT-5M,S,1,2026-01-05
108715,CLAV-3P,S,5,2026-01-05
108716,FOCOS-L9,S,2,2026-01-05
108717,MART-2A,S,1,2026-01-05
108718,PINT-BG,S,1,2026-01-05
108719,ROND-M6,S,18,2026-01-05
108720,ROND-M8,S,8,2026-01-05
108721,TOMA-SNC,S,9,2026-01-05
108722,TORN-M10,S,15,2026-01-05
108723,TORN-M4,S,4,2026-01-05
108724,TORN-M8,S,23,2026-01-05
108725,TURC-M6,S,57,2026-01-05
108726,TURC-M8,S,22,2026-01-05
108727,CINT-5M,S,1,2026-01-06
108728,CLAV-3P,S,1,2026-01-06
108729,CODE-1P,S,4,2026-01-06
108730,CODE-2P,S,1,2026-01-06
108731,DEST-PH2,S,1,2026-01-06
108732,ESMER-1,S,1,2026-01-06
108733,FOCOS-L15,S,1,2026-01-06
108734,FOCOS-L9,S,1,2026-01-06
108735,LIJAD-1,S,1,2026-01-06
108736,LLAV-12,S,2,2026-01-06
108737,MART-2A,S,1,2026-01-06
108738,NIVE-60,S,1,2026-01-06
108739,PINT-BL,S,4,2026-01-06
108740,ROND-M6,S,19,2026-01-06
108741,ROND-M8,S,29,2026-01-06
108742,SIER-HK,S,1,2026-01-06
108743,TABL-2P,S,6,2026-01-06
108744,TOMA-SNC,S,11,2026-01-06
108745,TORN-M10,S,9,2026-01-06
108746,TORN-M4,S,2,2026-01-06
108747,TORN-M6,S,4,2026-01-06
108748,TORN-M8,S,11,2026-01-06
108749,TURC-M6,S,30,2026-01-06
108750,TURC-M8,S,9,2026-01-06
108751,CLAV-3P,S,1,2026-01-07
108752,CODE-2P,S,5,2026-01-07
108753,FOCOS-L15,S,3,2026-01-07
108754,FOCOS-L9,S,2,2026-01-07
108755,LIJAD-1,S,3,2026-01-07
108756,LLAV-12,S,1,2026-01-07
108757,PINT-BG,S,2,2026-01-07
108758,ROND-M6,S,12,2026-01-07
108759,ROND-M8,S,28,2026-01-07
108760,SIER-C1,S,1,2026-01-07
108761,TOMA-DBL,S,1,2026-01-07
108762,TOMA-SNC,S,14,2026-01-07
108763,TORN-M10,S,31,2026-01-07
108764,TORN-M4,S,5,2026-01-07
108765,TORN-M6,S,3,2026-01-07
108766,TORN-M8,S,3,2026-01-07
108767,TURC-M6,S,80,2026-01-07
108768,TURC-M8,S,39,2026-01-07
108769,CABL-12,E,55,2026-01-08
108770,CLAV-3P,S,3,2026-01-08
108771,CODE-2P,S,5,2026-01-08
108772,FOCOS-L9,S,1,2026-01-08
108773,INTE-SNC,S,1,2026-01-08
108774,MART-2A,S,2,2026-01-08
108775,NIVE-60,S,1,2026-01-08
108776,PINT-BL,S,4,2026-01-08
108777,PINT-GR,S,1,2026-01-08
108778,ROND-M6,S,19,2026-01-08
108779,ROND-M8,S,29,2026-01-08
108780,SIER-HK,S,1,2026-01-08
108781,TOMA-DBL,S,1,2026-01-08
108782,TOMA-SNC,S,9,2026-01-08
108783,TORN-M10,S,2,2026-01-08
108784,TORN-M4,S,6,2026-01-08
108785,TORN-M6,S,3,2026-01-08
108786,TORN-M8,S,13,2026-01-08
108787,TURC-M6,S,61,2026-01-08
108788,TURC-M8,S,114,2026-01-08
108789,CLAV-3P,S,8,2026-01-09
108790,CODE-1P,S,4,2026-01-09
108791,ESMA-NG,S,1,2026-01-09
108792,FOCOS-L15,S,1,2026-01-09
108793,FOCOS-L9,S,1,2026-01-09
108794,LLAV-12,S,1,2026-01-09
108795,PINT-BG,S,2,2026-01-09
108796,PINT-BL,S,2,2026-01-09
108797,ROND-M6,S,44,2026-01-09
108798,ROND-M8,S,12,2026-01-09
108799,SELL-TF,S,1,2026-01-09
108800,TABL-1P,S,1,2026-01-09
108801,TOMA-SNC,S,12,2026-01-09
108802,TORN-M10,S,5,2026-01-09
108803,TORN-M4,S,4,2026-01-09
108804,TORN-M6,S,6,2026-01-09
108805,TORN-M8,S,1,2026-01-09
108806,TUBO-1P,S,1,2026-01-09
108807,TURC-M6,S,26,2026-01-09
108808,TURC-M8,S,8,2026-01-09
108809,CLAV-3P,S,6,2026-01-10
108810,CODE-2P,S,1,2026-01-10
108811,LLAV-12,S,1,2026-01-10
108812,MART-2A,S,2,2026-01-10
108813,NIVE-60,S,1,2026-01-10
108814,ROND-M6,S,16,2026-01-10
108815,ROND-M8,S,5,2026-01-10
108816,SELL-TF,S,1,2026-01-10
108817,TOMA-DBL,S,1,2026-01-10
108818,TOMA-SNC,S,3,2026-01-10
108819,TORN-M10,S,10,2026-01-10
108820,TORN-M4,S,7,2026-01-10
108821,TORN-M6,S,4,2026-01-10
108822,TORN-M8,S,6,2026-01-10
108823,TUBO-1P,S,2,2026-01-10
108824,TURC-M6,S,47,2026-01-10
108825,TURC-M8,S,17,2026-01-10
108826,TABL-2P,E,11,2026-01-12
108827,TALDR-1,E,6,2026-01-12
108828,TOMA-SNC,E,500,2026-01-12
108829,BROD-4P,S,1,2026-01-12
108830,CLAV-3P,S,2,2026-01-12
108831,CODE-1P,S,5,2026-01-12
108832,CODE-2P,S,4,2026-01-12
108833,DEST-PL6,S,2,2026-01-12
108834,FOCOS-L9,S,2,2026-01-12
108835,LIJAD-1,S,1,2026-01-12
108836,NIVE-60,S,1,2026-01-12
108837,PINT-BG,S,1,2026-01-12
108838,PINT-BL,S,9,2026-01-12
108839,ROND-M6,S,35,2026-01-12
108840,ROND-M8,S,29,2026-01-12
108841,TOMA-DBL,S,2,2026-01-12
108842,TOMA-SNC,S,9,2026-01-12
108843,TORN-M10,S,7,2026-01-12
108844,TORN-M4,S,1,2026-01-12
108845,TORN-M6,S,2,2026-01-12
108846,TORN-M8,S,15,2026-01-12
108847,TURC-M6,S,66,2026-01-12
108848,TURC-M8,S,12,2026-01-12
108849,CLAV-2P,S,3,2026-01-13
108850,CLAV-3P,S,4,2026-01-13
108851,CODE-1P,S,1,2026-01-13
108852,DEST-PL6,S,1,2026-01-13
108853,ESMA-NG,S,1,2026-01-13
108854,FOCOS-L9,S,2,2026-01-13
108855,LIJAD-1,S,1,2026-01-13
108856,PINT-BL,S,7,2026-01-13
108857,ROND-M6,S,8,2026-01-13
108858,ROND-M8,S,18,2026-01-13
108859,SELL-TF,S,1,2026-01-13
108860,TOMA-SNC,S,13,2026-01-13
108861,TORN-M10,S,2,2026-01-13
108862,TORN-M4,S,4,2026-01-13
108863,TORN-M6,S,3,2026-01-13
108864,TORN-M8,S,2,2026-01-13
108865,TURC-M6,S,52,2026-01-13
108866,TURC-M8,S,21,2026-01-13
108867,BROD-2P,S,1,2026-01-14
108868,CLAV-3P,S,3,2026-01-14
108869,CODE-1P,S,1,2026-01-14
108870,CODE-2P,S,3,2026-01-14
108871,ESMA-NG,S,1,2026-01-14
108872,FOCOS-L15,S,1,2026-01-14
108873,FOCOS-L9,S,2,2026-01-14
108874,LIJAD-1,S,5,2026-01-14
108875,MART-2A,S,3,2026-01-14
108876,PINT-BG,S,1,2026-01-14
108877,PINT-BL,S,7,2026-01-14
108878,ROND-M6,S,29,2026-01-14
108879,ROND-M8,S,39,2026-01-14
108880,SIER-HK,S,1,2026-01-14
108881,TOMA-SNC,S,21,2026-01-14
108882,TORN-M10,S,8,2026-01-14
108883,TORN-M4,S,2,2026-01-14
108884,TORN-M8,S,5,2026-01-14
108885,TURC-M6,S,51,2026-01-14
108886,TURC-M8,S,38,2026-01-14
108887,CODE-1P,E,300,2026-01-15
108888,CLAV-3P,S,2,2026-01-15
108889,CODE-2P,S,1,2026-01-15
108890,LIJAD-1,S,1,2026-01-15
108891,MART-1A,S,1,2026-01-15
108892,PINT-GR,S,1,2026-01-15
108893,ROND-M6,S,14,2026-01-15
108894,ROND-M8,S,10,2026-01-15
108895,TOMA-SNC,S,6,2026-01-15
108896,TORN-M10,S,2,2026-01-15
108897,TORN-M4,S,1,2026-01-15
108898,TORN-M6,S,3,2026-01-15
108899,TORN-M8,S,11,2026-01-15
108900,TURC-M6,S,128,2026-01-15
108901,TURC-M8,S,8,2026-01-15
108902,BROD-4P,S,1,2026-01-16
108903,CLAV-3P,S,2,2026-01-16
108904,CODE-1P,S,5,2026-01-16
108905,ESMA-BL,S,1,2026-01-16
108906,ESMA-NG,S,2,2026-01-16
108907,FOCOS-L9,S,7,2026-01-16
108908,NIVE-60,S,1,2026-01-16
108909,PINT-BL,S,2,2026-01-16
108910,ROND-M6,S,10,2026-01-16
108911,ROND-M8,S,29,2026-01-16
108912,SELL-TF,S,1,2026-01-16
108913,TOMA-SNC,S,8,2026-01-16
108914,TORN-M10,S,12,2026-01-16
108915,TORN-M4,S,4,2026-01-16
108916,TORN-M6,S,4,2026-01-16
108917,TORN-M8,S,12,2026-01-16
108918,TURC-M6,S,62,2026-01-16
108919,TURC-M8,S,12,2026-01-16
108920,NIVE-60,E,20,2026-01-17
108921,CABL-14,S,6,2026-01-17
108922,CLAV-3P,S,1,2026-01-17
108923,CODE-1P,S,1,2026-01-17
108924,CODE-2P,S,2,2026-01-17
108925,ESMA-NG,S,1,2026-01-17
108926,FOCOS-L9,S,2,2026-01-17
108927,INTE-SNC,S,1,2026-01-17
108928,LLAV-12,S,2,2026-01-17
108929,PINT-BG,S,1,2026-01-17
108930,PLIE-6P,S,1,2026-01-17
108931,ROND-M6,S,43,2026-01-17
108932,ROND-M8,S,10,2026-01-17
108933,TOMA-SNC,S,15,2026-01-17
108934,TORN-M10,S,1,2026-01-17
108935,TORN-M4,S,4,2026-01-17
108936,TORN-M6,S,9,2026-01-17
108937,TORN-M8,S,14,2026-01-17
108938,TURC-M6,S,83,2026-01-17
108939,TURC-M8,S,68,2026-01-17
108940,CABL-12,S,11,2026-01-19
108941,CLAV-3P,S,1,2026-01-19
108942,CODE-1P,S,5,2026-01-19
108943,CODE-2P,S,2,2026-01-19
108944,DEST-PL6,S,1,2026-01-19
108945,FOCOS-L9,S,5,2026-01-19
108946,LIJAD-1,S,2,2026-01-19
108947,PINT-BL,S,4,2026-01-19
108948,PINT-GR,S,1,2026-01-19
108949,ROND-M6,S,3,2026-01-19
108950,ROND-M8,S,15,2026-01-19
108951,TOMA-SNC,S,13,2026-01-19
108952,TORN-M10,S,4,2026-01-19
108953,TORN-M4,S,8,2026-01-19
108954,TORN-M6,S,6,2026-01-19
108955,TORN-M8,S,4,2026-01-19
108956,TURC-M6,S,24,2026-01-19
108957,TURC-M8,S,12,2026-01-19
108958,CABL-14,E,15,2026-01-20
108959,SIER-C1,E,4,2026-01-20
108960,CLAV-3P,S,1,2026-01-20
108961,CODE-1P,S,1,2026-01-20
108962,FOCOS-L15,S,3,2026-01-20
108963,FOCOS-L9,S,1,2026-01-20
108964,MART-2A,S,1,2026-01-20
108965,PINT-BL,S,2,2026-01-20
108966,ROND-M6,S,8,2026-01-20
108967,ROND-M8,S,24,2026-01-20
108968,TABL-1P,S,1,2026-01-20
108969,TOMA-SNC,S,17,2026-01-20
108970,TORN-M4,S,8,2026-01-20
108971,TORN-M6,S,5,2026-01-20
108972,TORN-M8,S,54,2026-01-20
108973,TUBO-1P,S,1,2026-01-20
108974,TURC-M6,S,54,2026-01-20
108975,TURC-M8,S,47,2026-01-20
108976,BROD-2P,S,1,2026-01-21
108977,CINT-5M,S,1,2026-01-21
108978,CLAV-2P,S,1,2026-01-21
108979,CODE-1P,S,5,2026-01-21
108980,CODE-2P,S,2,2026-01-21
108981,DEST-PL6,S,1,2026-01-21
108982,FOCOS-L15,S,1,2026-01-21
108983,FOCOS-L9,S,2,2026-01-21
108984,LLAV-12,S,3,2026-01-21
108985,MART-2A,S,2,2026-01-21
108986,PINT-BL,S,12,2026-01-21
108987,ROND-M6,S,16,2026-01-21
108988,ROND-M8,S,24,2026-01-21
108989,TOMA-DBL,S,1,2026-01-21
108990,TOMA-SNC,S,10,2026-01-21
108991,TORN-M10,S,18,2026-01-21
108992,TORN-M4,S,6,2026-01-21
108993,TORN-M6,S,2,2026-01-21
108994,TORN-M8,S,28,2026-01-21
108995,TURC-M6,S,19,2026-01-21
108996,TURC-M8,S,4,2026-01-21
108997,FOCOS-L9,E,120,2026-01-22
108998,BROD-2P,S,1,2026-01-22
108999,CABL-12,S,12,2026-01-22
109000,CLAV-2P,S,1,2026-01-22
109001,CLAV-3P,S,3,2026-01-22
109002,CODE-1P,S,3,2026-01-22
109003,ESMA-NG,S,1,2026-01-22
109004,FOCOS-L9,S,1,2026-01-22
109005,LIJAD-1,S,1,2026-01-22
109006,LLAV-12,S,1,2026-01-22
109007,PINT-BL,S,1,2026-01-22
109008,ROND-M6,S,99,2026-01-22
109009,ROND-M8,S,16,2026-01-22
109010,SELL-TF,S,1,2026-01-22
109011,SIER-HK,S,1,2026-01-22
109012,TOMA-SNC,S,3,2026-01-22
109013,TORN-M10,S,11,2026-01-22
109014,TORN-M4,S,4,2026-01-22
109015,TORN-M6,S,6,2026-01-22
109016,TORN-M8,S,10,2026-01-22
109017,TURC-M6,S,41,2026-01-22
109018,TURC-M8,S,27,2026-01-22
109019,BROD-4P,S,1,2026-01-23
109020,CLAV-3P,S,16,2026-01-23
109021,CODE-1P,S,5,2026-01-23
109022,CODE-2P,S,1,2026-01-23
109023,ESMA-NG,S,2,2026-01-23
109024,FOCOS-L15,S,1,2026-01-23
109025,FOCOS-L9,S,5,2026-01-23
109026,MART-2A,S,2,2026-01-23
109027,PINT-BG,S,1,2026-01-23
109028,ROND-M6,S,29,2026-01-23
109029,ROND-M8,S,11,2026-01-23
109030,TOMA-SNC,S,10,2026-01-23
109031,TORN-M10,S,5,2026-01-23
109032,TORN-M4,S,8,2026-01-23
109033,TORN-M6,S,9,2026-01-23
109034,TORN-M8,S,7,2026-01-23
109035,TUBO-1P,S,1,2026-01-23
109036,TURC-M6,S,6,2026-01-23
109037,TURC-M8,S,88,2026-01-23
109038,LIJAD-1,E,41,2026-01-24
109039,BROD-4P,S,2,2026-01-24
109040,CLAV-2P,S,1,2026-01-24
109041,CLAV-3P,S,2,2026-01-24
109042,CODE-1P,S,7,2026-01-24
109043,CODE-2P,S,1,2026-01-24
109044,ESMER-1,S,2,2026-01-24
109045,FOCOS-L15,S,4,2026-01-24
109046,FOCOS-L9,S,1,2026-01-24
109047,MART-2A,S,2,2026-01-24
109048,PINT-BG,S,2,2026-01-24
109049,ROND-M6,S,49,2026-01-24
109050,ROND-M8,S,14,2026-01-24
109051,SELL-TF,S,1,2026-01-24
109052,TOMA-SNC,S,5,2026-01-24
109053,TORN-M10,S,3,2026-01-24
109054,TORN-M4,S,2,2026-01-24
109055,TORN-M6,S,3,2026-01-24
109056,TORN-M8,S,2,2026-01-24
109057,TUBO-1P,S,1,2026-01-24
109058,TURC-M6,S,34,2026-01-24
109059,TURC-M8,S,42,2026-01-24
109060,CABL-12,S,11,2026-01-26
109061,CODE-2P,S,1,2026-01-26
109062,FOCOS-L15,S,4,2026-01-26
109063,LIAV-10,S,1,2026-01-26
109064,LIJAD-1,S,4,2026-01-26
109065,PINT-BL,S,1,2026-01-26
109066,ROND-M6,S,21,2026-01-26
109067,ROND-M8,S,23,2026-01-26
109068,SELL-TF,S,1,2026-01-26
109069,TOMA-DBL,S,1,2026-01-26
109070,TOMA-SNC,S,12,2026-01-26
109071,TORN-M10,S,15,2026-01-26
109072,TORN-M4,S,7,2026-01-26
109073,TORN-M6,S,6,2026-01-26
109074,TORN-M8,S,18,2026-01-26
109075,TUBO-1P,S,1,2026-01-26
109076,TURC-M6,S,56,2026-01-26
109077,TURC-M8,S,12,2026-01-26
109078,MART-2A,E,46,2026-01-27
109079,CODE-1P,S,6,2026-01-27
109080,CODE-2P,S,3,2026-01-27
109081,ESMA-BL,S,1,2026-01-27
109082,ESMA-NG,S,2,2026-01-27
109083,FOCOS-L9,S,1,2026-01-27
109084,LLAV-12,S,1,2026-01-27
109085,PINT-BG,S,1,2026-01-27
109086,PINT-BL,S,1,2026-01-27
109087,ROND-M6,S,43,2026-01-27
109088,ROND-M8,S,21,2026-01-27
109089,TOMA-SNC,S,11,2026-01-27
109090,TORN-M10,S,9,2026-01-27
109091,TORN-M4,S,8,2026-01-27
109092,TORN-M6,S,6,2026-01-27
109093,TORN-M8,S,19,2026-01-27
109094,TURC-M6,S,27,2026-01-27
109095,TURC-M8,S,18,2026-01-27
109096,BROD-4P,E,30,2026-01-28
109097,CLAV-3P,S,3,2026-01-28
109098,CODE-1P,S,7,2026-01-28
109099,CODE-2P,S,4,2026-01-28
109100,FOCOS-L15,S,1,2026-01-28
109101,FOCOS-L9,S,1,2026-01-28
109102,LLAV-12,S,2,2026-01-28
109103,MART-2A,S,2,2026-01-28
109104,PINT-BL,S,1,2026-01-28
109105,PINT-GR,S,1,2026-01-28
109106,PLIE-8P,S,1,2026-01-28
109107,ROND-M6,S,32,2026-01-28
109108,ROND-M8,S,20,2026-01-28
109109,TOMA-DBL,S,1,2026-01-28
109110,TOMA-SNC,S,7,2026-01-28
109111,TORN-M10,S,8,2026-01-28
109112,TORN-M4,S,5,2026-01-28
109113,TORN-M6,S,2,2026-01-28
109114,TORN-M8,S,9,2026-01-28
109115,TURC-M6,S,41,2026-01-28
109116,TURC-M8,S,84,2026-01-28
109117,CALAD-1,S,1,2026-01-29
109118,CLAV-3P,S,2,2026-01-29
109119,CODE-1P,S,1,2026-01-29
109120,CODE-2P,S,1,2026-01-29
109121,INTE-SNC,S,1,2026-01-29
109122,MART-1A,S,1,2026-01-29
109123,PINT-BL,S,1,2026-01-29
109124,PINT-GR,S,1,2026-01-29
109125,PLIE-8P,S,3,2026-01-29
109126,ROND-M6,S,59,2026-01-29
109127,ROND-M8,S,52,2026-01-29
109128,SELL-TF,S,1,2026-01-29
109129,SIER-HK,S,1,2026-01-29
109130,TOMA-SNC,S,6,2026-01-29
109131,TORN-M10,S,8,2026-01-29
109132,TORN-M4,S,8,2026-01-29
109133,TORN-M6,S,4,2026-01-29
109134,TORN-M8,S,17,2026-01-29
109135,TURC-M6,S,9,2026-01-29
109136,TURC-M8,S,13,2026-01-29
109137,CLAV-2P,S,2,2026-01-30
109138,CLAV-3P,S,3,2026-01-30
109139,CODE-2P,S,1,2026-01-30
109140,DEST-PL6,S,1,2026-01-30
109141,ESMA-NG,S,1,2026-01-30
109142,FOCOS-L15,S,1,2026-01-30
109143,FOCOS-L9,S,1,2026-01-30
109144,LIJAD-1,S,3,2026-01-30
109145,LLAV-12,S,1,2026-01-30
109146,MART-2A,S,1,2026-01-30
109147,PINT-BG,S,1,2026-01-30
109148,PINT-BL,S,4,2026-01-30
109149,PLIE-6P,S,1,2026-01-30
109150,ROND-M6,S,44,2026-01-30
109151,ROND-M8,S,23,2026-01-30
109152,TOMA-SNC,S,23,2026-01-30
109153,TORN-M10,S,19,2026-01-30
109154,TORN-M4,S,13,2026-01-30
109155,TORN-M6,S,2,2026-01-30
109156,TORN-M8,S,20,2026-01-30
109157,TURC-M6,S,60,2026-01-30
109158,TURC-M8,S,2,2026-01-30
109159,CLAV-3P,S,6,2026-01-31
109160,CODE-1P,S,22,2026-01-31
109161,FOCOS-L15,S,1,2026-01-31
109162,FOCOS-L9,S,3,2026-01-31
109163,LLAV-12,S,1,2026-01-31
109164,PINT-BL,S,5,2026-01-31
109165,PINT-GR,S,1,2026-01-31
109166,ROND-M6,S,25,2026-01-31
109167,ROND-M8,S,13,2026-01-31
109168,TABL-1P,S,1,2026-01-31
109169,TOMA-SNC,S,10,2026-01-31
109170,TORN-M10,S,11,2026-01-31
109171,TORN-M4,S,5,2026-01-31
109172,TORN-M6,S,10,2026-01-31
109173,TORN-M8,S,2,2026-01-31
109174,TURC-M6,S,59,2026-01-31
109175,TURC-M8,S,10,2026-01-31
109176,LLAV-12,E,36,2026-02-02
109177,PLIE-8P,E,12,2026-02-02
109178,CINT-5M,S,1,2026-02-02
109179,CLAV-3P,S,4,2026-02-02
109180,CODE-1P,S,4,2026-02-02
109181,CODE-2P,S,1,2026-02-02
109182,FOCOS-L9,S,2,2026-02-02
109183,LIJAD-1,S,2,2026-02-02
109184,LLAV-12,S,1,2026-02-02
109185,MART-1A,S,1,2026-02-02
109186,NIVE-60,S,1,2026-02-02
109187,PINT-GR,S,1,2026-02-02
109188,PLIE-8P,S,1,2026-02-02
109189,ROND-M6,S,46,2026-02-02
109190,ROND-M8,S,22,2026-02-02
109191,TOMA-SNC,S,2,2026-02-02
109192,TORN-M10,S,1,2026-02-02
109193,TORN-M4,S,8,2026-02-02
109194,TORN-M6,S,3,2026-02-02
109195,TORN-M8,S,9,2026-02-02
109196,TURC-M6,S,55,2026-02-02
109197,TURC-M8,S,14,2026-02-02
109198,BROD-4P,S,1,2026-02-03
109199,CLAV-3P,S,2,2026-02-03
109200,CODE-1P,S,1,2026-02-03
109201,DEST-PH2,S,2,2026-02-03
109202,ESMA-NG,S,1,2026-02-03
109203,FOCOS-L9,S,1,2026-02-03
109204,PINT-BL,S,8,2026-02-03
109205,ROND-M6,S,18,2026-02-03
109206,ROND-M8,S,11,2026-02-03
109207,TOMA-SNC,S,8,2026-02-03
109208,TORN-M10,S,14,2026-02-03
109209,TORN-M4,S,8,2026-02-03
109210,TORN-M6,S,4,2026-02-03
109211,TORN-M8,S,9,2026-02-03
109212,TURC-M6,S,32,2026-02-03
109213,TURC-M8,S,27,2026-02-03
109214,PLIE-6P,E,16,2026-02-04
109215,CABL-12,S,11,2026-02-04
109216,CLAV-3P,S,1,2026-02-04
109217,CODE-1P,S,9,2026-02-04
109218,CODE-2P,S,2,2026-02-04
109219,FOCOS-L15,S,1,2026-02-04
109220,FOCOS-L9,S,4,2026-02-04
109221,LIJAD-1,S,2,2026-02-04
109222,PINT-BG,S,1,2026-02-04
109223,PINT-BL,S,15,2026-02-04
109224,PINT-GR,S,1,2026-02-04
109225,ROND-M6,S,4,2026-02-04
109226,ROND-M8,S,10,2026-02-04
109227,SELL-TF,S,2,2026-02-04
109228,SIER-C1,S,2,2026-02-04
109229,TOMA-SNC,S,1,2026-02-04
109230,TORN-M10,S,6,2026-02-04
109231,TORN-M4,S,1,2026-02-04
109232,TORN-M6,S,6,2026-02-04
109233,TORN-M8,S,12,2026-02-04
109234,TURC-M6,S,122,2026-02-04
109235,TURC-M8,S,6,2026-02-04
109236,BROD-4P,S,1,2026-02-05
109237,CINT-5M,S,1,2026-02-05
109238,CLAV-2P,S,1,2026-02-05
109239,CODE-1P,S,2,2026-02-05
109240,CODE-2P,S,1,2026-02-05
109241,DEST-PH2,S,1,2026-02-05
109242,DEST-PL6,S,2,2026-02-05
109243,ESMA-NG,S,2,2026-02-05
109244,FOCOS-L15,S,1,2026-02-05
109245,FOCOS-L9,S,5,2026-02-05
109246,LIJAD-1,S,3,2026-02-05
109247,PINT-BG,S,1,2026-02-05
109248,PINT-BL,S,8,2026-02-05
109249,PLIE-6P,S,1,2026-02-05
109250,ROND-M6,S,46,2026-02-05
109251,ROND-M8,S,43,2026-02-05
109252,TOMA-SNC,S,16,2026-02-05
109253,TORN-M10,S,13,2026-02-05
109254,TORN-M4,S,6,2026-02-05
109255,TORN-M6,S,2,2026-02-05
109256,TORN-M8,S,4,2026-02-05
109257,TUBO-1P,S,1,2026-02-05
109258,TURC-M6,S,38,2026-02-05
109259,TURC-M8,S,25,2026-02-05
109260,BROD-4P,S,1,2026-02-06
109261,CLAV-3P,S,1,2026-02-06
109262,CODE-1P,S,1,2026-02-06
109263,FOCOS-L15,S,3,2026-02-06
109264,MART-2A,S,1,2026-02-06
109265,PINT-BL,S,11,2026-02-06
109266,PLIE-6P,S,1,2026-02-06
109267,ROND-M6,S,19,2026-02-06
109268,ROND-M8,S,23,2026-02-06
109269,TOMA-SNC,S,30,2026-02-06
109270,TORN-M4,S,4,2026-02-06
109271,TORN-M8,S,16,2026-02-06
109272,TURC-M6,S,15,2026-02-06
109273,TURC-M8,S,10,2026-02-06
109274,CLAV-3P,S,1,2026-02-07
109275,CODE-1P,S,4,2026-02-07
109276,CODE-2P,S,4,2026-02-07
109277,DEST-PL6,S,1,2026-02-07
109278,ESMA-NG,S,3,2026-02-07
109279,FOCOS-L15,S,1,2026-02-07
109280,FOCOS-L9,S,6,2026-02-07
109281,LIAV-10,S,1,2026-02-07
109282,LIJAD-1,S,1,2026-02-07
109283,MART-2A,S,2,2026-02-07
109284,PINT-BL,S,2,2026-02-07
109285,ROND-M6,S,12,2026-02-07
109286,ROND-M8,S,29,2026-02-07
109287,TABL-1P,S,1,2026-02-07
109288,TOMA-SNC,S,12,2026-02-07
109289,TORN-M10,S,6,2026-02-07
109290,TORN-M4,S,3,2026-02-07
109291,TORN-M6,S,1,2026-02-07
109292,TORN-M8,S,14,2026-02-07
109293,TURC-M6,S,116,2026-02-07
109294,TURC-M8,S,14,2026-02-07
109295,TORN-M8,E,700,2026-02-09
109296,CLAV-3P,S,1,2026-02-09
109297,CODE-1P,S,6,2026-02-09
109298,DEST-PH2,S,1,2026-02-09
109299,ESMA-NG,S,1,2026-02-09
109300,FOCOS-L15,S,2,2026-02-09
109301,FOCOS-L9,S,3,2026-02-09
109302,MART-2A,S,1,2026-02-09
109303,NIVE-60,S,1,2026-02-09
109304,PINT-BG,S,1,2026-02-09
109305,PINT-BL,S,1,2026-02-09
109306,ROND-M6,S,11,2026-02-09
109307,ROND-M8,S,40,2026-02-09
109308,TOMA-SNC,S,11,2026-02-09
109309,TORN-M10,S,3,2026-02-09
109310,TORN-M4,S,6,2026-02-09
109311,TORN-M6,S,9,2026-02-09
109312,TORN-M8,S,6,2026-02-09
109313,TURC-M6,S,64,2026-02-09
109314,TURC-M8,S,31,2026-02-09
109315,MART-1A,E,20,2026-02-10
109316,CLAV-2P,S,1,2026-02-10
109317,CLAV-3P,S,2,2026-02-10
109318,CODE-1P,S,2,2026-02-10
109319,CODE-2P,S,1,2026-02-10
109320,ESMA-NG,S,1,2026-02-10
109321,FOCOS-L9,S,5,2026-02-10
109322,INTE-SNC,S,1,2026-02-10
109323,MART-1A,S,1,2026-02-10
109324,PINT-BG,S,2,2026-02-10
109325,PINT-BL,S,8,2026-02-10
109326,ROND-M6,S,17,2026-02-10
109327,ROND-M8,S,55,2026-02-10
109328,SELL-TF,S,1,2026-02-10
109329,TOMA-SNC,S,21,2026-02-10
109330,TORN-M10,S,18,2026-02-10
109331,TORN-M4,S,13,2026-02-10
109332,TORN-M6,S,7,2026-02-10
109333,TORN-M8,S,17,2026-02-10
109334,TURC-M6,S,55,2026-02-10
109335,TURC-M8,S,5,2026-02-10
109336,CINT-5M,S,1,2026-02-11
109337,CLAV-3P,S,3,2026-02-11
109338,CODE-1P,S,1,2026-02-11
109339,CODE-2P,S,4,2026-02-11
109340,ESMA-BL,S,1,2026-02-11
109341,ESMA-NG,S,1,2026-02-11
109342,FOCOS-L15,S,3,2026-02-11
109343,INTE-SNC,S,1,2026-02-11
109344,MART-2A,S,1,2026-02-11
109345,PINT-BL,S,4,2026-02-11
109346,PINT-GR,S,1,2026-02-11
109347,ROND-M6,S,31,2026-02-11
109348,ROND-M8,S,32,2026-02-11
109349,SELL-TF,S,1,2026-02-11
109350,SIER-HK,S,1,2026-02-11
109351,TOMA-DBL,S,1,2026-02-11
109352,TOMA-SNC,S,5,2026-02-11
109353,TORN-M10,S,14,2026-02-11
109354,TORN-M4,S,8,2026-02-11
109355,TORN-M8,S,25,2026-02-11
109356,TURC-M6,S,80,2026-02-11
109357,TURC-M8,S,3,2026-02-11
109358,CINT-5M,S,1,2026-02-12
109359,CLAV-3P,S,5,2026-02-12
109360,CODE-1P,S,6,2026-02-12
109361,CODE-2P,S,1,2026-02-12
109362,FOCOS-L9,S,1,2026-02-12
109363,LIJAD-1,S,3,2026-02-12
109364,LLAV-12,S,3,2026-02-12
109365,NIVE-60,S,1,2026-02-12
109366,PINT-BL,S,11,2026-02-12
109367,ROND-M6,S,24,2026-02-12
109368,ROND-M8,S,12,2026-02-12
109369,SIER-C1,S,1,2026-02-12
109370,TOMA-SNC,S,14,2026-02-12
109371,TORN-M10,S,25,2026-02-12
109372,TORN-M4,S,2,2026-02-12
109373,TORN-M6,S,2,2026-02-12
109374,TORN-M8,S,25,2026-02-12
109375,TURC-M6,S,33,2026-02-12
109376,TURC-M8,S,38,2026-02-12
109377,CLAV-3P,S,1,2026-02-13
109378,CODE-1P,S,4,2026-02-13
109379,ESMA-NG,S,3,2026-02-13
109380,FOCOS-L15,S,1,2026-02-13
109381,FOCOS-L9,S,3,2026-02-13
109382,LIAV-10,S,2,2026-02-13
109383,LIJAD-1,S,1,2026-02-13
109384,LLAV-12,S,1,2026-02-13
109385,MART-2A,S,1,2026-02-13
109386,NIVE-60,S,1,2026-02-13
109387,PINT-BG,S,1,2026-02-13
109388,PINT-BL,S,1,2026-02-13
109389,ROND-M6,S,25,2026-02-13
109390,ROND-M8,S,14,2026-02-13
109391,TOMA-SNC,S,5,2026-02-13
109392,TORN-M10,S,18,2026-02-13
109393,TORN-M4,S,5,2026-02-13
109394,TORN-M6,S,8,2026-02-13
109395,TORN-M8,S,14,2026-02-13
109396,TURC-M6,S,70,2026-02-13
109397,TURC-M8,S,40,2026-02-13
109398,CABL-12,S,14,2026-02-14
109399,CLAV-2P,S,1,2026-02-14
109400,CLAV-3P,S,2,2026-02-14
109401,DEST-PL6,S,1,2026-02-14
109402,LIJAD-1,S,1,2026-02-14
109403,LLAV-12,S,1,2026-02-14
109404,MART-2A,S,1,2026-02-14
109405,PINT-BG,S,1,2026-02-14
109406,PINT-BL,S,6,2026-02-14
109407,ROND-M6,S,7,2026-02-14
109408,ROND-M8,S,18,2026-02-14
109409,SELL-TF,S,1,2026-02-14
109410,SIER-HK,S,1,2026-02-14
109411,TABL-1P,S,1,2026-02-14
109412,TOMA-SNC,S,6,2026-02-14
109413,TORN-M4,S,1,2026-02-14
109414,TORN-M6,S,1,2026-02-14
109415,TORN-M8,S,21,2026-02-14
109416,TURC-M6,S,24,2026-02-14
109417,TURC-M8,S,31,2026-02-14
109418,BROD-2P,S,1,2026-02-16
109419,CODE-1P,S,4,2026-02-16
109420,CODE-2P,S,3,2026-02-16
109421,FOCOS-L15,S,1,2026-02-16
109422,FOCOS-L9,S,3,2026-02-16
109423,LLAV-12,S,1,2026-02-16
109424,MART-2A,S,2,2026-02-16
109425,PINT-BL,S,5,2026-02-16
109426,ROND-M6,S,20,2026-02-16
109427,ROND-M8,S,20,2026-02-16
109428,SELL-TF,S,1,2026-02-16
109429,TOMA-SNC,S,6,2026-02-16
109430,TORN-M10,S,13,2026-02-16
109431,TORN-M4,S,1,2026-02-16
109432,TORN-M6,S,1,2026-02-16
109433,TORN-M8,S,5,2026-02-16
109434,TURC-M6,S,129,2026-02-16
109435,TURC-M8,S,37,2026-02-16
109436,CLAV-3P,S,5,2026-02-17
109437,CODE-1P,S,4,2026-02-17
109438,DEST-PL6,S,1,2026-02-17
109439,FOCOS-L9,S,2,2026-02-17
109440,PINT-BL,S,6,2026-02-17
109441,ROND-M6,S,9,2026-02-17
109442,ROND-M8,S,17,2026-02-17
109443,TOMA-SNC,S,8,2026-02-17
109444,TORN-M10,S,6,2026-02-17
109445,TORN-M4,S,3,2026-02-17
109446,TORN-M6,S,5,2026-02-17
109447,TORN-M8,S,11,2026-02-17
109448,TURC-M6,S,37,2026-02-17
109449,TURC-M8,S,13,2026-02-17
109450,CABL-12,E,59,2026-02-18
109451,TABL-1P,E,6,2026-02-18
109452,CLAV-3P,S,3,2026-02-18
109453,CODE-1P,S,4,2026-02-18
109454,FOCOS-L9,S,1,2026-02-18
109455,LIJAD-1,S,3,2026-02-18
109456,PINT-BG,S,1,2026-02-18
109457,PINT-BL,S,8,2026-02-18
109458,ROND-M6,S,3,2026-02-18
109459,ROND-M8,S,29,2026-02-18
109460,TOMA-SNC,S,1,2026-02-18
109461,TORN-M10,S,13,2026-02-18
109462,TORN-M4,S,7,2026-02-18
109463,TORN-M6,S,7,2026-02-18
109464,TORN-M8,S,20,2026-02-18
109465,TUBO-2P,S,13,2026-02-18
109466,TURC-M6,S,18,2026-02-18
109467,TURC-M8,S,31,2026-02-18
109468,BROD-4P,S,1,2026-02-19
109469,CLAV-2P,S,1,2026-02-19
109470,CLAV-3P,S,10,2026-02-19
109471,CODE-1P,S,4,2026-02-19
109472,CODE-2P,S,2,2026-02-19
109473,ESMA-NG,S,1,2026-02-19
109474,FOCOS-L15,S,2,2026-02-19
109475,FOCOS-L9,S,2,2026-02-19
109476,PINT-BL,S,1,2026-02-19
109477,ROND-M6,S,21,2026-02-19
109478,ROND-M8,S,33,2026-02-19
109479,SELL-TF,S,1,2026-02-19
109480,TOMA-SNC,S,2,2026-02-19
109481,TORN-M10,S,3,2026-02-19
109482,TORN-M4,S,10,2026-02-19
109483,TORN-M6,S,5,2026-02-19
109484,TORN-M8,S,15,2026-02-19
109485,TURC-M6,S,123,2026-02-19
109486,TURC-M8,S,5,2026-02-19
109487,CODE-2P,E,120,2026-02-20
109488,CLAV-3P,S,4,2026-02-20
109489,CODE-1P,S,12,2026-02-20
109490,ESMA-NG,S,1,2026-02-20
109491,FOCOS-L9,S,8,2026-02-20
109492,LLAV-12,S,1,2026-02-20
109493,PINT-BG,S,4,2026-02-20
109494,PINT-BL,S,10,2026-02-20
109495,PLIE-6P,S,1,2026-02-20
109496,ROLLO-1,S,1,2026-02-20
109497,ROND-M6,S,57,2026-02-20
109498,ROND-M8,S,22,2026-02-20
109499,SELL-TF,S,2,2026-02-20
109500,TOMA-DBL,S,2,2026-02-20
109501,TOMA-SNC,S,30,2026-02-20
109502,TORN-M10,S,11,2026-02-20
109503,TORN-M4,S,7,2026-02-20
109504,TORN-M6,S,5,2026-02-20
109505,TORN-M8,S,10,2026-02-20
109506,TURC-M6,S,77,2026-02-20
109507,TURC-M8,S,7,2026-02-20
109508,BROD-4P,S,1,2026-02-21
109509,CINT-5M,S,2,2026-02-21
109510,CLAV-3P,S,7,2026-02-21
109511,CODE-1P,S,11,2026-02-21
109512,ESMA-NG,S,2,2026-02-21
109513,FOCOS-L15,S,1,2026-02-21
109514,FOCOS-L9,S,1,2026-02-21
109515,LIJAD-1,S,1,2026-02-21
109516,LLAV-12,S,4,2026-02-21
109517,PINT-BL,S,6,2026-02-21
109518,PLIE-6P,S,1,2026-02-21
109519,ROND-M6,S,2,2026-02-21
109520,ROND-M8,S,20,2026-02-21
109521,SELL-TF,S,1,2026-02-21
109522,TOMA-DBL,S,2,2026-02-21
109523,TOMA-SNC,S,9,2026-02-21
109524,TORN-M10,S,8,2026-02-21
109525,TORN-M4,S,8,2026-02-21
109526,TORN-M6,S,8,2026-02-21
109527,TORN-M8,S,20,2026-02-21
109528,TUBO-1P,S,1,2026-02-21
109529,TURC-M6,S,59,2026-02-21
109530,TURC-M8,S,49,2026-02-21
109531,PINT-BL,E,195,2026-02-23
109532,TURC-M6,E,3000,2026-02-23
109533,TURC-M8,E,1450,2026-02-23
109534,CINT-5M,S,1,2026-02-23
109535,CLAV-3P,S,6,2026-02-23
109536,CODE-1P,S,8,2026-02-23
109537,CODE-2P,S,2,2026-02-23
109538,ESMA-NG,S,2,2026-02-23
109539,FOCOS-L15,S,1,2026-02-23
109540,LIJAD-1,S,1,2026-02-23
109541,LLAV-12,S,1,2026-02-23
109542,PINT-BG,S,1,2026-02-23
109543,PINT-BL,S,5,2026-02-23
109544,ROLLO-1,S,1,2026-02-23
109545,ROND-M6,S,3,2026-02-23
109546,ROND-M8,S,16,2026-02-23
109547,TOMA-SNC,S,10,2026-02-23
109548,TORN-M10,S,7,2026-02-23
109549,TORN-M4,S,1,2026-02-23
109550,TORN-M6,S,7,2026-02-23
109551,TORN-M8,S,6,2026-02-23
109552,TUBO-1P,S,1,2026-02-23
109553,TURC-M6,S,6,2026-02-23
109554,SIER-HK,E,16,2026-02-24
109555,CLAV-3P,S,1,2026-02-24
109556,CODE-1P,S,5,2026-02-24
109557,CODE-2P,S,1,2026-02-24
109558,DEST-PL6,S,1,2026-02-24
109559,ESMA-NG,S,2,2026-02-24
109560,FOCOS-L9,S,1,2026-02-24
109561,LIJAD-1,S,1,2026-02-24
109562,LLAV-12,S,1,2026-02-24
109563,ROLLO-1,S,1,2026-02-24
109564,ROND-M6,S,23,2026-02-24
109565,ROND-M8,S,5,2026-02-24
109566,TOMA-DBL,S,1,2026-02-24
109567,TOMA-SNC,S,12,2026-02-24
109568,TORN-M10,S,7,2026-02-24
109569,TORN-M4,S,11,2026-02-24
109570,TORN-M6,S,5,2026-02-24
109571,TORN-M8,S,28,2026-02-24
109572,TURC-M6,S,26,2026-02-24
109573,TURC-M8,S,9,2026-02-24
109574,BROD-2P,S,1,2026-02-25
109575,CLAV-2P,S,1,2026-02-25
109576,CLAV-3P,S,2,2026-02-25
109577,CODE-1P,S,4,2026-02-25
109578,CODE-2P,S,5,2026-02-25
109579,FOCOS-L15,S,1,2026-02-25
109580,FOCOS-L9,S,1,2026-02-25
109581,LLAV-12,S,2,2026-02-25
109582,NIVE-60,S,1,2026-02-25
109583,PINT-BL,S,12,2026-02-25
109584,PINT-GR,S,2,2026-02-25
109585,PLIE-6P,S,1,2026-02-25
109586,ROND-M6,S,28,2026-02-25
109587,ROND-M8,S,2,2026-02-25
109588,TOMA-SNC,S,10,2026-02-25
109589,TORN-M10,S,13,2026-02-25
109590,TORN-M4,S,9,2026-02-25
109591,TORN-M6,S,4,2026-02-25
109592,TORN-M8,S,7,2026-02-25
109593,TURC-M6,S,53,2026-02-25
109594,TURC-M8,S,14,2026-02-25
109595,CINT-5M,S,1,2026-02-26
109596,CLAV-3P,S,1,2026-02-26
109597,CODE-1P,S,2,2026-02-26
109598,CODE-2P,S,1,2026-02-26
109599,DEST-PH2,S,1,2026-02-26
109600,DEST-PL6,S,1,2026-02-26
109601,INTE-SNC,S,1,2026-02-26
109602,LIJAD-1,S,2,2026-02-26
109603,LLAV-12,S,1,2026-02-26
109604,PINT-BG,S,2,2026-02-26
109605,PINT-BL,S,4,2026-02-26
109606,PINT-GR,S,1,2026-02-26
109607,ROND-M6,S,48,2026-02-26
109608,ROND-M8,S,44,2026-02-26
109609,SELL-TF,S,1,2026-02-26
109610,TOMA-DBL,S,1,2026-02-26
109611,TOMA-SNC,S,6,2026-02-26
109612,TORN-M10,S,6,2026-02-26
109613,TORN-M4,S,3,2026-02-26
109614,TORN-M6,S,6,2026-02-26
109615,TORN-M8,S,8,2026-02-26
109616,TURC-M6,S,28,2026-02-26
109617,TURC-M8,S,30,2026-02-26
109618,CABL-12,S,9,2026-02-27
109619,CINT-5M,S,1,2026-02-27
109620,CLAV-2P,S,1,2026-02-27
109621,CLAV-3P,S,3,2026-02-27
109622,CODE-2P,S,4,2026-02-27
109623,FOCOS-L15,S,1,2026-02-27
109624,FOCOS-L9,S,4,2026-02-27
109625,INTE-SNC,S,1,2026-02-27
109626,MART-1A,S,1,2026-02-27
109627,MART-2A,S,1,2026-02-27
109628,PINT-BG,S,2,2026-02-27
109629,PINT-BL,S,5,2026-02-27
109630,ROND-M6,S,8,2026-02-27
109631,ROND-M8,S,17,2026-02-27
109632,SELL-TF,S,2,2026-02-27
109633,TOMA-SNC,S,6,2026-02-27
109634,TORN-M10,S,9,2026-02-27
109635,TORN-M4,S,9,2026-02-27
109636,TORN-M6,S,3,2026-02-27
109637,TORN-M8,S,14,2026-02-27
109638,TURC-M6,S,33,2026-02-27
109639,TURC-M8,S,63,2026-02-27
109640,CLAV-2P,S,2,2026-02-28
109641,CLAV-3P,S,4,2026-02-28
109642,CODE-1P,S,8,2026-02-28
109643,CODE-2P,S,1,2026-02-28
109644,DEST-PH2,S,1,2026-02-28
109645,FOCOS-L15,S,3,2026-02-28
109646,LIAV-10,S,1,2026-02-28
109647,MART-2A,S,1,2026-02-28
109648,NIVE-60,S,1,2026-02-28
109649,PINT-BG,S,2,2026-02-28
109650,PINT-BL,S,3,2026-02-28
109651,PINT-GR,S,1,2026-02-28
109652,ROND-M6,S,35,2026-02-28
109653,ROND-M8,S,17,2026-02-28
109654,TOMA-SNC,S,19,2026-02-28
109655,TORN-M10,S,8,2026-02-28
109656,TORN-M6,S,7,2026-02-28
109657,TORN-M8,S,14,2026-02-28
109658,TUBO-1P,S,1,2026-02-28
109659,TURC-M6,S,21,2026-02-28
109660,TURC-M8,S,70,2026-02-28
109661,CLAV-3P,E,140,2026-03-02
109662,ESMA-NG,E,42,2026-03-02
109663,TORN-M10,E,450,2026-03-02
109664,BROD-4P,S,1,2026-03-02
109665,CALAD-1,S,1,2026-03-02
109666,CLAV-2P,S,1,2026-03-02
109667,CLAV-3P,S,3,2026-03-02
109668,CODE-1P,S,12,2026-03-02
109669,CODE-2P,S,4,2026-03-02
109670,FOCOS-L15,S,5,2026-03-02
109671,INTE-SNC,S,2,2026-03-02
109672,LIJAD-1,S,3,2026-03-02
109673,LLAV-12,S,1,2026-03-02
109674,MART-2A,S,3,2026-03-02
109675,PINT-BL,S,1,2026-03-02
109676,PINT-GR,S,1,2026-03-02
109677,ROND-M6,S,12,2026-03-02
109678,ROND-M8,S,23,2026-03-02
109679,SELL-TF,S,1,2026-03-02
109680,TOMA-DBL,S,2,2026-03-02
109681,TOMA-SNC,S,3,2026-03-02
109682,TORN-M10,S,24,2026-03-02
109683,TORN-M4,S,9,2026-03-02
109684,TORN-M6,S,7,2026-03-02
109685,TORN-M8,S,4,2026-03-02
109686,TUBO-1P,S,1,2026-03-02
109687,TURC-M6,S,50,2026-03-02
109688,TURC-M8,S,8,2026-03-02
109689,BROD-4P,S,2,2026-03-03
109690,CLAV-3P,S,1,2026-03-03
109691,CODE-1P,S,3,2026-03-03
109692,CODE-2P,S,2,2026-03-03
109693,DEST-PL6,S,1,2026-03-03
109694,ESMER-1,S,2,2026-03-03
109695,FOCOS-L9,S,1,2026-03-03
109696,LIAV-10,S,1,2026-03-03
109697,LLAV-12,S,1,2026-03-03
109698,MART-2A,S,1,2026-03-03
109699,PINT-BG,S,1,2026-03-03
109700,PINT-BL,S,7,2026-03-03
109701,PINT-GR,S,1,2026-03-03
109702,ROND-M6,S,42,2026-03-03
109703,ROND-M8,S,3,2026-03-03
109704,TOMA-DBL,S,1,2026-03-03
109705,TOMA-SNC,S,1,2026-03-03
109706,TORN-M10,S,4,2026-03-03
109707,TORN-M4,S,3,2026-03-03
109708,TORN-M6,S,4,2026-03-03
109709,TORN-M8,S,24,2026-03-03
109710,TUBO-1P,S,1,2026-03-03
109711,TURC-M6,S,125,2026-03-03
109712,TURC-M8,S,61,2026-03-03
109713,TOMA-SNC,E,490,2026-03-04
109714,CLAV-2P,S,1,2026-03-04
109715,CLAV-3P,S,5,2026-03-04
109716,CODE-1P,S,2,2026-03-04
109717,FOCOS-L15,S,2,2026-03-04
109718,FOCOS-L9,S,3,2026-03-04
109719,LIJAD-1,S,5,2026-03-04
109720,LLAV-12,S,6,2026-03-04
109721,PINT-BL,S,6,2026-03-04
109722,ROND-M6,S,4,2026-03-04
109723,ROND-M8,S,7,2026-03-04
109724,SIER-HK,S,1,2026-03-04
109725,TOMA-SNC,S,5,2026-03-04
109726,TORN-M10,S,12,2026-03-04
109727,TORN-M4,S,6,2026-03-04
109728,TORN-M6,S,4,2026-03-04
109729,TORN-M8,S,6,2026-03-04
109730,TURC-M6,S,11,2026-03-04
109731,TURC-M8,S,16,2026-03-04
109732,CLAV-2P,S,1,2026-03-05
109733,CLAV-3P,S,3,2026-03-05
109734,CODE-1P,S,1,2026-03-05
109735,CODE-2P,S,4,2026-03-05
109736,FOCOS-L15,S,2,2026-03-05
109737,FOCOS-L9,S,2,2026-03-05
109738,LIAV-10,S,1,2026-03-05
109739,LIJAD-1,S,2,2026-03-05
109740,MART-2A,S,3,2026-03-05
109741,NIVE-60,S,1,2026-03-05
109742,PINT-BL,S,13,2026-03-05
109743,PINT-GR,S,2,2026-03-05
109744,ROND-M6,S,21,2026-03-05
109745,ROND-M8,S,24,2026-03-05
109746,TOMA-DBL,S,1,2026-03-05
109747,TOMA-SNC,S,3,2026-03-05
109748,TORN-M10,S,13,2026-03-05
109749,TORN-M4,S,4,2026-03-05
109750,TORN-M6,S,6,2026-03-05
109751,TORN-M8,S,17,2026-03-05
109752,TUBO-1P,S,1,2026-03-05
109753,TURC-M6,S,19,2026-03-05
109754,TURC-M8,S,84,2026-03-05
109755,CLAV-2P,S,1,2026-03-06
109756,CLAV-3P,S,4,2026-03-06
109757,CODE-1P,S,3,2026-03-06
109758,DEST-PL6,S,1,2026-03-06
109759,FOCOS-L15,S,2,2026-03-06
109760,FOCOS-L9,S,3,2026-03-06
109761,LLAV-12,S,1,2026-03-06
109762,NIVE-60,S,1,2026-03-06
109763,PINT-BG,S,3,2026-03-06
109764,PINT-BL,S,1,2026-03-06
109765,ROND-M6,S,39,2026-03-06
109766,ROND-M8,S,12,2026-03-06
109767,SELL-TF,S,1,2026-03-06
109768,SIER-HK,S,1,2026-03-06
109769,TOMA-SNC,S,1,2026-03-06
109770,TORN-M10,S,2,2026-03-06
109771,TORN-M6,S,2,2026-03-06
109772,TORN-M8,S,8,2026-03-06
109773,TURC-M6,S,28,2026-03-06
109774,TURC-M8,S,36,2026-03-06
109775,PINT-BG,E,38,2026-03-07
109776,CLAV-3P,S,2,2026-03-07
109777,CODE-1P,S,1,2026-03-07
109778,CODE-2P,S,2,2026-03-07
109779,FOCOS-L9,S,3,2026-03-07
109780,LIAV-10,S,1,2026-03-07
109781,LIJAD-1,S,2,2026-03-07
109782,NIVE-60,S,1,2026-03-07
109783,PINT-BG,S,1,2026-03-07
109784,PINT-BL,S,1,2026-03-07
109785,PLIE-6P,S,1,2026-03-07
109786,ROND-M6,S,68,2026-03-07
109787,ROND-M8,S,21,2026-03-07
109788,SIER-C1,S,1,2026-03-07
109789,SIER-HK,S,1,2026-03-07
109790,TABL-2P,S,6,2026-03-07
109791,TOMA-SNC,S,25,2026-03-07
109792,TORN-M10,S,1,2026-03-07
109793,TORN-M4,S,4,2026-03-07
109794,TORN-M6,S,1,2026-03-07
109795,TORN-M8,S,10,2026-03-07
109796,TURC-M6,S,79,2026-03-07
109797,TURC-M8,S,19,2026-03-07
109798,BROD-2P,S,1,2026-03-09
109799,CLAV-3P,S,4,2026-03-09
109800,CODE-1P,S,2,2026-03-09
109801,CODE-2P,S,4,2026-03-09
109802,LIAV-10,S,1,2026-03-09
109803,LLAV-12,S,3,2026-03-09
109804,MART-2A,S,1,2026-03-09
109805,NIVE-60,S,2,2026-03-09
109806,PINT-BG,S,1,2026-03-09
109807,PINT-BL,S,6,2026-03-09
109808,PLIE-6P,S,1,2026-03-09
109809,ROND-M6,S,49,2026-03-09
109810,ROND-M8,S,15,2026-03-09
109811,TOMA-SNC,S,12,2026-03-09
109812,TORN-M10,S,2,2026-03-09
109813,TORN-M6,S,1,2026-03-09
109814,TORN-M8,S,19,2026-03-09
109815,TURC-M6,S,61,2026-03-09
109816,TURC-M8,S,39,2026-03-09
109817,CABL-12,S,6,2026-03-10
109818,CLAV-3P,S,6,2026-03-10
109819,CODE-1P,S,1,2026-03-10
109820,CODE-2P,S,2,2026-03-10
109821,FOCOS-L9,S,3,2026-03-10
109822,INTE-SNC,S,1,2026-03-10
109823,LLAV-12,S,1,2026-03-10
109824,MART-2A,S,3,2026-03-10
109825,NIVE-60,S,1,2026-03-10
109826,PINT-BG,S,1,2026-03-10
109827,PINT-BL,S,10,2026-03-10
109828,PINT-GR,S,2,2026-03-10
109829,PLIE-8P,S,1,2026-03-10
109830,ROLLO-1,S,1,2026-03-10
109831,ROND-M6,S,34,2026-03-10
109832,ROND-M8,S,86,2026-03-10
109833,SIER-HK,S,1,2026-03-10
109834,TABL-1P,S,1,2026-03-10
109835,TOMA-SNC,S,5,2026-03-10
109836,TORN-M10,S,3,2026-03-10
109837,TORN-M4,S,12,2026-03-10
109838,TORN-M6,S,3,2026-03-10
109839,TORN-M8,S,1,2026-03-10
109840,TURC-M6,S,10,2026-03-10
109841,TURC-M8,S,8,2026-03-10
109842,BROD-2P,S,2,2026-03-11
109843,CODE-1P,S,3,2026-03-11
109844,CODE-2P,S,1,2026-03-11
109845,FOCOS-L15,S,2,2026-03-11
109846,FOCOS-L9,S,1,2026-03-11
109847,LIJAD-1,S,2,2026-03-11
109848,LLAV-12,S,2,2026-03-11
109849,PINT-BG,S,2,2026-03-11
109850,PINT-BL,S,4,2026-03-11
109851,ROLLO-1,S,1,2026-03-11
109852,ROND-M6,S,36,2026-03-11
109853,ROND-M8,S,9,2026-03-11
109854,SELL-TF,S,1,2026-03-11
109855,TOMA-SNC,S,14,2026-03-11
109856,TORN-M10,S,1,2026-03-11
109857,TORN-M4,S,4,2026-03-11
109858,TORN-M6,S,4,2026-03-11
109859,TORN-M8,S,5,2026-03-11
109860,TURC-M6,S,10,2026-03-11
109861,TURC-M8,S,25,2026-03-11
109862,CLAV-3P,S,1,2026-03-12
109863,CODE-1P,S,1,2026-03-12
109864,CODE-2P,S,4,2026-03-12
109865,DEST-PH2,S,1,2026-03-12
109866,LIJAD-1,S,1,2026-03-12
109867,NIVE-60,S,1,2026-03-12
109868,PINT-BG,S,1,2026-03-12
109869,PINT-BL,S,2,2026-03-12
109870,PINT-GR,S,3,2026-03-12
109871,ROND-M6,S,21,2026-03-12
109872,ROND-M8,S,13,2026-03-12
109873,SELL-TF,S,3,2026-03-12
109874,TOMA-SNC,S,12,2026-03-12
109875,TORN-M10,S,9,2026-03-12
109876,TORN-M4,S,1,2026-03-12
109877,TORN-M6,S,6,2026-03-12
109878,TORN-M8,S,2,2026-03-12
109879,TURC-M6,S,42,2026-03-12
109880,TURC-M8,S,7,2026-03-12
109881,PINT-GR,E,30,2026-03-13
109882,BROD-4P,S,4,2026-03-13
109883,CLAV-3P,S,1,2026-03-13
109884,CODE-1P,S,4,2026-03-13
109885,FOCOS-L15,S,1,2026-03-13
109886,FOCOS-L9,S,4,2026-03-13
109887,LIJAD-1,S,1,2026-03-13
109888,MART-1A,S,1,2026-03-13
109889,NIVE-60,S,1,2026-03-13
109890,PINT-BG,S,1,2026-03-13
109891,PINT-BL,S,6,2026-03-13
109892,PINT-GR,S,1,2026-03-13
109893,ROND-M6,S,4,2026-03-13
109894,ROND-M8,S,17,2026-03-13
109895,TOMA-SNC,S,8,2026-03-13
109896,TORN-M10,S,18,2026-03-13
109897,TORN-M4,S,1,2026-03-13
109898,TORN-M6,S,8,2026-03-13
109899,TORN-M8,S,1,2026-03-13
109900,TURC-M6,S,12,2026-03-13
109901,TURC-M8,S,60,2026-03-13
109902,ESMER-1,E,6,2026-03-14
109903,CLAV-3P,S,1,2026-03-14
109904,CODE-1P,S,7,2026-03-14
109905,CODE-2P,S,1,2026-03-14
109906,FOCOS-L9,S,4,2026-03-14
109907,MART-2A,S,5,2026-03-14
109908,PINT-BL,S,1,2026-03-14
109909,PINT-GR,S,1,2026-03-14
109910,ROND-M6,S,36,2026-03-14
109911,ROND-M8,S,19,2026-03-14
109912,SELL-TF,S,1,2026-03-14
109913,TOMA-SNC,S,2,2026-03-14
109914,TORN-M10,S,4,2026-03-14
109915,TORN-M4,S,3,2026-03-14
109916,TORN-M6,S,12,2026-03-14
109917,TORN-M8,S,19,2026-03-14
109918,TURC-M6,S,25,2026-03-14
109919,TURC-M8,S,76,2026-03-14
109920,CLAV-3P,S,4,2026-03-16
109921,CODE-1P,S,3,2026-03-16
109922,ESMER-1,S,1,2026-03-16
109923,FOCOS-L15,S,3,2026-03-16
109924,FOCOS-L9,S,1,2026-03-16
109925,INTE-SNC,S,1,2026-03-16
109926,LIAV-10,S,1,2026-03-16
109927,MART-2A,S,1,2026-03-16
109928,NIVE-60,S,2,2026-03-16
109929,PINT-BG,S,1,2026-03-16
109930,PINT-GR,S,1,2026-03-16
109931,ROND-M6,S,11,2026-03-16
109932,ROND-M8,S,3,2026-03-16
109933,SELL-TF,S,1,2026-03-16
109934,TOMA-SNC,S,5,2026-03-16
109935,TORN-M10,S,9,2026-03-16
109936,TORN-M6,S,7,2026-03-16
109937,TORN-M8,S,15,2026-03-16
109938,TURC-M6,S,23,2026-03-16
109939,TURC-M8,S,58,2026-03-16
109940,CINT-5M,S,1,2026-03-17
109941,CLAV-3P,S,2,2026-03-17
109942,CODE-1P,S,6,2026-03-17
109943,CODE-2P,S,2,2026-03-17
109944,INTE-SNC,S,1,2026-03-17
109945,LIJAD-1,S,1,2026-03-17
109946,MART-2A,S,2,2026-03-17
109947,PINT-BL,S,7,2026-03-17
109948,ROLLO-1,S,1,2026-03-17
109949,ROND-M6,S,31,2026-03-17
109950,ROND-M8,S,11,2026-03-17
109951,TOMA-SNC,S,4,2026-03-17
109952,TORN-M10,S,3,2026-03-17
109953,TORN-M6,S,10,2026-03-17
109954,TORN-M8,S,13,2026-03-17
109955,TURC-M6,S,37,2026-03-17
109956,TURC-M8,S,6,2026-03-17
109957,CLAV-3P,S,11,2026-03-18
109958,CODE-1P,S,3,2026-03-18
109959,CODE-2P,S,8,2026-03-18
109960,FOCOS-L15,S,2,2026-03-18
109961,FOCOS-L9,S,1,2026-03-18
109962,INTE-SNC,S,2,2026-03-18
109963,LIJAD-1,S,4,2026-03-18
109964,LLAV-12,S,2,2026-03-18
109965,MART-2A,S,1,2026-03-18
109966,PINT-BG,S,1,2026-03-18
109967,PINT-BL,S,3,2026-03-18
109968,ROND-M6,S,34,2026-03-18
109969,ROND-M8,S,28,2026-03-18
109970,SIER-C1,S,1,2026-03-18
109971,TABL-1P,S,1,2026-03-18
109972,TOMA-SNC,S,8,2026-03-18
109973,TORN-M10,S,8,2026-03-18
109974,TORN-M4,S,3,2026-03-18
109975,TORN-M6,S,16,2026-03-18
109976,TORN-M8,S,17,2026-03-18
109977,TURC-M6,S,42,2026-03-18
109978,TURC-M8,S,10,2026-03-18
109979,ROND-M6,E,2050,2026-03-19
109980,CALAD-1,S,1,2026-03-19
109981,CINT-5M,S,2,2026-03-19
109982,CLAV-3P,S,4,2026-03-19
109983,CODE-1P,S,2,2026-03-19
109984,CODE-2P,S,2,2026-03-19
109985,FOCOS-L9,S,3,2026-03-19
109986,LIJAD-1,S,2,2026-03-19
109987,LLAV-12,S,2,2026-03-19
109988,PINT-BG,S,1,2026-03-19
109989,PINT-BL,S,1,2026-03-19
109990,PINT-GR,S,2,2026-03-19
109991,PLIE-6P,S,1,2026-03-19
109992,ROND-M6,S,30,2026-03-19
109993,ROND-M8,S,29,2026-03-19
109994,TOMA-SNC,S,8,2026-03-19
109995,TORN-M10,S,9,2026-03-19
109996,TORN-M4,S,7,2026-03-19
109997,TORN-M6,S,3,2026-03-19
109998,TORN-M8,S,12,2026-03-19
109999,TURC-M6,S,70,2026-03-19
110000,TURC-M8,S,48,2026-03-19
110001,CABL-12,S,11,2026-03-20
110002,CLAV-2P,S,2,2026-03-20
110003,CLAV-3P,S,1,2026-03-20
110004,CODE-1P,S,4,2026-03-20
110005,CODE-2P,S,1,2026-03-20
110006,FOCOS-L15,S,4,2026-03-20
110007,LIJAD-1,S,2,2026-03-20
110008,LLAV-12,S,2,2026-03-20
110009,MART-2A,S,2,2026-03-20
110010,PINT-BG,S,2,2026-03-20
110011,PINT-BL,S,7,2026-03-20
110012,PLIE-8P,S,1,2026-03-20
110013,ROND-M6,S,44,2026-03-20
110014,ROND-M8,S,70,2026-03-20
110015,TOMA-DBL,S,1,2026-03-20
110016,TOMA-SNC,S,29,2026-03-20
110017,TORN-M10,S,12,2026-03-20
110018,TORN-M4,S,12,2026-03-20
110019,TORN-M6,S,11,2026-03-20
110020,TORN-M8,S,13,2026-03-20
110021,TURC-M6,S,14,2026-03-20
110022,TURC-M8,S,27,2026-03-20
110023,BROD-4P,S,3,2026-03-21
110024,CALAD-1,S,1,2026-03-21
110025,CODE-1P,S,3,2026-03-21
110026,CODE-2P,S,1,2026-03-21
110027,INTE-SNC,S,1,2026-03-21
110028,LIAV-10,S,1,2026-03-21
110029,MART-2A,S,1,2026-03-21
110030,PINT-BG,S,1,2026-03-21
110031,PINT-BL,S,4,2026-03-21
110032,ROND-M6,S,16,2026-03-21
110033,ROND-M8,S,1,2026-03-21
110034,TOMA-SNC,S,22,2026-03-21
110035,TORN-M10,S,6,2026-03-21
110036,TORN-M4,S,3,2026-03-21
110037,TORN-M6,S,3,2026-03-21
110038,TORN-M8,S,8,2026-03-21
110039,TUBO-1P,S,1,2026-03-21
110040,TURC-M6,S,32,2026-03-21
110041,TURC-M8,S,21,2026-03-21
110042,LIJAD-1,E,40,2026-03-23
110043,BROD-4P,S,2,2026-03-23
110044,CABL-12,S,11,2026-03-23
110045,CINT-5M,S,1,2026-03-23
110046,CLAV-3P,S,2,2026-03-23
110047,CODE-1P,S,1,2026-03-23
110048,CODE-2P,S,3,2026-03-23
110049,FOCOS-L9,S,5,2026-03-23
110050,PINT-BL,S,2,2026-03-23
110051,PINT-GR,S,2,2026-03-23
110052,ROND-M6,S,17,2026-03-23
110053,ROND-M8,S,22,2026-03-23
110054,TOMA-SNC,S,5,2026-03-23
110055,TORN-M10,S,9,2026-03-23
110056,TORN-M4,S,10,2026-03-23
110057,TORN-M6,S,1,2026-03-23
110058,TURC-M6,S,22,2026-03-23
110059,TURC-M8,S,20,2026-03-23
110060,CLAV-3P,S,2,2026-03-24
110061,CODE-1P,S,1,2026-03-24
110062,CODE-2P,S,4,2026-03-24
110063,FOCOS-L15,S,1,2026-03-24
110064,FOCOS-L9,S,1,2026-03-24
110065,LIJAD-1,S,1,2026-03-24
110066,MART-2A,S,1,2026-03-24
110067,PINT-BG,S,4,2026-03-24
110068,PINT-BL,S,13,2026-03-24
110069,ROND-M6,S,17,2026-03-24
110070,ROND-M8,S,21,2026-03-24
110071,TOMA-DBL,S,1,2026-03-24
110072,TOMA-SNC,S,18,2026-03-24
110073,TORN-M10,S,7,2026-03-24
110074,TORN-M4,S,7,2026-03-24
110075,TORN-M6,S,6,2026-03-24
110076,TORN-M8,S,7,2026-03-24
110077,TURC-M6,S,26,2026-03-24
110078,TURC-M8,S,13,2026-03-24
110079,LLAV-12,E,36,2026-03-25
110080,ROND-M8,E,1850,2026-03-25
110081,CLAV-2P,S,1,2026-03-25
110082,CLAV-3P,S,4,2026-03-25
110083,DEST-PH2,S,1,2026-03-25
110084,FOCOS-L15,S,1,2026-03-25
110085,FOCOS-L9,S,1,2026-03-25
110086,LIJAD-1,S,1,2026-03-25
110087,LLAV-12,S,2,2026-03-25
110088,MART-2A,S,1,2026-03-25
110089,NIVE-60,S,1,2026-03-25
110090,PINT-BG,S,1,2026-03-25
110091,PINT-BL,S,3,2026-03-25
110092,ROND-M6,S,55,2026-03-25
110093,ROND-M8,S,11,2026-03-25
110094,SELL-TF,S,2,2026-03-25
110095,TOMA-SNC,S,7,2026-03-25
110096,TORN-M10,S,12,2026-03-25
110097,TORN-M4,S,2,2026-03-25
110098,TORN-M6,S,8,2026-03-25
110099,TORN-M8,S,1,2026-03-25
110100,TURC-M6,S,67,2026-03-25
110101,TURC-M8,S,46,2026-03-25
110102,CLAV-3P,S,1,2026-03-26
110103,CODE-2P,S,2,2026-03-26
110104,FOCOS-L9,S,1,2026-03-26
110105,LIJAD-1,S,1,2026-03-26
110106,LLAV-12,S,1,2026-03-26
110107,MART-2A,S,4,2026-03-26
110108,PINT-BL,S,11,2026-03-26
110109,PINT-GR,S,1,2026-03-26
110110,ROLLO-1,S,1,2026-03-26
110111,ROND-M6,S,19,2026-03-26
110112,ROND-M8,S,42,2026-03-26
110113,SELL-TF,S,2,2026-03-26
110114,TOMA-SNC,S,16,2026-03-26
110115,TORN-M10,S,5,2026-03-26
110116,TORN-M4,S,2,2026-03-26
110117,TORN-M6,S,3,2026-03-26
110118,TORN-M8,S,8,2026-03-26
110119,TURC-M6,S,91,2026-03-26
110120,TURC-M8,S,30,2026-03-26
110121,SIER-C1,E,4,2026-03-27
110122,BROD-4P,S,2,2026-03-27
110123,CABL-12,S,4,2026-03-27
110124,CINT-5M,S,1,2026-03-27
110125,CLAV-3P,S,9,2026-03-27
110126,CODE-1P,S,10,2026-03-27
110127,CODE-2P,S,1,2026-03-27
110128,DEST-PL6,S,1,2026-03-27
110129,FOCOS-L15,S,1,2026-03-27
110130,FOCOS-L9,S,1,2026-03-27
110131,LIAV-10,S,1,2026-03-27
110132,LIJAD-1,S,8,2026-03-27
110133,MART-2A,S,1,2026-03-27
110134,PINT-BG,S,1,2026-03-27
110135,PINT-BL,S,2,2026-03-27
110136,PLIE-8P,S,1,2026-03-27
110137,ROND-M6,S,74,2026-03-27
110138,ROND-M8,S,29,2026-03-27
110139,SIER-C1,S,1,2026-03-27
110140,TOMA-SNC,S,18,2026-03-27
110141,TORN-M10,S,4,2026-03-27
110142,TORN-M6,S,2,2026-03-27
110143,TORN-M8,S,14,2026-03-27
110144,TURC-M6,S,37,2026-03-27
110145,TURC-M8,S,36,2026-03-27
110146,CABL-12,S,5,2026-03-28
110147,CLAV-3P,S,1,2026-03-28
110148,CODE-1P,S,4,2026-03-28
110149,CODE-2P,S,1,2026-03-28
110150,FOCOS-L15,S,2,2026-03-28
110151,FOCOS-L9,S,2,2026-03-28
110152,LIAV-10,S,1,2026-03-28
110153,LIJAD-1,S,1,2026-03-28
110154,MART-2A,S,2,2026-03-28
110155,PINT-BL,S,6,2026-03-28
110156,ROND-M6,S,57,2026-03-28
110157,ROND-M8,S,32,2026-03-28
110158,SELL-TF,S,5,2026-03-28
110159,SIER-C1,S,1,2026-03-28
110160,TOMA-SNC,S,18,2026-03-28
110161,TORN-M10,S,4,2026-03-28
110162,TORN-M4,S,2,2026-03-28
110163,TORN-M6,S,4,2026-03-28
110164,TORN-M8,S,4,2026-03-28
110165,TURC-M6,S,56,2026-03-28
110166,TURC-M8,S,50,2026-03-28
110167,CLAV-2P,S,1,2026-03-30
110168,CLAV-3P,S,3,2026-03-30
110169,CODE-1P,S,2,2026-03-30
110170,DEST-PH2,S,1,2026-03-30
110171,DEST-PL6,S,1,2026-03-30
110172,ESMER-1,S,1,2026-03-30
110173,FOCOS-L15,S,1,2026-03-30
110174,INTE-SNC,S,1,2026-03-30
110175,LIJAD-1,S,1,2026-03-30
110176,NIVE-60,S,3,2026-03-30
110177,PINT-BG,S,1,2026-03-30
110178,PINT-BL,S,1,2026-03-30
110179,PLIE-6P,S,1,2026-03-30
110180,PLIE-8P,S,2,2026-03-30
110181,ROLLO-1,S,1,2026-03-30
110182,ROND-M6,S,21,2026-03-30
110183,ROND-M8,S,68,2026-03-30
110184,SELL-TF,S,1,2026-03-30
110185,TOMA-DBL,S,1,2026-03-30
110186,TOMA-SNC,S,11,2026-03-30
110187,TORN-M10,S,9,2026-03-30
110188,TORN-M4,S,5,2026-03-30
110189,TORN-M6,S,14,2026-03-30
110190,TORN-M8,S,15,2026-03-30
110191,TURC-M6,S,20,2026-03-30
110192,TURC-M8,S,14,2026-03-30
110193,CINT-5M,E,20,2026-03-31
110194,MART-2A,E,46,2026-03-31
110195,BROD-4P,S,1,2026-03-31
110196,CABL-14,S,12,2026-03-31
110197,CLAV-2P,S,2,2026-03-31
110198,CLAV-3P,S,2,2026-03-31
110199,CODE-1P,S,3,2026-03-31
110200,CODE-2P,S,3,2026-03-31
110201,DEST-PH2,S,1,2026-03-31
110202,FOCOS-L9,S,7,2026-03-31
110203,LIAV-10,S,1,2026-03-31
110204,LIJAD-1,S,1,2026-03-31
110205,LLAV-12,S,1,2026-03-31
110206,MART-2A,S,1,2026-03-31
110207,PINT-BG,S,3,2026-03-31
110208,PINT-BL,S,12,2026-03-31
110209,PINT-GR,S,2,2026-03-31
110210,ROND-M6,S,1,2026-03-31
110211,ROND-M8,S,15,2026-03-31
110212,TABL-1P,S,1,2026-03-31
110213,TOMA-DBL,S,1,2026-03-31
110214,TOMA-SNC,S,11,2026-03-31
110215,TORN-M4,S,9,2026-03-31
110216,TORN-M6,S,14,2026-03-31
110217,TORN-M8,S,20,2026-03-31
110218,TURC-M6,S,36,2026-03-31
110219,TURC-M8,S,9,2026-03-31
110220,BROD-4P,S,1,2026-04-01
110221,CLAV-3P,S,5,2026-04-01
110222,CODE-1P,S,6,2026-04-01
110223,CODE-2P,S,2,2026-04-01
110224,DEST-PH2,S,2,2026-04-01
110225,FOCOS-L9,S,6,2026-04-01
110226,LLAV-12,S,2,2026-04-01
110227,MART-2A,S,3,2026-04-01
110228,PINT-BG,S,1,2026-04-01
110229,PINT-BL,S,12,2026-04-01
110230,ROLLO-1,S,1,2026-04-01
110231,ROND-M6,S,14,2026-04-01
110232,ROND-M8,S,21,2026-04-01
110233,SELL-TF,S,3,2026-04-01
110234,TORN-M10,S,8,2026-04-01
110235,TORN-M4,S,3,2026-04-01
110236,TORN-M6,S,3,2026-04-01
110237,TORN-M8,S,3,2026-04-01
110238,TURC-M6,S,37,2026-04-01
110239,TURC-M8,S,46,2026-04-01
110240,LIAV-10,E,16,2026-04-02
110241,CINT-5M,S,1,2026-04-02
110242,CLAV-3P,S,1,2026-04-02
110243,CODE-1P,S,3,2026-04-02
110244,CODE-2P,S,2,2026-04-02
110245,ESMER-1,S,1,2026-04-02
110246,FOCOS-L15,S,1,2026-04-02
110247,FOCOS-L9,S,1,2026-04-02
110248,LLAV-12,S,2,2026-04-02
110249,MART-2A,S,1,2026-04-02
110250,PINT-BL,S,7,2026-04-02
110251,PLIE-6P,S,1,2026-04-02
110252,ROND-M6,S,74,2026-04-02
110253,ROND-M8,S,28,2026-04-02
110254,TOMA-SNC,S,1,2026-04-02
110255,TORN-M10,S,11,2026-04-02
110256,TORN-M6,S,4,2026-04-02
110257,TORN-M8,S,6,2026-04-02
110258,TURC-M6,S,25,2026-04-02
110259,TURC-M8,S,11,2026-04-02
110260,CLAV-3P,S,2,2026-04-03
110261,CODE-1P,S,2,2026-04-03
110262,CODE-2P,S,1,2026-04-03
110263,LIAV-10,S,1,2026-04-03
110264,LLAV-12,S,1,2026-04-03
110265,MART-2A,S,1,2026-04-03
110266,PINT-BL,S,5,2026-04-03
110267,PLIE-6P,S,1,2026-04-03
110268,ROND-M6,S,6,2026-04-03
110269,ROND-M8,S,30,2026-04-03
110270,SELL-TF,S,1,2026-04-03
110271,TOMA-SNC,S,6,2026-04-03
110272,TORN-M10,S,5,2026-04-03
110273,TORN-M4,S,2,2026-04-03
110274,TORN-M6,S,5,2026-04-03
110275,TORN-M8,S,11,2026-04-03
110276,TUBO-1P,S,1,2026-04-03
110277,TURC-M6,S,4,2026-04-03
110278,TURC-M8,S,51,2026-04-03
110279,CLAV-3P,S,5,2026-04-04
110280,CODE-1P,S,2,2026-04-04
110281,CODE-2P,S,1,2026-04-04
110282,DEST-PL6,S,3,2026-04-04
110283,FOCOS-L15,S,1,2026-04-04
110284,FOCOS-L9,S,1,2026-04-04
110285,LLAV-12,S,1,2026-04-04
110286,MART-2A,S,1,2026-04-04
110287,NIVE-60,S,1,2026-04-04
110288,PINT-BL,S,8,2026-04-04
110289,PINT-GR,S,1,2026-04-04
110290,ROND-M6,S,10,2026-04-04
110291,ROND-M8,S,40,2026-04-04
110292,TOMA-SNC,S,3,2026-04-04
110293,TORN-M10,S,10,2026-04-04
110294,TORN-M6,S,8,2026-04-04
110295,TORN-M8,S,6,2026-04-04
110296,TURC-M6,S,106,2026-04-04
110297,TURC-M8,S,22,2026-04-04
110298,NIVE-60,E,22,2026-04-06
110299,CABL-12,S,13,2026-04-06
110300,CINT-5M,S,1,2026-04-06
110301,CLAV-2P,S,2,2026-04-06
110302,CLAV-3P,S,6,2026-04-06
110303,CODE-1P,S,5,2026-04-06
110304,DEST-PH2,S,1,2026-04-06
110305,FOCOS-L9,S,8,2026-04-06
110306,INTE-SNC,S,1,2026-04-06
110307,LIJAD-1,S,2,2026-04-06
110308,LLAV-12,S,1,2026-04-06
110309,NIVE-60,S,1,2026-04-06
110310,PINT-BG,S,1,2026-04-06
110311,PINT-BL,S,5,2026-04-06
110312,ROND-M6,S,41,2026-04-06
110313,ROND-M8,S,26,2026-04-06
110314,TOMA-DBL,S,1,2026-04-06
110315,TOMA-SNC,S,1,2026-04-06
110316,TORN-M10,S,1,2026-04-06
110317,TORN-M4,S,8,2026-04-06
110318,TORN-M8,S,5,2026-04-06
110319,TUBO-1P,S,1,2026-04-06
110320,TURC-M6,S,20,2026-04-06
110321,TURC-M8,S,44,2026-04-06
110322,CABL-14,E,12,2026-04-07
110323,PINT-BL,E,195,2026-04-07
110324,BROD-4P,S,1,2026-04-07
110325,CINT-5M,S,1,2026-04-07
110326,CLAV-3P,S,2,2026-04-07
110327,CODE-1P,S,6,2026-04-07
110328,CODE-2P,S,1,2026-04-07
110329,FOCOS-L15,S,2,2026-04-07
110330,FOCOS-L9,S,8,2026-04-07
110331,LIJAD-1,S,2,2026-04-07
110332,PINT-BG,S,1,2026-04-07
110333,PINT-BL,S,9,2026-04-07
110334,PINT-GR,S,1,2026-04-07
110335,ROND-M6,S,63,2026-04-07
110336,ROND-M8,S,19,2026-04-07
110337,TOMA-SNC,S,1,2026-04-07
110338,TORN-M10,S,10,2026-04-07
110339,TORN-M4,S,4,2026-04-07
110340,TORN-M8,S,18,2026-04-07
110341,TURC-M6,S,21,2026-04-07
110342,TURC-M8,S,49,2026-04-07
110343,CABL-12,S,4,2026-04-08
110344,CLAV-3P,S,2,2026-04-08
110345,CODE-1P,S,2,2026-04-08
110346,FOCOS-L15,S,1,2026-04-08
110347,FOCOS-L9,S,3,2026-04-08
110348,LIAV-10,S,1,2026-04-08
110349,LIJAD-1,S,2,2026-04-08
110350,LLAV-12,S,1,2026-04-08
110351,PINT-BL,S,3,2026-04-08
110352,ROND-M6,S,19,2026-04-08
110353,ROND-M8,S,9,2026-04-08
110354,TOMA-SNC,S,10,2026-04-08
110355,TORN-M10,S,6,2026-04-08
110356,TORN-M4,S,2,2026-04-08
110357,TORN-M6,S,14,2026-04-08
110358,TORN-M8,S,18,2026-04-08
110359,TURC-M6,S,4,2026-04-08
110360,TURC-M8,S,15,2026-04-08
110361,FOCOS-L9,E,125,2026-04-09
110362,BROD-4P,S,3,2026-04-09
110363,CLAV-3P,S,3,2026-04-09
110364,CODE-1P,S,4,2026-04-09
110365,CODE-2P,S,2,2026-04-09
110366,FOCOS-L9,S,1,2026-04-09
110367,LIJAD-1,S,3,2026-04-09
110368,LLAV-12,S,1,2026-04-09
110369,PINT-BL,S,6,2026-04-09
110370,PLIE-6P,S,2,2026-04-09
110371,ROND-M6,S,9,2026-04-09
110372,ROND-M8,S,16,2026-04-09
110373,TOMA-SNC,S,6,2026-04-09
110374,TORN-M10,S,4,2026-04-09
110375,TORN-M4,S,3,2026-04-09
110376,TORN-M6,S,11,2026-04-09
110377,TORN-M8,S,10,2026-04-09
110378,TUBO-1P,S,1,2026-04-09
110379,TURC-M6,S,67,2026-04-09
110380,TURC-M8,S,14,2026-04-09
110381,CLAV-3P,S,4,2026-04-10
110382,CODE-1P,S,3,2026-04-10
110383,CODE-2P,S,3,2026-04-10
110384,FOCOS-L9,S,2,2026-04-10
110385,INTE-SNC,S,3,2026-04-10
110386,LIAV-10,S,1,2026-04-10
110387,LIJAD-1,S,1,2026-04-10
110388,PINT-BG,S,2,2026-04-10
110389,PINT-BL,S,4,2026-04-10
110390,ROND-M6,S,10,2026-04-10
110391,ROND-M8,S,25,2026-04-10
110392,TOMA-SNC,S,7,2026-04-10
110393,TORN-M10,S,6,2026-04-10
110394,TORN-M4,S,10,2026-04-10
110395,TORN-M6,S,1,2026-04-10
110396,TORN-M8,S,26,2026-04-10
110397,TURC-M6,S,86,2026-04-10
110398,TURC-M8,S,3,2026-04-10
110399,CINT-5M,S,1,2026-04-11
110400,CLAV-3P,S,2,2026-04-11
110401,CODE-1P,S,9,2026-04-11
110402,CODE-2P,S,3,2026-04-11
110403,DEST-PH2,S,2,2026-04-11
110404,FOCOS-L9,S,3,2026-04-11
110405,INTE-SNC,S,1,2026-04-11
110406,PINT-BL,S,7,2026-04-11
110407,PINT-GR,S,1,2026-04-11
110408,ROND-M6,S,28,2026-04-11
110409,ROND-M8,S,13,2026-04-11
110410,TOMA-SNC,S,11,2026-04-11
110411,TORN-M10,S,20,2026-04-11
110412,TORN-M4,S,11,2026-04-11
110413,TORN-M6,S,7,2026-04-11
110414,TORN-M8,S,7,2026-04-11
110415,TURC-M6,S,19,2026-04-11
110416,TURC-M8,S,42,2026-04-11
110417,BROD-4P,S,1,2026-04-13
110418,CINT-5M,S,1,2026-04-13
110419,CLAV-2P,S,1,2026-04-13
110420,CLAV-3P,S,1,2026-04-13
110421,CODE-1P,S,6,2026-04-13
110422,FOCOS-L15,S,1,2026-04-13
110423,INTE-SNC,S,1,2026-04-13
110424,LIJAD-1,S,1,2026-04-13
110425,LLAV-12,S,5,2026-04-13
110426,MART-2A,S,5,2026-04-13
110427,ROND-M6,S,19,2026-04-13
110428,ROND-M8,S,11,2026-04-13
110429,TOMA-SNC,S,15,2026-04-13
110430,TORN-M10,S,8,2026-04-13
110431,TORN-M4,S,1,2026-04-13
110432,TORN-M6,S,5,2026-04-13
110433,TORN-M8,S,14,2026-04-13
110434,TURC-M6,S,46,2026-04-13
110435,TURC-M8,S,74,2026-04-13
110436,BROD-4P,S,3,2026-04-14
110437,CINT-5M,S,1,2026-04-14
110438,CLAV-3P,S,1,2026-04-14
110439,CODE-1P,S,10,2026-04-14
110440,DEST-PL6,S,1,2026-04-14
110441,ESMER-1,S,1,2026-04-14
110442,FOCOS-L9,S,3,2026-04-14
110443,LIJAD-1,S,5,2026-04-14
110444,PINT-BG,S,1,2026-04-14
110445,PINT-BL,S,14,2026-04-14
110446,ROND-M6,S,8,2026-04-14
110447,ROND-M8,S,57,2026-04-14
110448,TOMA-DBL,S,1,2026-04-14
110449,TOMA-SNC,S,30,2026-04-14
110450,TORN-M10,S,7,2026-04-14
110451,TORN-M4,S,2,2026-04-14
110452,TORN-M6,S,5,2026-04-14
110453,TORN-M8,S,8,2026-04-14
110454,TURC-M6,S,24,2026-04-14
110455,TURC-M8,S,36,2026-04-14
110456,CINT-5M,S,2,2026-04-15
110457,CLAV-3P,S,1,2026-04-15
110458,CODE-1P,S,6,2026-04-15
110459,DEST-PH2,S,1,2026-04-15
110460,DEST-PL6,S,1,2026-04-15
110461,FOCOS-L15,S,1,2026-04-15
110462,FOCOS-L9,S,2,2026-04-15
110463,LIJAD-1,S,1,2026-04-15
110464,MART-1A,S,1,2026-04-15
110465,PINT-BL,S,10,2026-04-15
110466,PINT-GR,S,1,2026-04-15
110467,ROND-M6,S,15,2026-04-15
110468,ROND-M8,S,34,2026-04-15
110469,SELL-TF,S,1,2026-04-15
110470,TOMA-SNC,S,13,2026-04-15
110471,TORN-M10,S,7,2026-04-15
110472,TORN-M4,S,1,2026-04-15
110473,TORN-M6,S,7,2026-04-15
110474,TORN-M8,S,16,2026-04-15
110475,TURC-M6,S,32,2026-04-15
110476,TURC-M8,S,10,2026-04-15
110477,CABL-12,E,59,2026-04-16
110478,TURC-M8,E,1450,2026-04-16
110479,BROD-2P,S,1,2026-04-16
110480,CABL-12,S,17,2026-04-16
110481,CLAV-3P,S,1,2026-04-16
110482,CODE-1P,S,3,2026-04-16
110483,FOCOS-L15,S,2,2026-04-16
110484,FOCOS-L9,S,3,2026-04-16
110485,PINT-BG,S,1,2026-04-16
110486,PINT-BL,S,2,2026-04-16
110487,PINT-GR,S,1,2026-04-16
110488,ROND-M6,S,91,2026-04-16
110489,ROND-M8,S,32,2026-04-16
110490,SIER-HK,S,1,2026-04-16
110491,TOMA-SNC,S,4,2026-04-16
110492,TORN-M10,S,10,2026-04-16
110493,TORN-M4,S,1,2026-04-16
110494,TORN-M6,S,6,2026-04-16
110495,TORN-M8,S,45,2026-04-16
110496,TUBO-1P,S,2,2026-04-16
110497,TURC-M6,S,69,2026-04-16
110498,TURC-M8,S,59,2026-04-16
110499,CLAV-2P,S,2,2026-04-17
110500,CLAV-3P,S,3,2026-04-17
110501,CODE-2P,S,2,2026-04-17
110502,DEST-PH2,S,1,2026-04-17
110503,LIAV-10,S,1,2026-04-17
110504,LLAV-12,S,1,2026-04-17
110505,MART-2A,S,1,2026-04-17
110506,PINT-BG,S,2,2026-04-17
110507,PINT-BL,S,2,2026-04-17
110508,ROLLO-1,S,1,2026-04-17
110509,ROND-M6,S,18,2026-04-17
110510,ROND-M8,S,11,2026-04-17
110511,SELL-TF,S,3,2026-04-17
110512,TOMA-DBL,S,1,2026-04-17
110513,TOMA-SNC,S,10,2026-04-17
110514,TORN-M10,S,3,2026-04-17
110515,TORN-M4,S,5,2026-04-17
110516,TORN-M8,S,5,2026-04-17
110517,TURC-M6,S,27,2026-04-17
110518,TURC-M8,S,9,2026-04-17
110519,TORN-M8,E,700,2026-04-18
110520,BROD-2P,S,1,2026-04-18
110521,CLAV-2P,S,1,2026-04-18
110522,CLAV-3P,S,2,2026-04-18
110523,CODE-1P,S,4,2026-04-18
110524,CODE-2P,S,2,2026-04-18
110525,ESMA-BL,S,1,2026-04-18
110526,FOCOS-L15,S,1,2026-04-18
110527,FOCOS-L9,S,1,2026-04-18
110528,LIJAD-1,S,2,2026-04-18
110529,LLAV-12,S,4,2026-04-18
110530,MART-2A,S,1,2026-04-18
110531,PINT-BG,S,3,2026-04-18
110532,PINT-BL,S,9,2026-04-18
110533,ROLLO-1,S,1,2026-04-18
110534,ROND-M6,S,13,2026-04-18
110535,ROND-M8,S,14,2026-04-18
110536,SIER-C1,S,2,2026-04-18
110537,TOMA-SNC,S,15,2026-04-18
110538,TORN-M10,S,17,2026-04-18
110539,TORN-M4,S,5,2026-04-18
110540,TORN-M8,S,4,2026-04-18
110541,TUBO-1P,S,2,2026-04-18
110542,TURC-M6,S,52,2026-04-18
110543,TURC-M8,S,14,2026-04-18
110544,CODE-1P,E,300,2026-04-20
110545,CINT-5M,S,1,2026-04-20
110546,CLAV-3P,S,2,2026-04-20
110547,CODE-1P,S,22,2026-04-20
110548,FOCOS-L9,S,1,2026-04-20
110549,INTE-SNC,S,1,2026-04-20
110550,LIJAD-1,S,2,2026-04-20
110551,LLAV-12,S,1,2026-04-20
110552,MART-1A,S,1,2026-04-20
110553,MART-2A,S,1,2026-04-20
110554,PINT-BL,S,3,2026-04-20
110555,PINT-GR,S,3,2026-04-20
110556,ROND-M6,S,17,2026-04-20
110557,ROND-M8,S,6,2026-04-20
110558,TOMA-SNC,S,13,2026-04-20
110559,TORN-M10,S,5,2026-04-20
110560,TORN-M4,S,12,2026-04-20
110561,TORN-M6,S,1,2026-04-20
110562,TORN-M8,S,10,2026-04-20
110563,TURC-M6,S,102,2026-04-20
110564,TURC-M8,S,35,2026-04-20
110565,BROD-4P,S,1,2026-04-21
110566,CODE-1P,S,7,2026-04-21
110567,CODE-2P,S,1,2026-04-21
110568,FOCOS-L15,S,1,2026-04-21
110569,FOCOS-L9,S,2,2026-04-21
110570,INTE-SNC,S,1,2026-04-21
110571,MART-1A,S,1,2026-04-21
110572,NIVE-60,S,2,2026-04-21
110573,PINT-BG,S,4,2026-04-21
110574,PINT-BL,S,12,2026-04-21
110575,PINT-GR,S,1,2026-04-21
110576,ROND-M6,S,63,2026-04-21
110577,ROND-M8,S,11,2026-04-21
110578,TOMA-DBL,S,2,2026-04-21
110579,TOMA-SNC,S,6,2026-04-21
110580,TORN-M10,S,9,2026-04-21
110581,TORN-M6,S,12,2026-04-21
110582,TORN-M8,S,23,2026-04-21
110583,TURC-M6,S,133,2026-04-21
110584,TURC-M8,S,40,2026-04-21
110585,BROD-4P,S,1,2026-04-22
110586,CLAV-3P,S,1,2026-04-22
110587,CODE-1P,S,1,2026-04-22
110588,DEST-PL6,S,1,2026-04-22
110589,FOCOS-L15,S,1,2026-04-22
110590,FOCOS-L9,S,4,2026-04-22
110591,INTE-SNC,S,1,2026-04-22
110592,MART-2A,S,1,2026-04-22
110593,NIVE-60,S,1,2026-04-22
110594,PINT-BL,S,5,2026-04-22
110595,PINT-GR,S,1,2026-04-22
110596,ROND-M6,S,8,2026-04-22
110597,ROND-M8,S,79,2026-04-22
110598,TOMA-SNC,S,17,2026-04-22
110599,TORN-M10,S,13,2026-04-22
110600,TORN-M4,S,10,2026-04-22
110601,TORN-M6,S,5,2026-04-22
110602,TORN-M8,S,11,2026-04-22
110603,TURC-M6,S,39,2026-04-22
110604,TURC-M8,S,34,2026-04-22
110605,BROD-4P,S,1,2026-04-23
110606,CABL-12,S,10,2026-04-23
110607,CODE-1P,S,1,2026-04-23
110608,DEST-PH2,S,1,2026-04-23
110609,FOCOS-L9,S,1,2026-04-23
110610,INTE-SNC,S,1,2026-04-23
110611,LIJAD-1,S,2,2026-04-23
110612,LLAV-12,S,2,2026-04-23
110613,MART-2A,S,3,2026-04-23
110614,NIVE-60,S,1,2026-04-23
110615,PINT-BG,S,5,2026-04-23
110616,PINT-BL,S,2,2026-04-23
110617,ROND-M6,S,18,2026-04-23
110618,ROND-M8,S,17,2026-04-23
110619,SELL-TF,S,1,2026-04-23
110620,TOMA-DBL,S,1,2026-04-23
110621,TOMA-SNC,S,23,2026-04-23
110622,TORN-M10,S,4,2026-04-23
110623,TORN-M4,S,6,2026-04-23
110624,TORN-M6,S,5,2026-04-23
110625,TORN-M8,S,5,2026-04-23
110626,TURC-M6,S,87,2026-04-23
110627,TURC-M8,S,45,2026-04-23
110628,TUBO-1P,E,30,2026-04-24
110629,CINT-5M,S,2,2026-04-24
110630,CLAV-2P,S,2,2026-04-24
110631,CLAV-3P,S,3,2026-04-24
110632,CODE-1P,S,14,2026-04-24
110633,DEST-PL6,S,1,2026-04-24
110634,FOCOS-L15,S,1,2026-04-24
110635,INTE-SNC,S,2,2026-04-24
110636,LLAV-12,S,3,2026-04-24
110637,NIVE-60,S,1,2026-04-24
110638,PINT-BL,S,1,2026-04-24
110639,ROND-M6,S,6,2026-04-24
110640,ROND-M8,S,6,2026-04-24
110641,TOMA-SNC,S,19,2026-04-24
110642,TORN-M10,S,5,2026-04-24
110643,TORN-M4,S,5,2026-04-24
110644,TORN-M6,S,1,2026-04-24
110645,TORN-M8,S,1,2026-04-24
110646,TURC-M6,S,22,2026-04-24
110647,TURC-M8,S,2,2026-04-24
110648,FOCOS-L15,E,105,2026-04-25
110649,BROD-2P,S,1,2026-04-25
110650,BROD-4P,S,1,2026-04-25
110651,CODE-1P,S,3,2026-04-25
110652,CODE-2P,S,3,2026-04-25
110653,DEST-PL6,S,1,2026-04-25
110654,ESMER-1,S,1,2026-04-25
110655,FOCOS-L15,S,1,2026-04-25
110656,FOCOS-L9,S,2,2026-04-25
110657,MART-2A,S,1,2026-04-25
110658,ROND-M6,S,57,2026-04-25
110659,ROND-M8,S,8,2026-04-25
110660,TOMA-SNC,S,1,2026-04-25
110661,TORN-M10,S,15,2026-04-25
110662,TORN-M4,S,3,2026-04-25
110663,TORN-M8,S,23,2026-04-25
110664,TURC-M6,S,104,2026-04-25
110665,TURC-M8,S,29,2026-04-25
110666,BROD-4P,E,30,2026-04-27
110667,DEST-PH2,E,30,2026-04-27
110668,PINT-BG,E,39,2026-04-27
110669,CLAV-3P,S,2,2026-04-27
110670,CODE-1P,S,2,2026-04-27
110671,PINT-BL,S,1,2026-04-27
110672,ROND-M6,S,43,2026-04-27
110673,ROND-M8,S,41,2026-04-27
110674,SELL-TF,S,1,2026-04-27
110675,SIER-HK,S,1,2026-04-27
110676,TABL-1P,S,1,2026-04-27
110677,TOMA-SNC,S,6,2026-04-27
110678,TORN-M10,S,6,2026-04-27
110679,TORN-M4,S,3,2026-04-27
110680,TORN-M6,S,2,2026-04-27
110681,TORN-M8,S,26,2026-04-27
110682,TUBO-1P,S,1,2026-04-27
110683,TURC-M6,S,44,2026-04-27
110684,TURC-M8,S,49,2026-04-27
110685,BROD-2P,S,1,2026-04-28
110686,BROD-4P,S,2,2026-04-28
110687,CLAV-2P,S,1,2026-04-28
110688,CLAV-3P,S,4,2026-04-28
110689,CODE-1P,S,7,2026-04-28
110690,CODE-2P,S,2,2026-04-28
110691,ESMA-BL,S,1,2026-04-28
110692,FOCOS-L9,S,4,2026-04-28
110693,LIJAD-1,S,2,2026-04-28
110694,LLAV-12,S,1,2026-04-28
110695,NIVE-60,S,1,2026-04-28
110696,PINT-BG,S,3,2026-04-28
110697,PINT-BL,S,3,2026-04-28
110698,PINT-GR,S,1,2026-04-28
110699,ROND-M6,S,30,2026-04-28
110700,ROND-M8,S,30,2026-04-28
110701,SELL-TF,S,3,2026-04-28
110702,SIER-C1,S,1,2026-04-28
110703,TOMA-SNC,S,14,2026-04-28
110704,TORN-M10,S,16,2026-04-28
110705,TORN-M4,S,8,2026-04-28
110706,TORN-M6,S,8,2026-04-28
110707,TORN-M8,S,17,2026-04-28
110708,TURC-M6,S,57,2026-04-28
110709,TURC-M8,S,8,2026-04-28
110710,LIJAD-1,E,40,2026-04-29
110711,BROD-4P,S,1,2026-04-29
110712,CINT-5M,S,1,2026-04-29
110713,CLAV-3P,S,1,2026-04-29
110714,CODE-1P,S,13,2026-04-29
110715,CODE-2P,S,4,2026-04-29
110716,DEST-PL6,S,1,2026-04-29
110717,ESMER-1,S,2,2026-04-29
110718,FOCOS-L15,S,4,2026-04-29
110719,FOCOS-L9,S,1,2026-04-29
110720,LLAV-12,S,1,2026-04-29
110721,MART-2A,S,1,2026-04-29
110722,PINT-BL,S,7,2026-04-29
110723,ROND-M6,S,33,2026-04-29
110724,ROND-M8,S,15,2026-04-29
110725,SELL-TF,S,3,2026-04-29
110726,TOMA-SNC,S,6,2026-04-29
110727,TORN-M10,S,12,2026-04-29
110728,TORN-M4,S,1,2026-04-29
110729,TORN-M6,S,9,2026-04-29
110730,TORN-M8,S,27,2026-04-29
110731,TUBO-1P,S,1,2026-04-29
110732,TURC-M6,S,39,2026-04-29
110733,TURC-M8,S,19,2026-04-29
110734,CLAV-2P,S,1,2026-04-30
110735,CLAV-3P,S,4,2026-04-30
110736,CODE-1P,S,2,2026-04-30
110737,LIJAD-1,S,1,2026-04-30
110738,LLAV-12,S,1,2026-04-30
110739,MART-2A,S,1,2026-04-30
110740,PINT-BL,S,3,2026-04-30
110741,PLIE-6P,S,1,2026-04-30
110742,ROND-M6,S,22,2026-04-30
110743,ROND-M8,S,22,2026-04-30
110744,TOMA-DBL,S,2,2026-04-30
110745,TOMA-SNC,S,3,2026-04-30
110746,TORN-M10,S,1,2026-04-30
110747,TORN-M4,S,4,2026-04-30
110748,TORN-M6,S,5,2026-04-30
110749,TORN-M8,S,6,2026-04-30
110750,TURC-M6,S,48,2026-04-30
110751,TURC-M8,S,50,2026-04-30
110752,DEST-PL6,E,30,2026-05-01
110753,BROD-4P,S,1,2026-05-01
110754,CLAV-2P,S,1,2026-05-01
110755,CLAV-3P,S,2,2026-05-01
110756,CODE-1P,S,2,2026-05-01
110757,CODE-2P,S,2,2026-05-01
110758,FOCOS-L15,S,3,2026-05-01
110759,LLAV-12,S,1,2026-05-01
110760,PINT-BG,S,2,2026-05-01
110761,PINT-BL,S,3,2026-05-01
110762,ROLLO-1,S,1,2026-05-01
110763,ROND-M6,S,20,2026-05-01
110764,ROND-M8,S,58,2026-05-01
110765,TOMA-DBL,S,1,2026-05-01
110766,TOMA-SNC,S,18,2026-05-01
110767,TORN-M10,S,1,2026-05-01
110768,TORN-M4,S,1,2026-05-01
110769,TORN-M6,S,4,2026-05-01
110770,TORN-M8,S,1,2026-05-01
110771,TUBO-1P,S,1,2026-05-01
110772,TURC-M6,S,38,2026-05-01
110773,TURC-M8,S,29,2026-05-01
110774,LLAV-12,E,35,2026-05-02
110775,SIER-C1,E,5,2026-05-02
110776,CLAV-2P,S,1,2026-05-02
110777,CODE-1P,S,6,2026-05-02
110778,DEST-PL6,S,1,2026-05-02
110779,INTE-SNC,S,1,2026-05-02
110780,MART-2A,S,1,2026-05-02
110781,PINT-BL,S,6,2026-05-02
110782,PINT-GR,S,1,2026-05-02
110783,PLIE-6P,S,1,2026-05-02
110784,ROND-M6,S,25,2026-05-02
110785,ROND-M8,S,14,2026-05-02
110786,TOMA-SNC,S,7,2026-05-02
110787,TORN-M10,S,5,2026-05-02
110788,TORN-M4,S,7,2026-05-02
110789,TORN-M6,S,6,2026-05-02
110790,TORN-M8,S,11,2026-05-02
110791,TURC-M6,S,43,2026-05-02
110792,TURC-M8,S,88,2026-05-02
110793,TOMA-SNC,E,500,2026-05-04
110794,CLAV-3P,S,10,2026-05-04
110795,CODE-1P,S,7,2026-05-04
110796,CODE-2P,S,2,2026-05-04
110797,FOCOS-L15,S,2,2026-05-04
110798,FOCOS-L9,S,1,2026-05-04
110799,LLAV-12,S,3,2026-05-04
110800,MART-1A,S,1,2026-05-04
110801,PINT-BL,S,4,2026-05-04
110802,PINT-GR,S,1,2026-05-04
110803,ROND-M6,S,11,2026-05-04
110804,ROND-M8,S,7,2026-05-04
110805,TOMA-SNC,S,11,2026-05-04
110806,TORN-M10,S,2,2026-05-04
110807,TORN-M4,S,1,2026-05-04
110808,TORN-M6,S,4,2026-05-04
110809,TORN-M8,S,13,2026-05-04
110810,TURC-M6,S,33,2026-05-04
110811,TURC-M8,S,4,2026-05-04
110812,CINT-5M,S,2,2026-05-05
110813,CLAV-3P,S,2,2026-05-05
110814,CODE-1P,S,5,2026-05-05
110815,FOCOS-L15,S,2,2026-05-05
110816,MART-2A,S,3,2026-05-05
110817,NIVE-60,S,1,2026-05-05
110818,PINT-BL,S,6,2026-05-05
110819,ROND-M6,S,15,2026-05-05
110820,ROND-M8,S,16,2026-05-05
110821,SELL-TF,S,3,2026-05-05
110822,TOMA-SNC,S,10,2026-05-05
110823,TORN-M10,S,14,2026-05-05
110824,TORN-M4,S,4,2026-05-05
110825,TORN-M6,S,5,2026-05-05
110826,TORN-M8,S,40,2026-05-05
110827,TUBO-1P,S,1,2026-05-05
110828,TURC-M6,S,50,2026-05-05
110829,TURC-M8,S,4,2026-05-05
110830,CLAV-3P,E,145,2026-05-06
110831,BROD-4P,S,1,2026-05-06
110832,CALAD-1,S,1,2026-05-06
110833,CLAV-2P,S,1,2026-05-06
110834,CLAV-3P,S,10,2026-05-06
110835,CODE-1P,S,4,2026-05-06
110836,LIJAD-1,S,1,2026-05-06
110837,LLAV-12,S,1,2026-05-06
110838,NIVE-60,S,1,2026-05-06
110839,PINT-BG,S,1,2026-05-06
110840,PINT-BL,S,6,2026-05-06
110841,ROND-M6,S,46,2026-05-06
110842,ROND-M8,S,4,2026-05-06
110843,SIER-HK,S,1,2026-05-06
110844,TOMA-SNC,S,7,2026-05-06
110845,TORN-M10,S,17,2026-05-06
110846,TORN-M4,S,4,2026-05-06
110847,TORN-M6,S,4,2026-05-06
110848,TORN-M8,S,9,2026-05-06
110849,TURC-M6,S,4,2026-05-06
110850,TURC-M8,S,42,2026-05-06
110851,CLAV-3P,S,2,2026-05-07
110852,CODE-1P,S,12,2026-05-07
110853,CODE-2P,S,2,2026-05-07
110854,ESMA-BL,S,1,2026-05-07
110855,ESMER-1,S,1,2026-05-07
110856,FOCOS-L15,S,1,2026-05-07
110857,INTE-SNC,S,1,2026-05-07
110858,LIAV-10,S,1,2026-05-07
110859,LLAV-12,S,2,2026-05-07
110860,LLAV-1P,S,6,2026-05-07
110861,MART-2A,S,3,2026-05-07
110862,PINT-BL,S,3,2026-05-07
110863,ROND-M6,S,22,2026-05-07
110864,ROND-M8,S,56,2026-05-07
110865,TOMA-SNC,S,7,2026-05-07
110866,TORN-M10,S,6,2026-05-07
110867,TORN-M4,S,2,2026-05-07
110868,TORN-M6,S,3,2026-05-07
110869,TUBO-1P,S,1,2026-05-07
110870,TURC-M6,S,83,2026-05-07
110871,TURC-M8,S,21,2026-05-07
110872,CLAV-2P,E,60,2026-05-08
110873,ROLLO-1,E,20,2026-05-08
110874,CINT-5M,S,1,2026-05-08
110875,CODE-1P,S,11,2026-05-08
110876,CODE-2P,S,1,2026-05-08
110877,LIJAD-1,S,1,2026-05-08
110878,MART-2A,S,2,2026-05-08
110879,PINT-BL,S,12,2026-05-08
110880,PINT-GR,S,1,2026-05-08
110881,ROLLO-1,S,1,2026-05-08
110882,ROND-M6,S,4,2026-05-08
110883,ROND-M8,S,14,2026-05-08
110884,TABL-1P,S,1,2026-05-08
110885,TOMA-DBL,S,1,2026-05-08
110886,TORN-M10,S,7,2026-05-08
110887,TORN-M4,S,5,2026-05-08
110888,TORN-M6,S,1,2026-05-08
110889,TORN-M8,S,29,2026-05-08
110890,TURC-M6,S,33,2026-05-08
110891,TURC-M8,S,108,2026-05-08
110892,CINT-5M,S,1,2026-05-09
110893,CLAV-3P,S,1,2026-05-09
110894,CODE-1P,S,3,2026-05-09
110895,CODE-2P,S,1,2026-05-09
110896,FOCOS-L9,S,3,2026-05-09
110897,LIJAD-1,S,1,2026-05-09
110898,LLAV-12,S,1,2026-05-09
110899,PINT-GR,S,1,2026-05-09
110900,ROND-M6,S,55,2026-05-09
110901,ROND-M8,S,35,2026-05-09
110902,SELL-TF,S,2,2026-05-09
110903,TOMA-SNC,S,10,2026-05-09
110904,TORN-M10,S,9,2026-05-09
110905,TORN-M4,S,1,2026-05-09
110906,TORN-M6,S,4,2026-05-09
110907,TORN-M8,S,8,2026-05-09
110908,TURC-M6,S,9,2026-05-09
110909,TURC-M8,S,13,2026-05-09
110910,ESMER-1,E,7,2026-05-11
110911,PINT-GR,E,30,2026-05-11
110912,TORN-M10,E,450,2026-05-11
110913,CLAV-3P,S,5,2026-05-11
110914,CODE-1P,S,12,2026-05-11
110915,CODE-2P,S,6,2026-05-11
110916,LIJAD-1,S,1,2026-05-11
110917,MART-2A,S,3,2026-05-11
110918,PINT-BG,S,1,2026-05-11
110919,PINT-BL,S,11,2026-05-11
110920,PINT-GR,S,1,2026-05-11
110921,ROND-M6,S,62,2026-05-11
110922,ROND-M8,S,31,2026-05-11
110923,TOMA-DBL,S,1,2026-05-11
110924,TOMA-SNC,S,11,2026-05-11
110925,TORN-M10,S,7,2026-05-11
110926,TORN-M4,S,3,2026-05-11
110927,TORN-M6,S,1,2026-05-11
110928,TORN-M8,S,10,2026-05-11
110929,TURC-M6,S,69,2026-05-11
110930,TURC-M8,S,31,2026-05-11
110931,CLAV-3P,S,1,2026-05-12
110932,CODE-1P,S,6,2026-05-12
110933,CODE-2P,S,2,2026-05-12
110934,FOCOS-L9,S,1,2026-05-12
110935,INTE-SNC,S,1,2026-05-12
110936,LLAV-12,S,1,2026-05-12
110937,MART-2A,S,2,2026-05-12
110938,PINT-BG,S,1,2026-05-12
110939,PINT-BL,S,1,2026-05-12
110940,ROND-M6,S,14,2026-05-12
110941,ROND-M8,S,36,2026-05-12
110942,TOMA-SNC,S,15,2026-05-12
110943,TORN-M10,S,7,2026-05-12
110944,TORN-M4,S,2,2026-05-12
110945,TORN-M6,S,4,2026-05-12
110946,TORN-M8,S,12,2026-05-12
110947,TURC-M6,S,4,2026-05-12
110948,TURC-M8,S,33,2026-05-12
110949,CODE-1P,S,13,2026-05-13
110950,CODE-2P,S,2,2026-05-13
110951,FOCOS-L15,S,2,2026-05-13
110952,LLAV-12,S,2,2026-05-13
110953,MART-2A,S,4,2026-05-13
110954,PINT-BG,S,1,2026-05-13
110955,PINT-BL,S,6,2026-05-13
110956,ROLLO-1,S,1,2026-05-13
110957,ROND-M6,S,17,2026-05-13
110958,ROND-M8,S,17,2026-05-13
110959,TOMA-SNC,S,13,2026-05-13
110960,TORN-M10,S,6,2026-05-13
110961,TORN-M4,S,9,2026-05-13
110962,TORN-M6,S,9,2026-05-13
110963,TORN-M8,S,25,2026-05-13
110964,TURC-M6,S,124,2026-05-13
110965,TURC-M8,S,9,2026-05-13
110966,CLAV-2P,S,1,2026-05-14
110967,CLAV-3P,S,3,2026-05-14
110968,CODE-1P,S,14,2026-05-14
110969,FOCOS-L15,S,2,2026-05-14
110970,FOCOS-L9,S,3,2026-05-14
110971,LLAV-12,S,1,2026-05-14
110972,PINT-BG,S,1,2026-05-14
110973,PINT-BL,S,5,2026-05-14
110974,PINT-GR,S,1,2026-05-14
110975,ROND-M6,S,10,2026-05-14
110976,ROND-M8,S,16,2026-05-14
110977,SELL-TF,S,1,2026-05-14
110978,SIER-HK,S,1,2026-05-14
110979,TOMA-SNC,S,13,2026-05-14
110980,TORN-M10,S,1,2026-05-14
110981,TORN-M4,S,8,2026-05-14
110982,TORN-M6,S,5,2026-05-14
110983,TORN-M8,S,48,2026-05-14
110984,TURC-M6,S,8,2026-05-14
110985,TURC-M8,S,33,2026-05-14
110986,TURC-M6,E,2900,2026-05-15
110987,CLAV-3P,S,4,2026-05-15
110988,CODE-1P,S,3,2026-05-15
110989,CODE-2P,S,2,2026-05-15
110990,MART-1A,S,1,2026-05-15
110991,MART-2A,S,1,2026-05-15
110992,PINT-BL,S,5,2026-05-15
110993,ROND-M6,S,10,2026-05-15
110994,ROND-M8,S,30,2026-05-15
110995,TOMA-SNC,S,9,2026-05-15
110996,TORN-M10,S,9,2026-05-15
110997,TORN-M8,S,30,2026-05-15
110998,TURC-M6,S,25,2026-05-15
110999,TURC-M8,S,28,2026-05-15
111000,BROD-2P,S,1,2026-05-16
111001,CLAV-3P,S,2,2026-05-16
111002,CODE-1P,S,2,2026-05-16
111003,CODE-2P,S,3,2026-05-16
111004,FOCOS-L9,S,7,2026-05-16
111005,INTE-SNC,S,1,2026-05-16
111006,MART-1A,S,1,2026-05-16
111007,MART-2A,S,1,2026-05-16
111008,PINT-BL,S,8,2026-05-16
111009,ROLLO-1,S,1,2026-05-16
111010,ROND-M6,S,20,2026-05-16
111011,ROND-M8,S,54,2026-05-16
111012,SELL-TF,S,2,2026-05-16
111013,TALDR-1,S,1,2026-05-16
111014,TOMA-SNC,S,20,2026-05-16
111015,TORN-M10,S,8,2026-05-16
111016,TORN-M4,S,6,2026-05-16
111017,TORN-M6,S,7,2026-05-16
111018,TORN-M8,S,22,2026-05-16
111019,TUBO-1P,S,1,2026-05-16
111020,TURC-M6,S,24,2026-05-16
111021,TURC-M8,S,59,2026-05-16
111022,CLAV-2P,S,4,2026-05-18
111023,CLAV-3P,S,4,2026-05-18
111024,CODE-1P,S,18,2026-05-18
111025,CODE-2P,S,2,2026-05-18
111026,FOCOS-L15,S,2,2026-05-18
111027,FOCOS-L9,S,2,2026-05-18
111028,LIJAD-1,S,1,2026-05-18
111029,MART-2A,S,3,2026-05-18
111030,NIVE-60,S,1,2026-05-18
111031,PINT-BG,S,2,2026-05-18
111032,PINT-BL,S,4,2026-05-18
111033,PINT-GR,S,1,2026-05-18
111034,ROLLO-1,S,1,2026-05-18
111035,ROND-M6,S,30,2026-05-18
111036,ROND-M8,S,15,2026-05-18
111037,TOMA-DBL,S,2,2026-05-18
111038,TOMA-SNC,S,18,2026-05-18
111039,TORN-M10,S,16,2026-05-18
111040,TORN-M4,S,1,2026-05-18
111041,TORN-M6,S,15,2026-05-18
111042,TORN-M8,S,8,2026-05-18
111043,TURC-M6,S,25,2026-05-18
111044,TURC-M8,S,31,2026-05-18
111045,BROD-2P,S,1,2026-05-19
111046,CABL-12,S,8,2026-05-19
111047,CLAV-3P,S,1,2026-05-19
111048,CODE-1P,S,5,2026-05-19
111049,CODE-2P,S,4,2026-05-19
111050,DEST-PH2,S,1,2026-05-19
111051,FOCOS-L15,S,1,2026-05-19
111052,INTE-SNC,S,2,2026-05-19
111053,LIAV-10,S,1,2026-05-19
111054,LLAV-12,S,3,2026-05-19
111055,PINT-BL,S,1,2026-05-19
111056,ROND-M6,S,6,2026-05-19
111057,ROND-M8,S,4,2026-05-19
111058,SELL-TF,S,1,2026-05-19
111059,TALDR-2,S,1,2026-05-19
111060,TOMA-SNC,S,28,2026-05-19
111061,TORN-M10,S,6,2026-05-19
111062,TORN-M4,S,3,2026-05-19
111063,TORN-M6,S,16,2026-05-19
111064,TORN-M8,S,28,2026-05-19
111065,TURC-M6,S,77,2026-05-19
111066,TURC-M8,S,12,2026-05-19
111067,CINT-5M,S,1,2026-05-20
111068,CLAV-3P,S,2,2026-05-20
111069,CODE-1P,S,6,2026-05-20
111070,CODE-2P,S,4,2026-05-20
111071,FOCOS-L15,S,1,2026-05-20
111072,FOCOS-L9,S,1,2026-05-20
111073,LIAV-10,S,1,2026-05-20
111074,LIJAD-1,S,1,2026-05-20
111075,LLAV-12,S,1,2026-05-20
111076,PINT-BG,S,1,2026-05-20
111077,PINT-BL,S,5,2026-05-20
111078,PLIE-6P,S,1,2026-05-20
111079,ROND-M6,S,35,2026-05-20
111080,ROND-M8,S,32,2026-05-20
111081,SELL-TF,S,1,2026-05-20
111082,TOMA-SNC,S,13,2026-05-20
111083,TORN-M10,S,33,2026-05-20
111084,TORN-M4,S,2,2026-05-20
111085,TORN-M6,S,1,2026-05-20
111086,TORN-M8,S,4,2026-05-20
111087,TUBO-1P,S,1,2026-05-20
111088,TURC-M6,S,34,2026-05-20
111089,TURC-M8,S,27,2026-05-20
111090,PINT-BL,E,195,2026-05-21
111091,CLAV-3P,S,6,2026-05-21
111092,CODE-1P,S,8,2026-05-21
111093,DEST-PH2,S,1,2026-05-21
111094,FOCOS-L15,S,3,2026-05-21
111095,FOCOS-L9,S,8,2026-05-21
111096,LIJAD-1,S,2,2026-05-21
111097,MART-2A,S,1,2026-05-21
111098,PINT-BL,S,5,2026-05-21
111099,PLIE-6P,S,1,2026-05-21
111100,ROND-M6,S,20,2026-05-21
111101,ROND-M8,S,27,2026-05-21
111102,SELL-TF,S,1,2026-05-21
111103,TOMA-DBL,S,1,2026-05-21
111104,TOMA-SNC,S,30,2026-05-21
111105,TORN-M10,S,10,2026-05-21
111106,TORN-M4,S,12,2026-05-21
111107,TORN-M6,S,6,2026-05-21
111108,TORN-M8,S,12,2026-05-21
111109,TUBO-1P,S,2,2026-05-21
111110,TURC-M6,S,29,2026-05-21
111111,TURC-M8,S,10,2026-05-21
111112,CLAV-3P,S,1,2026-05-22
111113,CODE-1P,S,11,2026-05-22
111114,INTE-SNC,S,1,2026-05-22
111115,LLAV-12,S,1,2026-05-22
111116,PINT-BL,S,17,2026-05-22
111117,ROND-M6,S,11,2026-05-22
111118,ROND-M8,S,3,2026-05-22
111119,SELL-TF,S,1,2026-05-22
111120,TOMA-SNC,S,10,2026-05-22
111121,TORN-M10,S,4,2026-05-22
111122,TORN-M6,S,1,2026-05-22
111123,TORN-M8,S,34,2026-05-22
111124,TURC-M6,S,60,2026-05-22
111125,TURC-M8,S,11,2026-05-22
111126,CLAV-3P,S,8,2026-05-23
111127,CODE-1P,S,5,2026-05-23
111128,CODE-2P,S,3,2026-05-23
111129,DEST-PH2,S,1,2026-05-23
111130,FOCOS-L15,S,2,2026-05-23
111131,LIJAD-1,S,2,2026-05-23
111132,LLAV-12,S,3,2026-05-23
111133,MART-1A,S,1,2026-05-23
111134,MART-2A,S,2,2026-05-23
111135,NIVE-60,S,1,2026-05-23
111136,PINT-BG,S,1,2026-05-23
111137,PINT-BL,S,6,2026-05-23
111138,ROND-M6,S,20,2026-05-23
111139,ROND-M8,S,6,2026-05-23
111140,SIER-C1,S,1,2026-05-23
111141,TOMA-SNC,S,26,2026-05-23
111142,TORN-M10,S,8,2026-05-23
111143,TORN-M4,S,2,2026-05-23
111144,TORN-M6,S,3,2026-05-23
111145,TORN-M8,S,6,2026-05-23
111146,TURC-M6,S,107,2026-05-23
111147,TURC-M8,S,28,2026-05-23
111148,CODE-2P,E,125,2026-05-25
111149,MART-2A,E,45,2026-05-25
111150,CINT-5M,S,1,2026-05-25
111151,CODE-1P,S,7,2026-05-25
111152,CODE-2P,S,1,2026-05-25
111153,DEST-PH2,S,1,2026-05-25
111154,ESMA-BL,S,1,2026-05-25
111155,FOCOS-L9,S,3,2026-05-25
111156,LLAV-12,S,2,2026-05-25
111157,MART-2A,S,1,2026-05-25
111158,PINT-BL,S,5,2026-05-25
111159,PINT-GR,S,1,2026-05-25
111160,ROND-M6,S,57,2026-05-25
111161,ROND-M8,S,87,2026-05-25
111162,SELL-TF,S,1,2026-05-25
111163,TOMA-DBL,S,2,2026-05-25
111164,TOMA-SNC,S,20,2026-05-25
111165,TORN-M10,S,1,2026-05-25
111166,TORN-M4,S,1,2026-05-25
111167,TORN-M6,S,4,2026-05-25
111168,TORN-M8,S,6,2026-05-25
111169,TURC-M6,S,45,2026-05-25
111170,TURC-M8,S,35,2026-05-25
111171,BROD-4P,S,1,2026-05-26
111172,CLAV-2P,S,1,2026-05-26
111173,CLAV-3P,S,6,2026-05-26
111174,ESMA-BL,S,1,2026-05-26
111175,INTE-SNC,S,1,2026-05-26
111176,LLAV-12,S,3,2026-05-26
111177,MART-2A,S,1,2026-05-26
111178,PINT-BL,S,5,2026-05-26
111179,PLIE-6P,S,2,2026-05-26
111180,ROND-M6,S,38,2026-05-26
111181,ROND-M8,S,15,2026-05-26
111182,SELL-TF,S,2,2026-05-26
111183,SIER-HK,S,2,2026-05-26
111184,TOMA-SNC,S,2,2026-05-26
111185,TORN-M10,S,13,2026-05-26
111186,TORN-M4,S,9,2026-05-26
111187,TORN-M6,S,3,2026-05-26
111188,TORN-M8,S,9,2026-05-26
111189,TURC-M6,S,39,2026-05-26
111190,TURC-M8,S,72,2026-05-26
111191,BROD-2P,S,1,2026-05-27
111192,BROD-4P,S,1,2026-05-27
111193,CODE-1P,S,5,2026-05-27
111194,CODE-2P,S,1,2026-05-27
111195,DEST-PH2,S,1,2026-05-27
111196,FOCOS-L15,S,1,2026-05-27
111197,FOCOS-L9,S,6,2026-05-27
111198,LIJAD-1,S,1,2026-05-27
111199,PINT-BL,S,2,2026-05-27
111200,PINT-GR,S,1,2026-05-27
111201,ROND-M6,S,5,2026-05-27
111202,ROND-M8,S,21,2026-05-27
111203,SELL-TF,S,5,2026-05-27
111204,TOMA-SNC,S,1,2026-05-27
111205,TORN-M10,S,16,2026-05-27
111206,TORN-M4,S,11,2026-05-27
111207,TORN-M6,S,2,2026-05-27
111208,TORN-M8,S,14,2026-05-27
111209,TUBO-1P,S,1,2026-05-27
111210,TURC-M6,S,149,2026-05-27
111211,TURC-M8,S,45,2026-05-27
111212,BROD-2P,S,1,2026-05-28
111213,CLAV-3P,S,2,2026-05-28
111214,CODE-1P,S,4,2026-05-28
111215,CODE-2P,S,1,2026-05-28
111216,FOCOS-L15,S,2,2026-05-28
111217,LIAV-10,S,1,2026-05-28
111218,NIVE-60,S,1,2026-05-28
111219,PLIE-6P,S,1,2026-05-28
111220,ROLLO-1,S,1,2026-05-28
111221,ROND-M6,S,20,2026-05-28
111222,ROND-M8,S,42,2026-05-28
111223,TOMA-DBL,S,1,2026-05-28
111224,TOMA-SNC,S,11,2026-05-28
111225,TORN-M10,S,10,2026-05-28
111226,TORN-M4,S,6,2026-05-28
111227,TORN-M8,S,14,2026-05-28
111228,TUBO-1P,S,1,2026-05-28
111229,TURC-M6,S,88,2026-05-28
111230,TURC-M8,S,32,2026-05-28
111231,CLAV-3P,S,4,2026-05-29
111232,CODE-1P,S,2,2026-05-29
111233,CODE-2P,S,1,2026-05-29
111234,ESMER-1,S,1,2026-05-29
111235,FOCOS-L15,S,2,2026-05-29
111236,INTE-SNC,S,1,2026-05-29
111237,LIJAD-1,S,1,2026-05-29
111238,LLAV-12,S,1,2026-05-29
111239,MART-2A,S,1,2026-05-29
111240,PINT-BG,S,1,2026-05-29
111241,PINT-BL,S,8,2026-05-29
111242,PINT-GR,S,2,2026-05-29
111243,ROND-M6,S,77,2026-05-29
111244,ROND-M8,S,13,2026-05-29
111245,TOMA-SNC,S,35,2026-05-29
111246,TORN-M10,S,2,2026-05-29
111247,TORN-M4,S,2,2026-05-29
111248,TORN-M6,S,1,2026-05-29
111249,TORN-M8,S,23,2026-05-29
111250,TURC-M6,S,14,2026-05-29
111251,TURC-M8,S,27,2026-05-29
111252,PLIE-6P,E,16,2026-05-30
111253,CLAV-3P,S,2,2026-05-30
111254,CODE-1P,S,1,2026-05-30
111255,CODE-2P,S,3,2026-05-30
111256,FOCOS-L15,S,1,2026-05-30
111257,FOCOS-L9,S,1,2026-05-30
111258,LIJAD-1,S,2,2026-05-30
111259,LLAV-12,S,2,2026-05-30
111260,MART-2A,S,2,2026-05-30
111261,PINT-BL,S,3,2026-05-30
111262,PLIE-6P,S,1,2026-05-30
111263,ROND-M6,S,25,2026-05-30
111264,ROND-M8,S,17,2026-05-30
111265,SELL-TF,S,1,2026-05-30
111266,TOMA-SNC,S,5,2026-05-30
111267,TORN-M10,S,7,2026-05-30
111268,TORN-M4,S,4,2026-05-30
111269,TORN-M6,S,7,2026-05-30
111270,TORN-M8,S,9,2026-05-30
111271,TURC-M6,S,129,2026-05-30
111272,TURC-M8,S,77,2026-05-30
111273,CLAV-2P,S,3,2026-06-01
111274,CLAV-3P,S,5,2026-06-01
111275,CODE-1P,S,2,2026-06-01
111276,DEST-PL6,S,1,2026-06-01
111277,FOCOS-L15,S,1,2026-06-01
111278,FOCOS-L9,S,1,2026-06-01
111279,LIJAD-1,S,2,2026-06-01
111280,LLAV-12,S,1,2026-06-01
111281,PINT-BL,S,2,2026-06-01
111282,PLIE-6P,S,1,2026-06-01
111283,ROLLO-1,S,1,2026-06-01
111284,ROND-M6,S,27,2026-06-01
111285,ROND-M8,S,31,2026-06-01
111286,TOMA-SNC,S,11,2026-06-01
111287,TORN-M10,S,1,2026-06-01
111288,TORN-M6,S,2,2026-06-01
111289,TORN-M8,S,13,2026-06-01
111290,TURC-M6,S,82,2026-06-01
111291,TURC-M8,S,27,2026-06-01
111292,TORN-M4,E,1050,2026-06-02
111293,CINT-5M,S,1,2026-06-02
111294,CLAV-2P,S,1,2026-06-02
111295,CLAV-3P,S,3,2026-06-02
111296,CODE-1P,S,4,2026-06-02
111297,CODE-2P,S,1,2026-06-02
111298,FOCOS-L15,S,2,2026-06-02
111299,INTE-SNC,S,1,2026-06-02
111300,LIJAD-1,S,2,2026-06-02
111301,MART-2A,S,1,2026-06-02
111302,NIVE-60,S,1,2026-06-02
111303,PINT-BG,S,3,2026-06-02
111304,PINT-BL,S,3,2026-06-02
111305,PINT-GR,S,1,2026-06-02
111306,ROND-M6,S,76,2026-06-02
111307,ROND-M8,S,13,2026-06-02
111308,SELL-TF,S,1,2026-06-02
111309,TOMA-DBL,S,1,2026-06-02
111310,TOMA-SNC,S,15,2026-06-02
111311,TORN-M10,S,1,2026-06-02
111312,TORN-M4,S,2,2026-06-02
111313,TORN-M6,S,9,2026-06-02
111314,TORN-M8,S,15,2026-06-02
111315,TURC-M6,S,48,2026-06-02
111316,TURC-M8,S,15,2026-06-02
111317,TORN-M8,E,700,2026-06-03
111318,CLAV-3P,S,4,2026-06-03
111319,CODE-1P,S,2,2026-06-03
111320,CODE-2P,S,1,2026-06-03
111321,DEST-PH2,S,1,2026-06-03
111322,FOCOS-L15,S,1,2026-06-03
111323,FOCOS-L9,S,2,2026-06-03
111324,NIVE-60,S,2,2026-06-03
111325,PINT-BL,S,1,2026-06-03
111326,ROND-M6,S,15,2026-06-03
111327,ROND-M8,S,26,2026-06-03
111328,SELL-TF,S,2,2026-06-03
111329,TOMA-SNC,S,17,2026-06-03
111330,TORN-M10,S,4,2026-06-03
111331,TORN-M4,S,6,2026-06-03
111332,TORN-M8,S,11,2026-06-03
111333,TURC-M6,S,46,2026-06-03
111334,TURC-M8,S,32,2026-06-03
111335,CLAV-3P,S,5,2026-06-04
111336,CODE-1P,S,1,2026-06-04
111337,DEST-PH2,S,1,2026-06-04
111338,FOCOS-L15,S,5,2026-06-04
111339,FOCOS-L9,S,3,2026-06-04
111340,INTE-SNC,S,1,2026-06-04
111341,LIJAD-1,S,4,2026-06-04
111342,MART-2A,S,1,2026-06-04
111343,ROND-M6,S,29,2026-06-04
111344,ROND-M8,S,5,2026-06-04
111345,SELL-TF,S,2,2026-06-04
111346,TOMA-SNC,S,3,2026-06-04
111347,TORN-M10,S,11,2026-06-04
111348,TORN-M4,S,4,2026-06-04
111349,TORN-M8,S,21,2026-06-04
111350,TURC-M6,S,58,2026-06-04
111351,TURC-M8,S,1,2026-06-04
111352,CLAV-3P,S,3,2026-06-05
111353,CODE-1P,S,10,2026-06-05
111354,FOCOS-L15,S,2,2026-06-05
111355,LIJAD-1,S,1,2026-06-05
111356,PINT-BL,S,1,2026-06-05
111357,ROND-M6,S,12,2026-06-05
111358,ROND-M8,S,9,2026-06-05
111359,SELL-TF,S,1,2026-06-05
111360,TOMA-SNC,S,6,2026-06-05
111361,TORN-M10,S,3,2026-06-05
111362,TORN-M4,S,6,2026-06-05
111363,TORN-M6,S,7,2026-06-05
111364,TORN-M8,S,22,2026-06-05
111365,TURC-M6,S,4,2026-06-05
111366,TURC-M8,S,12,2026-06-05
111367,CLAV-3P,S,2,2026-06-06
111368,CODE-1P,S,14,2026-06-06
111369,DEST-PL6,S,1,2026-06-06
111370,FOCOS-L15,S,1,2026-06-06
111371,FOCOS-L9,S,1,2026-06-06
111372,PINT-BG,S,1,2026-06-06
111373,PINT-BL,S,3,2026-06-06
111374,ROND-M6,S,28,2026-06-06
111375,ROND-M8,S,28,2026-06-06
111376,SIER-HK,S,1,2026-06-06
111377,TOMA-SNC,S,4,2026-06-06
111378,TORN-M10,S,5,2026-06-06
111379,TORN-M4,S,3,2026-06-06
111380,TORN-M6,S,4,2026-06-06
111381,TORN-M8,S,7,2026-06-06
111382,TURC-M6,S,38,2026-06-06
111383,TURC-M8,S,25,2026-06-06
111384,CABL-12,S,8,2026-06-08
111385,CLAV-3P,S,4,2026-06-08
111386,CODE-1P,S,11,2026-06-08
111387,CODE-2P,S,1,2026-06-08
111388,DEST-PH2,S,1,2026-06-08
111389,ESMER-1,S,1,2026-06-08
111390,FOCOS-L15,S,1,2026-06-08
111391,INTE-SNC,S,2,2026-06-08
111392,LIJAD-1,S,1,2026-06-08
111393,MART-2A,S,2,2026-06-08
111394,PINT-BL,S,6,2026-06-08
111395,ROND-M6,S,36,2026-06-08
111396,ROND-M8,S,37,2026-06-08
111397,SIER-HK,S,1,2026-06-08
111398,TOMA-SNC,S,18,2026-06-08
111399,TORN-M10,S,9,2026-06-08
111400,TORN-M4,S,3,2026-06-08
111401,TORN-M6,S,5,2026-06-08
111402,TORN-M8,S,16,2026-06-08
111403,TUBO-1P,S,1,2026-06-08
111404,TURC-M6,S,57,2026-06-08
111405,TURC-M8,S,5,2026-06-08
111406,CODE-1P,E,300,2026-06-09
111407,BROD-4P,S,2,2026-06-09
111408,CLAV-3P,S,3,2026-06-09
111409,CODE-1P,S,7,2026-06-09
111410,CODE-2P,S,2,2026-06-09
111411,FOCOS-L9,S,1,2026-06-09
111412,MART-2A,S,2,2026-06-09
111413,NIVE-60,S,1,2026-06-09
111414,PINT-BL,S,9,2026-06-09
111415,PLIE-6P,S,1,2026-06-09
111416,ROND-M6,S,30,2026-06-09
111417,ROND-M8,S,42,2026-06-09
111418,TOMA-SNC,S,9,2026-06-09
111419,TORN-M10,S,6,2026-06-09
111420,TORN-M6,S,4,2026-06-09
111421,TORN-M8,S,16,2026-06-09
111422,TURC-M6,S,59,2026-06-09
111423,TURC-M8,S,8,2026-06-09
111424,CABL-14,S,10,2026-06-10
111425,CLAV-3P,S,4,2026-06-10
111426,CODE-1P,S,3,2026-06-10
111427,CODE-2P,S,3,2026-06-10
111428,DEST-PH2,S,1,2026-06-10
111429,ESMER-1,S,1,2026-06-10
111430,FOCOS-L9,S,1,2026-06-10
111431,PINT-BL,S,7,2026-06-10
111432,ROND-M6,S,36,2026-06-10
111433,ROND-M8,S,52,2026-06-10
111434,SELL-TF,S,2,2026-06-10
111435,TOMA-SNC,S,8,2026-06-10
111436,TORN-M10,S,16,2026-06-10
111437,TORN-M4,S,13,2026-06-10
111438,TORN-M6,S,4,2026-06-10
111439,TORN-M8,S,26,2026-06-10
111440,TURC-M6,S,73,2026-06-10
111441,TURC-M8,S,19,2026-06-10
111442,BROD-4P,S,1,2026-06-11
111443,CLAV-2P,S,2,2026-06-11
111444,CLAV-3P,S,5,2026-06-11
111445,CODE-1P,S,5,2026-06-11
111446,CODE-2P,S,1,2026-06-11
111447,FOCOS-L15,S,4,2026-06-11
111448,FOCOS-L9,S,1,2026-06-11
111449,LLAV-12,S,6,2026-06-11
111450,MART-1A,S,1,2026-06-11
111451,PINT-BG,S,1,2026-06-11
111452,PINT-BL,S,4,2026-06-11
111453,PLIE-6P,S,1,2026-06-11
111454,ROND-M6,S,9,2026-06-11
111455,ROND-M8,S,43,2026-06-11
111456,SIER-HK,S,1,2026-06-11
111457,TOMA-SNC,S,19,2026-06-11
111458,TORN-M10,S,4,2026-06-11
111459,TORN-M4,S,6,2026-06-11
111460,TORN-M6,S,4,2026-06-11
111461,TORN-M8,S,11,2026-06-11
111462,TURC-M6,S,30,2026-06-11
111463,TURC-M8,S,14,2026-06-11
111464,CINT-5M,E,20,2026-06-12
111465,SELL-TF,E,200,2026-06-12
111466,CLAV-3P,S,8,2026-06-12
111467,CODE-1P,S,7,2026-06-12
111468,DEST-PH2,S,1,2026-06-12
111469,FOCOS-L9,S,2,2026-06-12
111470,INTE-SNC,S,1,2026-06-12
111471,LIJAD-1,S,2,2026-06-12
111472,MART-2A,S,1,2026-06-12
111473,NIVE-60,S,1,2026-06-12
111474,PINT-BL,S,3,2026-06-12
111475,ROND-M6,S,25,2026-06-12
111476,ROND-M8,S,20,2026-06-12
111477,SELL-TF,S,1,2026-06-12
111478,SIER-HK,S,1,2026-06-12
111479,TOMA-SNC,S,19,2026-06-12
111480,TORN-M4,S,6,2026-06-12
111481,TORN-M6,S,1,2026-06-12
111482,TORN-M8,S,3,2026-06-12
111483,TURC-M6,S,145,2026-06-12
111484,TURC-M8,S,4,2026-06-12
111485,ROND-M6,E,2050,2026-06-13
111486,CINT-5M,S,1,2026-06-13
111487,CLAV-3P,S,1,2026-06-13
111488,CODE-1P,S,2,2026-06-13
111489,CODE-2P,S,3,2026-06-13
111490,FOCOS-L9,S,4,2026-06-13
111491,INTE-SNC,S,1,2026-06-13
111492,LIJAD-1,S,1,2026-06-13
111493,MART-2A,S,2,2026-06-13
111494,PINT-BG,S,1,2026-06-13
111495,PINT-BL,S,3,2026-06-13
111496,ROND-M6,S,22,2026-06-13
111497,ROND-M8,S,14,2026-06-13
111498,TOMA-SNC,S,21,2026-06-13
111499,TORN-M10,S,2,2026-06-13
111500,TORN-M4,S,5,2026-06-13
111501,TORN-M6,S,5,2026-06-13
111502,TORN-M8,S,7,2026-06-13
111503,TURC-M6,S,59,2026-06-13
111504,TURC-M8,S,40,2026-06-13
111505,TURC-M8,E,1450,2026-06-15
111506,CINT-5M,S,1,2026-06-15
111507,CLAV-3P,S,3,2026-06-15
111508,FOCOS-L15,S,2,2026-06-15
111509,LLAV-12,S,1,2026-06-15
111510,MART-2A,S,4,2026-06-15
111511,NIVE-60,S,1,2026-06-15
111512,PINT-BL,S,3,2026-06-15
111513,ROND-M6,S,42,2026-06-15
111514,ROND-M8,S,17,2026-06-15
111515,TOMA-SNC,S,18,2026-06-15
111516,TORN-M10,S,2,2026-06-15
111517,TORN-M4,S,2,2026-06-15
111518,TORN-M6,S,5,2026-06-15
111519,TORN-M8,S,5,2026-06-15
111520,TUBO-2P,S,20,2026-06-15
111521,TURC-M6,S,51,2026-06-15
111522,TURC-M8,S,66,2026-06-15
111523,CODE-1P,S,15,2026-06-16
111524,CODE-2P,S,2,2026-06-16
111525,FOCOS-L15,S,6,2026-06-16
111526,FOCOS-L9,S,1,2026-06-16
111527,INTE-SNC,S,1,2026-06-16
111528,LIJAD-1,S,1,2026-06-16
111529,NIVE-60,S,1,2026-06-16
111530,PINT-BG,S,1,2026-06-16
111531,PINT-BL,S,3,2026-06-16
111532,PLIE-6P,S,2,2026-06-16
111533,ROLLO-1,S,1,2026-06-16
111534,ROND-M6,S,34,2026-06-16
111535,ROND-M8,S,15,2026-06-16
111536,SIER-C1,S,1,2026-06-16
111537,TOMA-SNC,S,4,2026-06-16
111538,TORN-M10,S,7,2026-06-16
111539,TORN-M4,S,7,2026-06-16
111540,TORN-M6,S,4,2026-06-16
111541,TORN-M8,S,13,2026-06-16
111542,TURC-M6,S,15,2026-06-16
111543,TURC-M8,S,20,2026-06-16
111544,CLAV-3P,S,3,2026-06-17
111545,CODE-1P,S,4,2026-06-17
111546,CODE-2P,S,1,2026-06-17
111547,INTE-SNC,S,1,2026-06-17
111548,PINT-BG,S,1,2026-06-17
111549,PINT-BL,S,6,2026-06-17
111550,ROND-M6,S,33,2026-06-17
111551,ROND-M8,S,15,2026-06-17
111552,SIER-C1,S,1,2026-06-17
111553,TALDR-2,S,1,2026-06-17
111554,TOMA-SNC,S,15,2026-06-17
111555,TORN-M10,S,22,2026-06-17
111556,TORN-M4,S,6,2026-06-17
111557,TORN-M6,S,2,2026-06-17
111558,TORN-M8,S,3,2026-06-17
111559,TURC-M6,S,148,2026-06-17
111560,TURC-M8,S,17,2026-06-17
111561,CLAV-2P,S,1,2026-06-18
111562,CLAV-3P,S,2,2026-06-18
111563,CODE-1P,S,3,2026-06-18
111564,CODE-2P,S,1,2026-06-18
111565,DEST-PH2,S,1,2026-06-18
111566,DEST-PL6,S,1,2026-06-18
111567,FOCOS-L9,S,4,2026-06-18
111568,INTE-SNC,S,1,2026-06-18
111569,LLAV-12,S,3,2026-06-18
111570,MART-2A,S,1,2026-06-18
111571,NIVE-60,S,1,2026-06-18
111572,PINT-BG,S,1,2026-06-18
111573,PINT-BL,S,3,2026-06-18
111574,PINT-GR,S,1,2026-06-18
111575,PLIE-6P,S,1,2026-06-18
111576,ROND-M6,S,22,2026-06-18
111577,ROND-M8,S,24,2026-06-18
111578,TOMA-DBL,S,1,2026-06-18
111579,TOMA-SNC,S,4,2026-06-18
111580,TORN-M10,S,2,2026-06-18
111581,TORN-M4,S,1,2026-06-18
111582,TORN-M6,S,3,2026-06-18
111583,TORN-M8,S,4,2026-06-18
111584,TURC-M6,S,42,2026-06-18
111585,TURC-M8,S,51,2026-06-18
111586,LLAV-12,E,36,2026-06-19
111587,ROND-M8,E,1800,2026-06-19
111588,TOMA-SNC,E,490,2026-06-19
111589,CINT-5M,S,1,2026-06-19
111590,CODE-1P,S,3,2026-06-19
111591,CODE-2P,S,1,2026-06-19
111592,DEST-PH2,S,1,2026-06-19
111593,FOCOS-L15,S,1,2026-06-19
111594,FOCOS-L9,S,1,2026-06-19
111595,LIJAD-1,S,2,2026-06-19
111596,LLAV-12,S,1,2026-06-19
111597,PINT-BG,S,1,2026-06-19
111598,PINT-BL,S,3,2026-06-19
111599,ROLLO-1,S,1,2026-06-19
111600,ROND-M6,S,25,2026-06-19
111601,ROND-M8,S,26,2026-06-19
111602,TOMA-DBL,S,1,2026-06-19
111603,TOMA-SNC,S,5,2026-06-19
111604,TORN-M10,S,10,2026-06-19
111605,TORN-M4,S,3,2026-06-19
111606,TORN-M6,S,19,2026-06-19
111607,TORN-M8,S,11,2026-06-19
111608,TUBO-1P,S,1,2026-06-19
111609,TUBO-2P,S,13,2026-06-19
111610,TURC-M6,S,10,2026-06-19
111611,TURC-M8,S,9,2026-06-19
111612,CABL-14,E,10,2026-06-20
111613,NIVE-60,E,20,2026-06-20
111614,BROD-4P,S,1,2026-06-20
111615,CLAV-2P,S,1,2026-06-20
111616,CLAV-3P,S,2,2026-06-20
111617,CODE-1P,S,13,2026-06-20
111618,CODE-2P,S,2,2026-06-20
111619,FOCOS-L15,S,1,2026-06-20
111620,FOCOS-L9,S,2,2026-06-20
111621,INTE-SNC,S,1,2026-06-20
111622,LLAV-12,S,2,2026-06-20
111623,MART-2A,S,1,2026-06-20
111624,ROND-M6,S,10,2026-06-20
111625,ROND-M8,S,29,2026-06-20
111626,SELL-TF,S,3,2026-06-20
111627,TOMA-DBL,S,1,2026-06-20
111628,TOMA-SNC,S,11,2026-06-20
111629,TORN-M10,S,14,2026-06-20
111630,TORN-M4,S,13,2026-06-20
111631,TORN-M6,S,2,2026-06-20
111632,TORN-M8,S,11,2026-06-20
111633,TURC-M6,S,36,2026-06-20
111634,TURC-M8,S,2,2026-06-20
111635,TUBO-2P,E,46,2026-06-22
111636,CLAV-3P,S,3,2026-06-22
111637,CODE-1P,S,11,2026-06-22
111638,CODE-2P,S,6,2026-06-22
111639,DEST-PH2,S,1,2026-06-22
111640,FOCOS-L9,S,2,2026-06-22
111641,LIAV-10,S,1,2026-06-22
111642,LLAV-12,S,1,2026-06-22
111643,MART-2A,S,1,2026-06-22
111644,NIVE-60,S,1,2026-06-22
111645,PINT-BG,S,1,2026-06-22
111646,PINT-BL,S,3,2026-06-22
111647,PINT-GR,S,2,2026-06-22
111648,ROND-M6,S,90,2026-06-22
111649,ROND-M8,S,10,2026-06-22
111650,SELL-TF,S,1,2026-06-22
111651,TOMA-SNC,S,40,2026-06-22
111652,TORN-M10,S,5,2026-06-22
111653,TORN-M4,S,1,2026-06-22
111654,TORN-M6,S,9,2026-06-22
111655,TORN-M8,S,10,2026-06-22
111656,TURC-M6,S,54,2026-06-22
111657,TURC-M8,S,78,2026-06-22
111658,LIJAD-1,E,39,2026-06-23
111659,CLAV-3P,S,6,2026-06-23
111660,CODE-1P,S,11,2026-06-23
111661,CODE-2P,S,2,2026-06-23
111662,FOCOS-L9,S,2,2026-06-23
111663,LIJAD-1,S,1,2026-06-23
111664,ROND-M6,S,10,2026-06-23
111665,ROND-M8,S,5,2026-06-23
111666,SELL-TF,S,2,2026-06-23
111667,TOMA-DBL,S,1,2026-06-23
111668,TOMA-SNC,S,4,2026-06-23
111669,TORN-M10,S,4,2026-06-23
111670,TORN-M4,S,7,2026-06-23
111671,TORN-M6,S,6,2026-06-23
111672,TORN-M8,S,3,2026-06-23
111673,TURC-M6,S,37,2026-06-23
111674,TURC-M8,S,28,2026-06-23
111675,CINT-5M,S,1,2026-06-24
111676,CLAV-3P,S,3,2026-06-24
111677,CODE-1P,S,12,2026-06-24
111678,CODE-2P,S,1,2026-06-24
111679,FOCOS-L15,S,1,2026-06-24
111680,LIJAD-1,S,2,2026-06-24
111681,PINT-BG,S,2,2026-06-24
111682,PINT-BL,S,2,2026-06-24
111683,ROND-M6,S,24,2026-06-24
111684,ROND-M8,S,19,2026-06-24
111685,SIER-HK,S,1,2026-06-24
111686,TABL-2P,S,5,2026-06-24
111687,TORN-M10,S,17,2026-06-24
111688,TORN-M4,S,2,2026-06-24
111689,TORN-M6,S,2,2026-06-24
111690,TORN-M8,S,8,2026-06-24
111691,TURC-M6,S,54,2026-06-24
111692,TURC-M8,S,2,2026-06-24
111693,CABL-12,S,16,2026-06-25
111694,CINT-5M,S,1,2026-06-25
111695,CLAV-3P,S,1,2026-06-25
111696,CODE-1P,S,11,2026-06-25
111697,CODE-2P,S,2,2026-06-25
111698,FOCOS-L15,S,2,2026-06-25
111699,FOCOS-L9,S,8,2026-06-25
111700,LIAV-10,S,1,2026-06-25
111701,LIJAD-1,S,1,2026-06-25
111702,PINT-BL,S,3,2026-06-25
111703,ROLLO-1,S,1,2026-06-25
111704,ROND-M6,S,26,2026-06-25
111705,ROND-M8,S,9,2026-06-25
111706,TOMA-SNC,S,8,2026-06-25
111707,TORN-M10,S,4,2026-06-25
111708,TORN-M4,S,6,2026-06-25
111709,TORN-M8,S,21,2026-06-25
111710,TURC-M6,S,79,2026-06-25
111711,TURC-M8,S,6,2026-06-25
111712,BROD-4P,S,1,2026-06-26
111713,CLAV-2P,S,1,2026-06-26
111714,CLAV-3P,S,2,2026-06-26
111715,CODE-1P,S,7,2026-06-26
111716,FOCOS-L15,S,1,2026-06-26
111717,LIJAD-1,S,1,2026-06-26
111718,MART-2A,S,1,2026-06-26
111719,PINT-BL,S,3,2026-06-26
111720,ROND-M6,S,32,2026-06-26
111721,ROND-M8,S,34,2026-06-26
111722,TOMA-SNC,S,7,2026-06-26
111723,TORN-M4,S,1,2026-06-26
111724,TORN-M6,S,6,2026-06-26
111725,TORN-M8,S,19,2026-06-26
111726,TURC-M6,S,42,2026-06-26
111727,TURC-M8,S,29,2026-06-26
111728,TABL-2P,E,11,2026-06-27
111729,CLAV-2P,S,2,2026-06-27
111730,CLAV-3P,S,1,2026-06-27
111731,CODE-1P,S,8,2026-06-27
111732,LIAV-10,S,1,2026-06-27
111733,MART-2A,S,2,2026-06-27
111734,PINT-BL,S,4,2026-06-27
111735,PINT-GR,S,1,2026-06-27
111736,ROND-M6,S,42,2026-06-27
111737,ROND-M8,S,8,2026-06-27
111738,SELL-TF,S,1,2026-06-27
111739,TOMA-DBL,S,1,2026-06-27
111740,TOMA-SNC,S,18,2026-06-27
111741,TORN-M10,S,5,2026-06-27
111742,TORN-M6,S,8,2026-06-27
111743,TORN-M8,S,12,2026-06-27
111744,TURC-M6,S,26,2026-06-27
111745,TURC-M8,S,9,2026-06-27
111746,CABL-12,E,63,2026-06-29
111747,CLAV-3P,E,145,2026-06-29
111748,FOCOS-L9,E,125,2026-06-29
111749,SIER-C1,E,4,2026-06-29
111750,TOMA-DBL,E,60,2026-06-29
111751,CABL-12,S,12,2026-06-29
111752,CINT-5M,S,1,2026-06-29
111753,CLAV-3P,S,1,2026-06-29
111754,CODE-1P,S,1,2026-06-29
111755,CODE-2P,S,1,2026-06-29
111756,FOCOS-L15,S,2,2026-06-29
111757,LIJAD-1,S,2,2026-06-29
111758,LLAV-12,S,1,2026-06-29
111759,MART-1A,S,1,2026-06-29
111760,PINT-BG,S,2,2026-06-29
111761,PINT-BL,S,1,2026-06-29
111762,ROND-M6,S,21,2026-06-29
111763,ROND-M8,S,10,2026-06-29
111764,SELL-TF,S,1,2026-06-29
111765,TOMA-SNC,S,3,2026-06-29
111766,TORN-M10,S,9,2026-06-29
111767,TORN-M4,S,9,2026-06-29
111768,TORN-M6,S,5,2026-06-29
111769,TORN-M8,S,16,2026-06-29
111770,TURC-M6,S,30,2026-06-29
111771,TURC-M8,S,5,2026-06-29
111772,BROD-4P,S,2,2026-06-30
111773,CODE-1P,S,1,2026-06-30
111774,CODE-2P,S,5,2026-06-30
111775,FOCOS-L9,S,3,2026-06-30
111776,LLAV-12,S,1,2026-06-30
111777,MART-2A,S,1,2026-06-30
111778,PINT-BG,S,1,2026-06-30
111779,PINT-BL,S,2,2026-06-30
111780,ROND-M6,S,16,2026-06-30
111781,ROND-M8,S,31,2026-06-30
111782,TOMA-SNC,S,34,2026-06-30
111783,TORN-M10,S,3,2026-06-30
111784,TORN-M4,S,2,2026-06-30
111785,TORN-M6,S,4,2026-06-30
111786,TORN-M8,S,8,2026-06-30
111787,TURC-M6,S,190,2026-06-30
111788,TURC-M8,S,16,2026-06-30
111789,TORN-M6,E,800,2026-07-01
111790,CLAV-3P,S,5,2026-07-01
111791,CODE-1P,S,2,2026-07-01
111792,CODE-2P,S,3,2026-07-01
111793,FOCOS-L9,S,1,2026-07-01
111794,INTE-SNC,S,1,2026-07-01
111795,LIAV-10,S,1,2026-07-01
111796,LLAV-12,S,1,2026-07-01
111797,MART-2A,S,1,2026-07-01
111798,PINT-BL,S,4,2026-07-01
111799,PINT-GR,S,1,2026-07-01
111800,PLIE-6P,S,1,2026-07-01
111801,ROND-M6,S,9,2026-07-01
111802,ROND-M8,S,10,2026-07-01
111803,SELL-TF,S,1,2026-07-01
111804,TOMA-DBL,S,1,2026-07-01
111805,TOMA-SNC,S,22,2026-07-01
111806,TORN-M10,S,9,2026-07-01
111807,TORN-M4,S,7,2026-07-01
111808,TORN-M6,S,4,2026-07-01
111809,TORN-M8,S,5,2026-07-01
111810,TURC-M6,S,30,2026-07-01
111811,TURC-M8,S,28,2026-07-01
111812,PINT-BG,E,37,2026-07-02
111813,CODE-1P,S,9,2026-07-02
111814,CODE-2P,S,3,2026-07-02
111815,FOCOS-L9,S,3,2026-07-02
111816,INTE-SNC,S,1,2026-07-02
111817,NIVE-60,S,1,2026-07-02
111818,PINT-BL,S,2,2026-07-02
111819,ROND-M6,S,7,2026-07-02
111820,ROND-M8,S,17,2026-07-02
111821,SIER-HK,S,1,2026-07-02
111822,TABL-1P,S,1,2026-07-02
111823,TOMA-SNC,S,14,2026-07-02
111824,TORN-M10,S,3,2026-07-02
111825,TORN-M4,S,4,2026-07-02
111826,TORN-M6,S,3,2026-07-02
111827,TORN-M8,S,9,2026-07-02
111828,TURC-M6,S,52,2026-07-02
111829,TURC-M8,S,2,2026-07-02
111830,CLAV-3P,S,1,2026-07-03
111831,CODE-1P,S,1,2026-07-03
111832,DEST-PH2,S,1,2026-07-03
111833,FOCOS-L9,S,1,2026-07-03
111834,INTE-SNC,S,1,2026-07-03
111835,LIAV-10,S,2,2026-07-03
111836,LLAV-12,S,2,2026-07-03
111837,MART-2A,S,2,2026-07-03
111838,PINT-BL,S,2,2026-07-03
111839,PLIE-6P,S,1,2026-07-03
111840,ROND-M6,S,50,2026-07-03
111841,ROND-M8,S,57,2026-07-03
111842,TABL-1P,S,1,2026-07-03
111843,TOMA-SNC,S,14,2026-07-03
111844,TORN-M10,S,2,2026-07-03
111845,TORN-M4,S,2,2026-07-03
111846,TORN-M6,S,1,2026-07-03
111847,TORN-M8,S,7,2026-07-03
111848,TURC-M6,S,24,2026-07-03
111849,TURC-M8,S,23,2026-07-03
111850,CLAV-3P,S,1,2026-07-04
111851,CODE-1P,S,15,2026-07-04
111852,FOCOS-L15,S,2,2026-07-04
111853,FOCOS-L9,S,1,2026-07-04
111854,INTE-SNC,S,1,2026-07-04
111855,LIJAD-1,S,2,2026-07-04
111856,PINT-BL,S,5,2026-07-04
111857,PINT-GR,S,1,2026-07-04
111858,PLIE-6P,S,1,2026-07-04
111859,ROND-M6,S,21,2026-07-04
111860,ROND-M8,S,16,2026-07-04
111861,SELL-TF,S,1,2026-07-04
111862,SIER-HK,S,1,2026-07-04
111863,TABL-1P,S,1,2026-07-04
111864,TOMA-SNC,S,11,2026-07-04
111865,TORN-M10,S,7,2026-07-04
111866,TORN-M4,S,5,2026-07-04
111867,TORN-M6,S,6,2026-07-04
111868,TORN-M8,S,19,2026-07-04
111869,TURC-M6,S,48,2026-07-04
111870,TURC-M8,S,32,2026-07-04
111871,BROD-4P,S,1,2026-07-06
111872,CLAV-2P,S,3,2026-07-06
111873,CODE-1P,S,12,2026-07-06
111874,FOCOS-L15,S,5,2026-07-06
111875,FOCOS-L9,S,1,2026-07-06
111876,MART-2A,S,3,2026-07-06
111877,PINT-BL,S,1,2026-07-06
111878,ROND-M6,S,18,2026-07-06
111879,ROND-M8,S,6,2026-07-06
111880,TABL-1P,S,1,2026-07-06
111881,TOMA-SNC,S,16,2026-07-06
111882,TORN-M10,S,6,2026-07-06
111883,TORN-M4,S,4,2026-07-06
111884,TORN-M6,S,6,2026-07-06
111885,TORN-M8,S,9,2026-07-06
111886,TUBO-1P,S,1,2026-07-06
111887,TURC-M6,S,100,2026-07-06
111888,TURC-M8,S,37,2026-07-06
111889,SIER-HK,E,16,2026-07-07
111890,CLAV-3P,S,4,2026-07-07
111891,DEST-PH2,S,1,2026-07-07
111892,FOCOS-L15,S,1,2026-07-07
111893,FOCOS-L9,S,3,2026-07-07
111894,LIJAD-1,S,1,2026-07-07
111895,MART-2A,S,1,2026-07-07
111896,NIVE-60,S,1,2026-07-07
111897,PINT-BG,S,1,2026-07-07
111898,PINT-BL,S,3,2026-07-07
111899,ROND-M6,S,38,2026-07-07
111900,ROND-M8,S,31,2026-07-07
111901,TOMA-SNC,S,26,2026-07-07
111902,TORN-M4,S,2,2026-07-07
111903,TORN-M6,S,6,2026-07-07
111904,TORN-M8,S,11,2026-07-07
111905,TUBO-1P,S,1,2026-07-07
111906,TURC-M6,S,56,2026-07-07
111907,TURC-M8,S,3,2026-07-07
111908,CODE-1P,S,4,2026-07-08
111909,CODE-2P,S,2,2026-07-08
111910,DEST-PH2,S,1,2026-07-08
111911,FOCOS-L15,S,2,2026-07-08
111912,FOCOS-L9,S,3,2026-07-08
111913,LIAV-10,S,1,2026-07-08
111914,LLAV-12,S,2,2026-07-08
111915,PINT-BL,S,2,2026-07-08
111916,ROND-M6,S,19,2026-07-08
111917,ROND-M8,S,20,2026-07-08
111918,TOMA-SNC,S,11,2026-07-08
111919,TORN-M10,S,8,2026-07-08
111920,TORN-M4,S,5,2026-07-08
111921,TORN-M6,S,1,2026-07-08
111922,TORN-M8,S,3,2026-07-08
111923,TURC-M6,S,9,2026-07-08
111924,TURC-M8,S,24,2026-07-08
111925,CLAV-3P,S,2,2026-07-09
111926,CODE-1P,S,3,2026-07-09
111927,CODE-2P,S,1,2026-07-09
111928,ESMA-BL,S,1,2026-07-09
111929,FOCOS-L15,S,1,2026-07-09
111930,FOCOS-L9,S,1,2026-07-09
111931,LIJAD-1,S,1,2026-07-09
111932,LLAV-12,S,3,2026-07-09
111933,PINT-BL,S,12,2026-07-09
111934,ROND-M6,S,42,2026-07-09
111935,ROND-M8,S,29,2026-07-09
111936,TOMA-SNC,S,20,2026-07-09
111937,TORN-M10,S,2,2026-07-09
111938,TORN-M4,S,4,2026-07-09
111939,TORN-M6,S,5,2026-07-09
111940,TORN-M8,S,8,2026-07-09
111941,TURC-M6,S,20,2026-07-09
111942,TURC-M8,S,55,2026-07-09
111943,CINT-5M,S,1,2026-07-10
111944,CLAV-3P,S,7,2026-07-10
111945,CODE-1P,S,2,2026-07-10
111946,ESMER-1,S,1,2026-07-10
111947,INTE-SNC,S,1,2026-07-10
111948,PINT-BL,S,2,2026-07-10
111949,PINT-GR,S,1,2026-07-10
111950,PLIE-6P,S,1,2026-07-10
111951,ROND-M6,S,34,2026-07-10
111952,ROND-M8,S,2,2026-07-10
111953,TOMA-SNC,S,29,2026-07-10
111954,TORN-M10,S,6,2026-07-10
111955,TORN-M4,S,2,2026-07-10
111956,TORN-M6,S,12,2026-07-10
111957,TORN-M8,S,10,2026-07-10
111958,TURC-M6,S,40,2026-07-10
111959,TURC-M8,S,1,2026-07-10
111960,TABL-1P,E,6,2026-07-11
111961,CLAV-3P,S,4,2026-07-11
111962,CODE-1P,S,4,2026-07-11
111963,DEST-PL6,S,1,2026-07-11
111964,FOCOS-L15,S,1,2026-07-11
111965,LIJAD-1,S,1,2026-07-11
111966,LLAV-12,S,1,2026-07-11
111967,MART-1A,S,1,2026-07-11
111968,MART-2A,S,3,2026-07-11
111969,PINT-BG,S,1,2026-07-11
111970,PINT-BL,S,19,2026-07-11
111971,ROND-M6,S,6,2026-07-11
111972,ROND-M8,S,6,2026-07-11
111973,TOMA-SNC,S,30,2026-07-11
111974,TORN-M10,S,26,2026-07-11
111975,TORN-M4,S,4,2026-07-11
111976,TORN-M6,S,2,2026-07-11
111977,TORN-M8,S,1,2026-07-11
111978,TURC-M6,S,40,2026-07-11
111979,TURC-M8,S,13,2026-07-11
111980,LIAV-10,E,16,2026-07-13
111981,BROD-4P,S,2,2026-07-13
111982,CLAV-2P,S,1,2026-07-13
111983,CLAV-3P,S,4,2026-07-13
111984,CODE-1P,S,12,2026-07-13
111985,CODE-2P,S,1,2026-07-13
111986,DEST-PL6,S,1,2026-07-13
111987,FOCOS-L9,S,1,2026-07-13
111988,LLAV-12,S,2,2026-07-13
111989,PINT-BG,S,1,2026-07-13
111990,PINT-BL,S,5,2026-07-13
111991,ROND-M6,S,15,2026-07-13
111992,ROND-M8,S,60,2026-07-13
111993,TOMA-SNC,S,13,2026-07-13
111994,TORN-M10,S,2,2026-07-13
111995,TORN-M4,S,11,2026-07-13
111996,TORN-M6,S,11,2026-07-13
111997,TORN-M8,S,7,2026-07-13
111998,TUBO-1P,S,1,2026-07-13
111999,TURC-M6,S,30,2026-07-13
112000,TURC-M8,S,32,2026-07-13
112001,BROD-2P,S,1,2026-07-14
112002,CLAV-2P,S,1,2026-07-14
112003,CODE-1P,S,10,2026-07-14
112004,ESMER-1,S,2,2026-07-14
112005,FOCOS-L15,S,2,2026-07-14
112006,FOCOS-L9,S,1,2026-07-14
112007,INTE-SNC,S,1,2026-07-14
112008,LIJAD-1,S,2,2026-07-14
112009,PINT-BG,S,2,2026-07-14
112010,PINT-BL,S,2,2026-07-14
112011,PINT-GR,S,1,2026-07-14
112012,ROND-M6,S,5,2026-07-14
112013,ROND-M8,S,19,2026-07-14
112014,TOMA-SNC,S,6,2026-07-14
112015,TORN-M4,S,2,2026-07-14
112016,TORN-M8,S,19,2026-07-14
112017,TURC-M6,S,83,2026-07-14
112018,TURC-M8,S,57,2026-07-14
112019,TURC-M6,E,2900,2026-07-15
112020,CLAV-2P,S,1,2026-07-15
112021,CLAV-3P,S,2,2026-07-15
112022,CODE-1P,S,14,2026-07-15
112023,FOCOS-L9,S,5,2026-07-15
112024,LIJAD-1,S,1,2026-07-15
112025,LLAV-12,S,2,2026-07-15
112026,PINT-BL,S,5,2026-07-15
112027,PLIE-6P,S,1,2026-07-15
112028,ROND-M6,S,29,2026-07-15
112029,ROND-M8,S,13,2026-07-15
112030,SELL-TF,S,1,2026-07-15
112031,SIER-HK,S,1,2026-07-15
112032,TOMA-SNC,S,14,2026-07-15
112033,TORN-M10,S,4,2026-07-15
112034,TORN-M4,S,3,2026-07-15
112035,TORN-M6,S,4,2026-07-15
112036,TORN-M8,S,4,2026-07-15
112037,TURC-M6,S,61,2026-07-15
112038,TURC-M8,S,14,2026-07-15
112039,CABL-12,S,9,2026-07-16
112040,CLAV-3P,S,9,2026-07-16
112041,CODE-1P,S,10,2026-07-16
112042,CODE-2P,S,1,2026-07-16
112043,DEST-PH2,S,2,2026-07-16
112044,DEST-PL6,S,2,2026-07-16
112045,FOCOS-L15,S,3,2026-07-16
112046,FOCOS-L9,S,3,2026-07-16
112047,LIJAD-1,S,1,2026-07-16
112048,LLAV-12,S,1,2026-07-16
112049,MART-2A,S,1,2026-07-16
112050,PINT-BL,S,1,2026-07-16
112051,ROND-M6,S,53,2026-07-16
112052,ROND-M8,S,4,2026-07-16
112053,SELL-TF,S,1,2026-07-16
112054,TOMA-SNC,S,18,2026-07-16
112055,TORN-M10,S,5,2026-07-16
112056,TORN-M4,S,8,2026-07-16
112057,TORN-M6,S,5,2026-07-16
112058,TORN-M8,S,13,2026-07-16
112059,TURC-M6,S,45,2026-07-16
112060,TURC-M8,S,5,2026-07-16
112061,BROD-4P,S,1,2026-07-17
112062,CLAV-3P,S,2,2026-07-17
112063,CODE-1P,S,6,2026-07-17
112064,FOCOS-L9,S,4,2026-07-17
112065,LIJAD-1,S,2,2026-07-17
112066,PINT-BG,S,1,2026-07-17
112067,PINT-BL,S,1,2026-07-17
112068,ROND-M6,S,50,2026-07-17
112069,ROND-M8,S,49,2026-07-17
112070,SIER-HK,S,1,2026-07-17
112071,TOMA-SNC,S,15,2026-07-17
112072,TORN-M10,S,10,2026-07-17
112073,TORN-M4,S,2,2026-07-17
112074,TORN-M6,S,5,2026-07-17
112075,TORN-M8,S,3,2026-07-17
112076,TUBO-1P,S,1,2026-07-17
112077,TURC-M6,S,32,2026-07-17
112078,TURC-M8,S,10,2026-07-17
112079,CINT-5M,S,1,2026-07-18
112080,CLAV-3P,S,7,2026-07-18
112081,CODE-1P,S,12,2026-07-18
112082,CODE-2P,S,1,2026-07-18
112083,DEST-PH2,S,1,2026-07-18
112084,FOCOS-L15,S,1,2026-07-18
112085,INTE-SNC,S,1,2026-07-18
112086,MART-2A,S,1,2026-07-18
112087,NIVE-60,S,1,2026-07-18
112088,PINT-BL,S,4,2026-07-18
112089,PINT-GR,S,1,2026-07-18
112090,PLIE-6P,S,1,2026-07-18
112091,ROND-M6,S,28,2026-07-18
112092,ROND-M8,S,9,2026-07-18
112093,TORN-M10,S,9,2026-07-18
112094,TORN-M4,S,3,2026-07-18
112095,TORN-M8,S,22,2026-07-18
112096,TUBO-1P,S,1,2026-07-18
112097,TURC-M6,S,26,2026-07-18
112098,TURC-M8,S,7,2026-07-18
112099,BROD-2P,E,40,2026-07-20
112100,PINT-BL,E,200,2026-07-20
112101,CABL-14,S,15,2026-07-20
112102,CLAV-2P,S,1,2026-07-20
112103,CLAV-3P,S,4,2026-07-20
112104,CODE-1P,S,1,2026-07-20
112105,CODE-2P,S,1,2026-07-20
112106,FOCOS-L15,S,2,2026-07-20
112107,FOCOS-L9,S,2,2026-07-20
112108,LIJAD-1,S,1,2026-07-20
112109,LLAV-12,S,2,2026-07-20
112110,MART-2A,S,1,2026-07-20
112111,PINT-BG,S,1,2026-07-20
112112,PINT-BL,S,1,2026-07-20
112113,PLIE-6P,S,1,2026-07-20
112114,ROND-M6,S,12,2026-07-20
112115,ROND-M8,S,4,2026-07-20
112116,SELL-TF,S,1,2026-07-20
112117,TOMA-SNC,S,17,2026-07-20
112118,TORN-M10,S,1,2026-07-20
112119,TORN-M4,S,2,2026-07-20
112120,TORN-M6,S,14,2026-07-20
112121,TORN-M8,S,1,2026-07-20
112122,TUBO-1P,S,1,2026-07-20
112123,TURC-M6,S,28,2026-07-20
112124,TURC-M8,S,27,2026-07-20
112125,BROD-4P,S,1,2026-07-21
112126,CLAV-3P,S,2,2026-07-21
112127,CODE-1P,S,1,2026-07-21
112128,FOCOS-L15,S,2,2026-07-21
112129,FOCOS-L9,S,3,2026-07-21
112130,LIJAD-1,S,2,2026-07-21
112131,PINT-BG,S,2,2026-07-21
112132,ROLLO-1,S,1,2026-07-21
112133,ROND-M6,S,14,2026-07-21
112134,ROND-M8,S,18,2026-07-21
112135,SELL-TF,S,1,2026-07-21
112136,TOMA-SNC,S,8,2026-07-21
112137,TORN-M10,S,8,2026-07-21
112138,TORN-M4,S,3,2026-07-21
112139,TORN-M6,S,4,2026-07-21
112140,TORN-M8,S,5,2026-07-21
112141,TURC-M6,S,40,2026-07-21
112142,TURC-M8,S,64,2026-07-21
112143,BROD-4P,S,1,2026-07-22
112144,CLAV-3P,S,4,2026-07-22
112145,CODE-1P,S,4,2026-07-22
112146,CODE-2P,S,4,2026-07-22
112147,FOCOS-L15,S,3,2026-07-22
112148,FOCOS-L9,S,2,2026-07-22
112149,LIJAD-1,S,1,2026-07-22
112150,PINT-BL,S,8,2026-07-22
112151,ROND-M6,S,59,2026-07-22
112152,ROND-M8,S,15,2026-07-22
112153,TOMA-SNC,S,5,2026-07-22
112154,TORN-M10,S,14,2026-07-22
112155,TORN-M4,S,9,2026-07-22
112156,TORN-M8,S,19,2026-07-22
112157,TURC-M6,S,74,2026-07-22
112158,TURC-M8,S,27,2026-07-22
112159,CABL-14,E,15,2026-07-23
112160,TOMA-SNC,E,490,2026-07-23
112161,BROD-4P,S,1,2026-07-23
112162,CODE-1P,S,3,2026-07-23
112163,FOCOS-L9,S,2,2026-07-23
112164,LIJAD-1,S,2,2026-07-23
112165,LLAV-12,S,1,2026-07-23
112166,MART-2A,S,2,2026-07-23
112167,NIVE-60,S,2,2026-07-23
112168,PINT-BG,S,1,2026-07-23
112169,PINT-BL,S,1,2026-07-23
112170,PLIE-6P,S,2,2026-07-23
112171,ROND-M6,S,24,2026-07-23
112172,ROND-M8,S,37,2026-07-23
112173,SELL-TF,S,1,2026-07-23
112174,TOMA-SNC,S,2,2026-07-23
112175,TORN-M10,S,7,2026-07-23
112176,TORN-M4,S,5,2026-07-23
112177,TORN-M6,S,2,2026-07-23
112178,TORN-M8,S,8,2026-07-23
112179,TURC-M6,S,20,2026-07-23
112180,TURC-M8,S,13,2026-07-23
112181,PLIE-6P,E,16,2026-07-24
112182,CODE-1P,S,7,2026-07-24
112183,FOCOS-L15,S,1,2026-07-24
112184,FOCOS-L9,S,1,2026-07-24
112185,LIJAD-1,S,1,2026-07-24
112186,LLAV-12,S,3,2026-07-24
112187,PINT-BL,S,5,2026-07-24
112188,PINT-GR,S,4,2026-07-24
112189,ROND-M6,S,24,2026-07-24
112190,ROND-M8,S,38,2026-07-24
112191,TOMA-SNC,S,5,2026-07-24
112192,TORN-M4,S,2,2026-07-24
112193,TORN-M6,S,3,2026-07-24
112194,TORN-M8,S,14,2026-07-24
112195,TUBO-1P,S,1,2026-07-24
112196,TURC-M6,S,44,2026-07-24
112197,TURC-M8,S,4,2026-07-24
112198,CLAV-2P,S,1,2026-07-25
112199,CLAV-3P,S,6,2026-07-25
112200,CODE-1P,S,19,2026-07-25
112201,ESMER-1,S,1,2026-07-25
112202,FOCOS-L9,S,3,2026-07-25
112203,PINT-BL,S,5,2026-07-25
112204,ROND-M6,S,36,2026-07-25
112205,ROND-M8,S,7,2026-07-25
112206,TOMA-SNC,S,11,2026-07-25
112207,TORN-M10,S,12,2026-07-25
112208,TORN-M4,S,3,2026-07-25
112209,TORN-M6,S,19,2026-07-25
112210,TORN-M8,S,6,2026-07-25
112211,TURC-M6,S,11,2026-07-25
112212,TURC-M8,S,18,2026-07-25
112213,TORN-M10,E,400,2026-07-27
112214,BROD-4P,S,2,2026-07-27
112215,CINT-5M,S,2,2026-07-27
112216,CLAV-2P,S,1,2026-07-27
112217,CLAV-3P,S,10,2026-07-27
112218,CODE-1P,S,11,2026-07-27
112219,CODE-2P,S,3,2026-07-27
112220,ESMER-1,S,1,2026-07-27
112221,LIJAD-1,S,2,2026-07-27
112222,ROND-M6,S,56,2026-07-27
112223,ROND-M8,S,27,2026-07-27
112224,SIER-C1,S,1,2026-07-27
112225,TOMA-SNC,S,13,2026-07-27
112226,TORN-M10,S,8,2026-07-27
112227,TORN-M4,S,5,2026-07-27
112228,TORN-M6,S,5,2026-07-27
112229,TORN-M8,S,44,2026-07-27
112230,TURC-M6,S,96,2026-07-27
112231,TURC-M8,S,29,2026-07-27
112232,CINT-5M,S,1,2026-07-28
112233,CODE-1P,S,13,2026-07-28
112234,CODE-2P,S,3,2026-07-28
112235,FOCOS-L15,S,1,2026-07-28
112236,FOCOS-L9,S,1,2026-07-28
112237,LIJAD-1,S,1,2026-07-28
112238,LLAV-12,S,3,2026-07-28
112239,MART-2A,S,2,2026-07-28
112240,PINT-BG,S,3,2026-07-28
112241,PINT-BL,S,2,2026-07-28
112242,PINT-GR,S,1,2026-07-28
112243,ROND-M6,S,22,2026-07-28
112244,ROND-M8,S,20,2026-07-28
112245,TABL-1P,S,1,2026-07-28
112246,TOMA-SNC,S,10,2026-07-28
112247,TORN-M10,S,12,2026-07-28
112248,TORN-M6,S,6,2026-07-28
112249,TORN-M8,S,4,2026-07-28
112250,TURC-M6,S,24,2026-07-28
112251,TURC-M8,S,10,2026-07-28
112252,CODE-1P,S,4,2026-07-29
112253,CODE-2P,S,1,2026-07-29
112254,LIAV-10,S,2,2026-07-29
112255,MART-2A,S,5,2026-07-29
112256,NIVE-60,S,1,2026-07-29
112257,PINT-BG,S,2,2026-07-29
112258,PINT-BL,S,1,2026-07-29
112259,ROND-M6,S,16,2026-07-29
112260,ROND-M8,S,40,2026-07-29
112261,TOMA-SNC,S,19,2026-07-29
112262,TORN-M10,S,9,2026-07-29
112263,TORN-M4,S,3,2026-07-29
112264,TORN-M6,S,3,2026-07-29
112265,TORN-M8,S,16,2026-07-29
112266,TURC-M6,S,6,2026-07-29
112267,TURC-M8,S,73,2026-07-29
112268,CODE-1P,E,300,2026-07-30
112269,CLAV-2P,S,1,2026-07-30
112270,CLAV-3P,S,2,2026-07-30
112271,CODE-1P,S,1,2026-07-30
112272,CODE-2P,S,2,2026-07-30
112273,FOCOS-L9,S,2,2026-07-30
112274,LIJAD-1,S,1,2026-07-30
112275,LLAV-12,S,1,2026-07-30
112276,PINT-BL,S,5,2026-07-30
112277,ROLLO-1,S,1,2026-07-30
112278,ROND-M6,S,8,2026-07-30
112279,ROND-M8,S,9,2026-07-30
112280,SELL-TF,S,1,2026-07-30
112281,TOMA-SNC,S,2,2026-07-30
112282,TORN-M10,S,4,2026-07-30
112283,TORN-M4,S,22,2026-07-30
112284,TORN-M6,S,3,2026-07-30
112285,TORN-M8,S,12,2026-07-30
112286,TUBO-2P,S,24,2026-07-30
112287,TURC-M6,S,12,2026-07-30
112288,TURC-M8,S,10,2026-07-30
112289,CLAV-3P,S,4,2026-07-31
112290,CODE-1P,S,7,2026-07-31
112291,CODE-2P,S,6,2026-07-31
112292,PINT-BL,S,2,2026-07-31
112293,ROND-M6,S,14,2026-07-31
112294,ROND-M8,S,37,2026-07-31
112295,SELL-TF,S,1,2026-07-31
112296,TOMA-SNC,S,6,2026-07-31
112297,TORN-M10,S,17,2026-07-31
112298,TORN-M4,S,7,2026-07-31
112299,TORN-M6,S,4,2026-07-31
112300,TORN-M8,S,18,2026-07-31
112301,TURC-M6,S,46,2026-07-31
112302,TURC-M8,S,49,2026-07-31
112303,CLAV-3P,S,1,2026-08-01
112304,CODE-1P,S,8,2026-08-01
112305,CODE-2P,S,6,2026-08-01
112306,FOCOS-L9,S,1,2026-08-01
112307,LIJAD-1,S,3,2026-08-01
112308,MART-1A,S,1,2026-08-01
112309,MART-2A,S,1,2026-08-01
112310,PINT-BG,S,1,2026-08-01
112311,PINT-BL,S,3,2026-08-01
112312,ROND-M6,S,60,2026-08-01
112313,ROND-M8,S,72,2026-08-01
112314,TOMA-SNC,S,9,2026-08-01
112315,TORN-M10,S,15,2026-08-01
112316,TORN-M4,S,2,2026-08-01
112317,TORN-M6,S,1,2026-08-01
112318,TORN-M8,S,1,2026-08-01
112319,TURC-M6,S,22,2026-08-01
112320,TURC-M8,S,34,2026-08-01
112321,ESMER-1,E,7,2026-08-03
112322,CLAV-2P,S,1,2026-08-03
112323,CLAV-3P,S,5,2026-08-03
112324,CODE-1P,S,22,2026-08-03
112325,CODE-2P,S,3,2026-08-03
112326,FOCOS-L15,S,3,2026-08-03
112327,FOCOS-L9,S,2,2026-08-03
112328,LLAV-12,S,1,2026-08-03
112329,PINT-BG,S,7,2026-08-03
112330,PLIE-6P,S,2,2026-08-03
112331,ROND-M6,S,16,2026-08-03
112332,ROND-M8,S,17,2026-08-03
112333,SIER-HK,S,1,2026-08-03
112334,TALDR-1,S,1,2026-08-03
112335,TOMA-SNC,S,1,2026-08-03
112336,TORN-M10,S,6,2026-08-03
112337,TORN-M4,S,12,2026-08-03
112338,TORN-M6,S,4,2026-08-03
112339,TORN-M8,S,16,2026-08-03
112340,TURC-M6,S,12,2026-08-03
112341,TURC-M8,S,28,2026-08-03
112342,CABL-12,S,11,2026-08-04
112343,CINT-5M,S,1,2026-08-04
112344,CODE-1P,S,5,2026-08-04
112345,FOCOS-L15,S,1,2026-08-04
112346,FOCOS-L9,S,4,2026-08-04
112347,INTE-SNC,S,1,2026-08-04
112348,LLAV-12,S,1,2026-08-04
112349,MART-1A,S,1,2026-08-04
112350,MART-2A,S,1,2026-08-04
112351,NIVE-60,S,1,2026-08-04
112352,PINT-BL,S,3,2026-08-04
112353,PINT-GR,S,1,2026-08-04
112354,ROND-M6,S,21,2026-08-04
112355,ROND-M8,S,27,2026-08-04
112356,SELL-TF,S,1,2026-08-04
112357,TOMA-SNC,S,5,2026-08-04
112358,TORN-M10,S,3,2026-08-04
112359,TORN-M4,S,3,2026-08-04
112360,TORN-M6,S,5,2026-08-04
112361,TORN-M8,S,14,2026-08-04
112362,TURC-M6,S,11,2026-08-04
112363,TURC-M8,S,45,2026-08-04
112364,CABL-14,S,13,2026-08-05
112365,CINT-5M,S,1,2026-08-05
112366,CLAV-2P,S,1,2026-08-05
112367,CLAV-3P,S,1,2026-08-05
112368,CODE-1P,S,6,2026-08-05
112369,CODE-2P,S,1,2026-08-05
112370,FOCOS-L15,S,5,2026-08-05
112371,INTE-SNC,S,1,2026-08-05
112372,LIJAD-1,S,1,2026-08-05
112373,LLAV-12,S,2,2026-08-05
112374,MART-2A,S,1,2026-08-05
112375,PINT-BL,S,5,2026-08-05
112376,ROND-M6,S,27,2026-08-05
112377,ROND-M8,S,31,2026-08-05
112378,SELL-TF,S,1,2026-08-05
112379,TOMA-SNC,S,10,2026-08-05
112380,TORN-M10,S,3,2026-08-05
112381,TORN-M4,S,1,2026-08-05
112382,TORN-M6,S,8,2026-08-05
112383,TORN-M8,S,4,2026-08-05
112384,TURC-M6,S,96,2026-08-05
112385,TURC-M8,S,5,2026-08-05
112386,LLAV-12,E,35,2026-08-06
112387,MART-2A,E,45,2026-08-06
112388,CINT-5M,S,2,2026-08-06
112389,CLAV-3P,S,1,2026-08-06
112390,CODE-1P,S,1,2026-08-06
112391,DEST-PL6,S,1,2026-08-06
112392,FOCOS-L9,S,2,2026-08-06
112393,LIJAD-1,S,1,2026-08-06
112394,LLAV-12,S,1,2026-08-06
112395,MART-1A,S,1,2026-08-06
112396,MART-2A,S,2,2026-08-06
112397,PINT-BG,S,2,2026-08-06
112398,PINT-BL,S,3,2026-08-06
112399,ROND-M6,S,2,2026-08-06
112400,ROND-M8,S,41,2026-08-06
112401,SELL-TF,S,1,2026-08-06
112402,TOMA-SNC,S,8,2026-08-06
112403,TORN-M10,S,12,2026-08-06
112404,TORN-M4,S,6,2026-08-06
112405,TORN-M6,S,4,2026-08-06
112406,TORN-M8,S,6,2026-08-06
112407,TURC-M6,S,76,2026-08-06
112408,TURC-M8,S,67,2026-08-06
112409,INTE-SNC,E,100,2026-08-07
112410,CINT-5M,S,1,2026-08-07
112411,CLAV-2P,S,2,2026-08-07
112412,CLAV-3P,S,2,2026-08-07
112413,CODE-1P,S,1,2026-08-07
112414,CODE-2P,S,2,2026-08-07
112415,FOCOS-L9,S,5,2026-08-07
112416,LIJAD-1,S,1,2026-08-07
112417,MART-2A,S,1,2026-08-07
112418,PINT-BG,S,2,2026-08-07
112419,PINT-BL,S,6,2026-08-07
112420,ROND-M6,S,7,2026-08-07
112421,ROND-M8,S,8,2026-08-07
112422,TOMA-DBL,S,1,2026-08-07
112423,TOMA-SNC,S,12,2026-08-07
112424,TORN-M10,S,8,2026-08-07
112425,TORN-M4,S,8,2026-08-07
112426,TORN-M6,S,2,2026-08-07
112427,TORN-M8,S,7,2026-08-07
112428,TURC-M8,S,18,2026-08-07
112429,CABL-12,S,8,2026-08-08
112430,CLAV-2P,S,1,2026-08-08
112431,CLAV-3P,S,3,2026-08-08
112432,CODE-1P,S,1,2026-08-08
112433,FOCOS-L15,S,1,2026-08-08
112434,FOCOS-L9,S,3,2026-08-08
112435,LIJAD-1,S,1,2026-08-08
112436,LLAV-1P,S,7,2026-08-08
112437,MART-2A,S,1,2026-08-08
112438,PINT-BL,S,2,2026-08-08
112439,ROND-M6,S,39,2026-08-08
112440,ROND-M8,S,32,2026-08-08
112441,TOMA-SNC,S,4,2026-08-08
112442,TORN-M10,S,7,2026-08-08
112443,TORN-M4,S,1,2026-08-08
112444,TORN-M6,S,2,2026-08-08
112445,TORN-M8,S,7,2026-08-08
112446,TURC-M6,S,17,2026-08-08
112447,TURC-M8,S,68,2026-08-08
112448,CLAV-3P,S,9,2026-08-10
112449,CODE-1P,S,8,2026-08-10
112450,FOCOS-L9,S,4,2026-08-10
112451,LIJAD-1,S,3,2026-08-10
112452,LLAV-12,S,1,2026-08-10
112453,PINT-BG,S,1,2026-08-10
112454,PINT-BL,S,3,2026-08-10
112455,PLIE-6P,S,2,2026-08-10
112456,ROND-M6,S,71,2026-08-10
112457,ROND-M8,S,5,2026-08-10
112458,TOMA-SNC,S,21,2026-08-10
112459,TORN-M10,S,4,2026-08-10
112460,TORN-M4,S,1,2026-08-10
112461,TORN-M6,S,3,2026-08-10
112462,TORN-M8,S,4,2026-08-10
112463,TUBO-2P,S,19,2026-08-10
112464,TURC-M6,S,46,2026-08-10
112465,TURC-M8,S,4,2026-08-10
112466,BROD-4P,S,1,2026-08-11
112467,CLAV-3P,S,2,2026-08-11
112468,CODE-1P,S,3,2026-08-11
112469,CODE-2P,S,2,2026-08-11
112470,FOCOS-L15,S,2,2026-08-11
112471,LIJAD-1,S,1,2026-08-11
112472,LLAV-12,S,2,2026-08-11
112473,PINT-BL,S,3,2026-08-11
112474,ROND-M6,S,21,2026-08-11
112475,ROND-M8,S,25,2026-08-11
112476,SELL-TF,S,1,2026-08-11
112477,TOMA-DBL,S,2,2026-08-11
112478,TOMA-SNC,S,3,2026-08-11
112479,TORN-M10,S,8,2026-08-11
112480,TORN-M4,S,4,2026-08-11
112481,TORN-M6,S,2,2026-08-11
112482,TORN-M8,S,3,2026-08-11
112483,TURC-M6,S,5,2026-08-11
112484,TURC-M8,S,38,2026-08-11
112485,FOCOS-L15,E,105,2026-08-12
112486,BROD-2P,S,1,2026-08-12
112487,CLAV-3P,S,1,2026-08-12
112488,CODE-1P,S,8,2026-08-12
112489,CODE-2P,S,5,2026-08-12
112490,ESMER-1,S,1,2026-08-12
112491,FOCOS-L15,S,1,2026-08-12
112492,FOCOS-L9,S,5,2026-08-12
112493,LIAV-10,S,1,2026-08-12
112494,PINT-BG,S,1,2026-08-12
112495,PINT-BL,S,1,2026-08-12
112496,ROND-M6,S,35,2026-08-12
112497,ROND-M8,S,9,2026-08-12
112498,SIER-HK,S,1,2026-08-12
112499,TOMA-DBL,S,1,2026-08-12
112500,TOMA-SNC,S,3,2026-08-12
112501,TORN-M10,S,12,2026-08-12
112502,TORN-M4,S,4,2026-08-12
112503,TORN-M6,S,2,2026-08-12
112504,TORN-M8,S,35,2026-08-12
112505,TUBO-1P,S,1,2026-08-12
112506,TURC-M6,S,43,2026-08-12
112507,TURC-M8,S,39,2026-08-12
112508,CINT-5M,S,1,2026-08-13
112509,CLAV-3P,S,2,2026-08-13
112510,CODE-1P,S,2,2026-08-13
112511,CODE-2P,S,2,2026-08-13
112512,DEST-PH2,S,1,2026-08-13
112513,FOCOS-L9,S,6,2026-08-13
112514,INTE-SNC,S,1,2026-08-13
112515,LIJAD-1,S,2,2026-08-13
112516,LLAV-12,S,1,2026-08-13
112517,PINT-BG,S,1,2026-08-13
112518,PINT-BL,S,5,2026-08-13
112519,ROND-M6,S,82,2026-08-13
112520,ROND-M8,S,29,2026-08-13
112521,TOMA-SNC,S,19,2026-08-13
112522,TORN-M10,S,5,2026-08-13
112523,TORN-M4,S,15,2026-08-13
112524,TORN-M8,S,2,2026-08-13
112525,TURC-M6,S,59,2026-08-13
112526,TURC-M8,S,35,2026-08-13
112527,CABL-14,E,13,2026-08-14
112528,CABL-12,S,6,2026-08-14
112529,CLAV-3P,S,1,2026-08-14
112530,CODE-1P,S,10,2026-08-14
112531,CODE-2P,S,2,2026-08-14
112532,FOCOS-L9,S,2,2026-08-14
112533,LIJAD-1,S,2,2026-08-14
112534,MART-1A,S,1,2026-08-14
112535,PINT-BG,S,2,2026-08-14
112536,PLIE-6P,S,1,2026-08-14
112537,ROLLO-1,S,2,2026-08-14
112538,ROND-M6,S,5,2026-08-14
112539,ROND-M8,S,9,2026-08-14
112540,SELL-TF,S,1,2026-08-14
112541,TABL-1P,S,1,2026-08-14
112542,TOMA-SNC,S,9,2026-08-14
112543,TORN-M10,S,5,2026-08-14
112544,TORN-M4,S,1,2026-08-14
112545,TORN-M6,S,3,2026-08-14
112546,TORN-M8,S,11,2026-08-14
112547,TURC-M6,S,102,2026-08-14
112548,TURC-M8,S,103,2026-08-14
112549,BROD-4P,S,2,2026-08-15
112550,CLAV-2P,S,2,2026-08-15
112551,CLAV-3P,S,1,2026-08-15
112552,CODE-1P,S,2,2026-08-15
112553,CODE-2P,S,2,2026-08-15
112554,ESMER-1,S,1,2026-08-15
112555,FOCOS-L15,S,3,2026-08-15
112556,FOCOS-L9,S,2,2026-08-15
112557,INTE-SNC,S,3,2026-08-15
112558,NIVE-60,S,2,2026-08-15
112559,PINT-BL,S,2,2026-08-15
112560,ROND-M6,S,31,2026-08-15
112561,ROND-M8,S,3,2026-08-15
112562,SELL-TF,S,2,2026-08-15
112563,TOMA-SNC,S,10,2026-08-15
112564,TORN-M10,S,5,2026-08-15
112565,TORN-M4,S,3,2026-08-15
112566,TORN-M6,S,9,2026-08-15
112567,TORN-M8,S,5,2026-08-15
112568,TUBO-1P,S,1,2026-08-15
112569,TURC-M6,S,12,2026-08-15
112570,TURC-M8,S,38,2026-08-15
112571,LIJAD-1,E,40,2026-08-17
112572,TUBO-2P,E,43,2026-08-17
112573,CLAV-3P,S,2,2026-08-17
112574,CODE-1P,S,1,2026-08-17
112575,INTE-SNC,S,1,2026-08-17
112576,LLAV-12,S,2,2026-08-17
112577,PINT-BL,S,5,2026-08-17
112578,ROND-M6,S,11,2026-08-17
112579,ROND-M8,S,23,2026-08-17
112580,SELL-TF,S,1,2026-08-17
112581,TOMA-DBL,S,2,2026-08-17
112582,TOMA-SNC,S,2,2026-08-17
112583,TORN-M10,S,9,2026-08-17
112584,TORN-M4,S,7,2026-08-17
112585,TORN-M6,S,25,2026-08-17
112586,TORN-M8,S,3,2026-08-17
112587,TURC-M6,S,23,2026-08-17
112588,TURC-M8,S,11,2026-08-17
112589,LLAV-1P,E,13,2026-08-18
112590,BROD-4P,S,1,2026-08-18
112591,CLAV-3P,S,6,2026-08-18
112592,CODE-2P,S,3,2026-08-18
112593,FOCOS-L15,S,2,2026-08-18
112594,FOCOS-L9,S,3,2026-08-18
112595,LIAV-10,S,1,2026-08-18
112596,LIJAD-1,S,1,2026-08-18
112597,LLAV-12,S,1,2026-08-18
112598,PINT-BG,S,3,2026-08-18
112599,PINT-BL,S,2,2026-08-18
112600,ROND-M6,S,8,2026-08-18
112601,ROND-M8,S,9,2026-08-18
112602,SIER-C1,S,1,2026-08-18
112603,TOMA-SNC,S,8,2026-08-18
112604,TORN-M10,S,2,2026-08-18
112605,TORN-M4,S,16,2026-08-18
112606,TORN-M6,S,3,2026-08-18
112607,TORN-M8,S,14,2026-08-18
112608,TUBO-1P,S,1,2026-08-18
112609,TURC-M6,S,63,2026-08-18
112610,TURC-M8,S,29,2026-08-18
112611,TURC-M8,E,1450,2026-08-19
112612,CINT-5M,S,2,2026-08-19
112613,CLAV-3P,S,1,2026-08-19
112614,CODE-1P,S,5,2026-08-19
112615,CODE-2P,S,4,2026-08-19
112616,FOCOS-L9,S,2,2026-08-19
112617,LLAV-12,S,1,2026-08-19
112618,PINT-BL,S,3,2026-08-19
112619,ROND-M6,S,1,2026-08-19
112620,ROND-M8,S,57,2026-08-19
112621,TABL-2P,S,6,2026-08-19
112622,TOMA-SNC,S,5,2026-08-19
112623,TORN-M10,S,3,2026-08-19
112624,TORN-M4,S,7,2026-08-19
112625,TORN-M6,S,3,2026-08-19
112626,TORN-M8,S,6,2026-08-19
112627,TURC-M6,S,138,2026-08-19
112628,TURC-M8,S,26,2026-08-19
112629,CABL-12,S,11,2026-08-20
112630,CODE-1P,S,5,2026-08-20
112631,FOCOS-L9,S,4,2026-08-20
112632,LIAV-10,S,2,2026-08-20
112633,LLAV-12,S,1,2026-08-20
112634,NIVE-60,S,1,2026-08-20
112635,PINT-BL,S,3,2026-08-20
112636,PINT-GR,S,1,2026-08-20
112637,ROND-M6,S,82,2026-08-20
112638,ROND-M8,S,30,2026-08-20
112639,TOMA-SNC,S,10,2026-08-20
112640,TORN-M10,S,9,2026-08-20
112641,TORN-M4,S,2,2026-08-20
112642,TORN-M6,S,3,2026-08-20
112643,TORN-M8,S,2,2026-08-20
112644,TUBO-1P,S,3,2026-08-20
112645,TURC-M6,S,58,2026-08-20
112646,TURC-M8,S,58,2026-08-20
112647,BROD-4P,E,30,2026-08-21
112648,TORN-M8,E,700,2026-08-21
112649,CABL-12,S,6,2026-08-21
112650,CLAV-3P,S,5,2026-08-21
112651,CODE-1P,S,5,2026-08-21
112652,CODE-2P,S,2,2026-08-21
112653,FOCOS-L15,S,1,2026-08-21
112654,FOCOS-L9,S,3,2026-08-21
112655,LLAV-12,S,2,2026-08-21
112656,NIVE-60,S,1,2026-08-21
112657,PINT-BL,S,8,2026-08-21
112658,PINT-GR,S,1,2026-08-21
112659,ROND-M6,S,20,2026-08-21
112660,ROND-M8,S,53,2026-08-21
112661,SELL-TF,S,3,2026-08-21
112662,TOMA-SNC,S,9,2026-08-21
112663,TORN-M10,S,5,2026-08-21
112664,TORN-M4,S,5,2026-08-21
112665,TORN-M6,S,2,2026-08-21
112666,TORN-M8,S,2,2026-08-21
112667,TUBO-1P,S,1,2026-08-21
112668,TURC-M6,S,42,2026-08-21
112669,TURC-M8,S,95,2026-08-21
112670,CLAV-2P,S,1,2026-08-22
112671,CLAV-3P,S,5,2026-08-22
112672,CODE-1P,S,11,2026-08-22
112673,CODE-2P,S,2,2026-08-22
112674,ESMER-1,S,1,2026-08-22
112675,FOCOS-L15,S,1,2026-08-22
112676,FOCOS-L9,S,4,2026-08-22
112677,LIJAD-1,S,1,2026-08-22
112678,NIVE-60,S,1,2026-08-22
112679,PINT-BL,S,4,2026-08-22
112680,ROND-M6,S,44,2026-08-22
112681,ROND-M8,S,4,2026-08-22
112682,SELL-TF,S,1,2026-08-22
112683,TOMA-SNC,S,3,2026-08-22
112684,TORN-M10,S,10,2026-08-22
112685,TORN-M4,S,13,2026-08-22
112686,TORN-M6,S,1,2026-08-22
112687,TORN-M8,S,29,2026-08-22
112688,TURC-M6,S,14,2026-08-22
112689,TURC-M8,S,18,2026-08-22
112690,CLAV-2P,S,1,2026-08-24
112691,CLAV-3P,S,2,2026-08-24
112692,CODE-1P,S,9,2026-08-24
112693,LIJAD-1,S,1,2026-08-24
112694,MART-2A,S,4,2026-08-24
112695,PINT-BL,S,9,2026-08-24
112696,ROND-M6,S,5,2026-08-24
112697,ROND-M8,S,33,2026-08-24
112698,SELL-TF,S,1,2026-08-24
112699,SIER-HK,S,1,2026-08-24
112700,TABL-1P,S,1,2026-08-24
112701,TOMA-SNC,S,3,2026-08-24
112702,TORN-M10,S,11,2026-08-24
112703,TORN-M4,S,6,2026-08-24
112704,TORN-M6,S,8,2026-08-24
112705,TORN-M8,S,15,2026-08-24
112706,TURC-M6,S,40,2026-08-24
112707,TURC-M8,S,59,2026-08-24
112708,CLAV-2P,S,1,2026-08-25
112709,CLAV-3P,S,4,2026-08-25
112710,CODE-1P,S,4,2026-08-25
112711,CODE-2P,S,3,2026-08-25
112712,DEST-PH2,S,1,2026-08-25
112713,FOCOS-L9,S,4,2026-08-25
112714,LIJAD-1,S,1,2026-08-25
112715,PINT-BL,S,8,2026-08-25
112716,ROND-M6,S,25,2026-08-25
112717,ROND-M8,S,14,2026-08-25
112718,TOMA-SNC,S,6,2026-08-25
112719,TORN-M10,S,3,2026-08-25
112720,TORN-M4,S,12,2026-08-25
112721,TORN-M6,S,6,2026-08-25
112722,TORN-M8,S,3,2026-08-25
112723,TURC-M6,S,25,2026-08-25
112724,TURC-M8,S,20,2026-08-25
112725,PINT-BG,E,38,2026-08-26
112726,CLAV-3P,S,2,2026-08-26
112727,CODE-1P,S,2,2026-08-26
112728,CODE-2P,S,2,2026-08-26
112729,DEST-PH2,S,1,2026-08-26
112730,FOCOS-L15,S,1,2026-08-26
112731,FOCOS-L9,S,2,2026-08-26
112732,LIJAD-1,S,3,2026-08-26
112733,MART-2A,S,2,2026-08-26
112734,PINT-BG,S,1,2026-08-26
112735,PINT-BL,S,7,2026-08-26
112736,PINT-GR,S,1,2026-08-26
112737,ROND-M6,S,17,2026-08-26
112738,ROND-M8,S,44,2026-08-26
112739,TOMA-SNC,S,13,2026-08-26
112740,TORN-M10,S,15,2026-08-26
112741,TORN-M4,S,4,2026-08-26
112742,TORN-M6,S,2,2026-08-26
112743,TORN-M8,S,1,2026-08-26
112744,TUBO-1P,S,1,2026-08-26
112745,TURC-M6,S,37,2026-08-26
112746,TURC-M8,S,42,2026-08-26
112747,CODE-1P,S,6,2026-08-27
112748,CODE-2P,S,1,2026-08-27
112749,DEST-PL6,S,1,2026-08-27
112750,FOCOS-L15,S,2,2026-08-27
112751,FOCOS-L9,S,4,2026-08-27
112752,INTE-SNC,S,1,2026-08-27
112753,LIJAD-1,S,1,2026-08-27
112754,PINT-BG,S,1,2026-08-27
112755,PINT-BL,S,11,2026-08-27
112756,ROND-M6,S,42,2026-08-27
112757,ROND-M8,S,25,2026-08-27
112758,TOMA-SNC,S,9,2026-08-27
112759,TORN-M4,S,5,2026-08-27
112760,TORN-M6,S,1,2026-08-27
112761,TORN-M8,S,12,2026-08-27
112762,TUBO-1P,S,1,2026-08-27
112763,TURC-M6,S,79,2026-08-27
112764,TURC-M8,S,12,2026-08-27
112765,CABL-12,E,57,2026-08-28
112766,CLAV-3P,S,5,2026-08-28
112767,CODE-1P,S,2,2026-08-28
112768,CODE-2P,S,2,2026-08-28
112769,ESMER-1,S,1,2026-08-28
112770,FOCOS-L15,S,3,2026-08-28
112771,LIJAD-1,S,1,2026-08-28
112772,LLAV-12,S,2,2026-08-28
112773,MART-2A,S,1,2026-08-28
112774,PINT-BL,S,1,2026-08-28
112775,ROND-M6,S,2,2026-08-28
112776,ROND-M8,S,18,2026-08-28
112777,TABL-2P,S,6,2026-08-28
112778,TOMA-SNC,S,23,2026-08-28
112779,TORN-M10,S,1,2026-08-28
112780,TORN-M4,S,12,2026-08-28
112781,TORN-M6,S,4,2026-08-28
112782,TORN-M8,S,1,2026-08-28
112783,TURC-M6,S,68,2026-08-28
112784,TURC-M8,S,14,2026-08-28
112785,CLAV-3P,E,145,2026-08-29
112786,CLAV-2P,S,1,2026-08-29
112787,CODE-1P,S,4,2026-08-29
112788,CODE-2P,S,3,2026-08-29
112789,DEST-PL6,S,1,2026-08-29
112790,LIJAD-1,S,1,2026-08-29
112791,LLAV-12,S,1,2026-08-29
112792,MART-2A,S,1,2026-08-29
112793,NIVE-60,S,1,2026-08-29
112794,PINT-BL,S,7,2026-08-29
112795,ROND-M6,S,49,2026-08-29
112796,ROND-M8,S,23,2026-08-29
112797,SELL-TF,S,1,2026-08-29
112798,TOMA-SNC,S,16,2026-08-29
112799,TORN-M10,S,27,2026-08-29
112800,TORN-M4,S,1,2026-08-29
112801,TORN-M6,S,2,2026-08-29
112802,TORN-M8,S,5,2026-08-29
112803,TURC-M6,S,136,2026-08-29
112804,TURC-M8,S,30,2026-08-29
112805,CODE-2P,E,125,2026-08-31
112806,BROD-2P,S,1,2026-08-31
112807,CLAV-3P,S,5,2026-08-31
112808,CODE-1P,S,1,2026-08-31
112809,FOCOS-L15,S,2,2026-08-31
112810,LLAV-12,S,1,2026-08-31
112811,PINT-BL,S,8,2026-08-31
112812,PINT-GR,S,1,2026-08-31
112813,ROND-M6,S,44,2026-08-31
112814,ROND-M8,S,9,2026-08-31
112815,TOMA-DBL,S,1,2026-08-31
112816,TOMA-SNC,S,4,2026-08-31
112817,TORN-M10,S,15,2026-08-31
112818,TORN-M4,S,5,2026-08-31
112819,TORN-M6,S,5,2026-08-31
112820,TORN-M8,S,6,2026-08-31
112821,TURC-M6,S,114,2026-08-31
112822,TURC-M8,S,82,2026-08-31
